timestamp,demand_mw
2025-09-07 22:00:00+00:00,39402.49
2025-09-07 23:00:00+00:00,37976.01
2025-09-08 00:00:00+00:00,37087.47
2025-09-08 01:00:00+00:00,37294.8
2025-09-08 02:00:00+00:00,38487.55
2025-09-08 03:00:00+00:00,42916.7
2025-09-08 04:00:00+00:00,51175.59
2025-09-08 05:00:00+00:00,55194.92
2025-09-08 06:00:00+00:00,58612.92
2025-09-08 07:00:00+00:00,60018.07
2025-09-08 08:00:00+00:00,60708.12
2025-09-08 09:00:00+00:00,60141.64
2025-09-08 10:00:00+00:00,59436.62
2025-09-08 11:00:00+00:00,58239.44
2025-09-08 12:00:00+00:00,57583.32
2025-09-08 13:00:00+00:00,57082.39
2025-09-08 14:00:00+00:00,56776.02
2025-09-08 15:00:00+00:00,57060.79
2025-09-08 16:00:00+00:00,56846.1
2025-09-08 17:00:00+00:00,56196.46
2025-09-08 18:00:00+00:00,55296.99
2025-09-08 19:00:00+00:00,52455.68
2025-09-08 20:00:00+00:00,48324.7
2025-09-08 21:00:00+00:00,45130.77
2025-09-08 22:00:00+00:00,42875.52
2025-09-08 23:00:00+00:00,41069.84
2025-09-09 00:00:00+00:00,40190.1
2025-09-09 01:00:00+00:00,40354.2
2025-09-09 02:00:00+00:00,41333.72
2025-09-09 03:00:00+00:00,44726.23
2025-09-09 04:00:00+00:00,52223.96
2025-09-09 05:00:00+00:00,56466.06
2025-09-09 06:00:00+00:00,59500.43
2025-09-09 07:00:00+00:00,61194.81
2025-09-09 08:00:00+00:00,61324.28
2025-09-09 09:00:00+00:00,62189.54
2025-09-09 10:00:00+00:00,61442.14
2025-09-09 11:00:00+00:00,60051.1
2025-09-09 12:00:00+00:00,59013.12
2025-09-09 13:00:00+00:00,59049.92
2025-09-09 14:00:00+00:00,58139.06
2025-09-09 15:00:00+00:00,58270.42
2025-09-09 16:00:00+00:00,58166.91
2025-09-09 17:00:00+00:00,57802.9
2025-09-09 18:00:00+00:00,57322.5
2025-09-09 19:00:00+00:00,53760.8
2025-09-09 20:00:00+00:00,49376.53
2025-09-09 21:00:00+00:00,46173.12
2025-09-09 22:00:00+00:00,43932.34
2025-09-09 23:00:00+00:00,42488.09
2025-09-10 00:00:00+00:00,41359.64
2025-09-10 01:00:00+00:00,40985.07
2025-09-10 02:00:00+00:00,42040.27
2025-09-10 03:00:00+00:00,45359.27
2025-09-10 04:00:00+00:00,52659.07
2025-09-10 05:00:00+00:00,57032.47
2025-09-10 06:00:00+00:00,59899.79
2025-09-10 07:00:00+00:00,60718.57
2025-09-10 08:00:00+00:00,61891.42
2025-09-10 09:00:00+00:00,62398.98
2025-09-10 10:00:00+00:00,61885.0
2025-09-10 11:00:00+00:00,60404.64
2025-09-10 12:00:00+00:00,58895.06
2025-09-10 13:00:00+00:00,57799.3
2025-09-10 14:00:00+00:00,56674.0
2025-09-10 15:00:00+00:00,57368.43
2025-09-10 16:00:00+00:00,57919.83
2025-09-10 17:00:00+00:00,57640.68
2025-09-10 18:00:00+00:00,57020.78
2025-09-10 19:00:00+00:00,52897.36
2025-09-10 20:00:00+00:00,49092.71
2025-09-10 21:00:00+00:00,44654.93
2025-09-10 22:00:00+00:00,42373.88
2025-09-10 23:00:00+00:00,41064.56
2025-09-11 00:00:00+00:00,40037.92
2025-09-11 01:00:00+00:00,40106.67
2025-09-11 02:00:00+00:00,41431.22
2025-09-11 03:00:00+00:00,45582.08
2025-09-11 04:00:00+00:00,53346.61
2025-09-11 05:00:00+00:00,57503.91
2025-09-11 06:00:00+00:00,59790.31
2025-09-11 07:00:00+00:00,60641.4
2025-09-11 08:00:00+00:00,60890.65
2025-09-11 09:00:00+00:00,61191.21
2025-09-11 10:00:00+00:00,60149.92
2025-09-11 11:00:00+00:00,58719.01
2025-09-11 12:00:00+00:00,57169.54
2025-09-11 13:00:00+00:00,55535.52
2025-09-11 14:00:00+00:00,55171.28
2025-09-11 15:00:00+00:00,56569.82
2025-09-11 16:00:00+00:00,56867.47
2025-09-11 17:00:00+00:00,57501.43
2025-09-11 18:00:00+00:00,56682.38
2025-09-11 19:00:00+00:00,52956.1
2025-09-11 20:00:00+00:00,48909.37
2025-09-11 21:00:00+00:00,46799.4
2025-09-11 22:00:00+00:00,44235.57
2025-09-11 23:00:00+00:00,42180.86
2025-09-12 00:00:00+00:00,41198.38
2025-09-12 01:00:00+00:00,41867.65
2025-09-12 02:00:00+00:00,42533.78
2025-09-12 03:00:00+00:00,45838.76
2025-09-12 04:00:00+00:00,53048.62
2025-09-12 05:00:00+00:00,57145.79
2025-09-12 06:00:00+00:00,59865.83
2025-09-12 07:00:00+00:00,60414.64
2025-09-12 08:00:00+00:00,60908.44
2025-09-12 09:00:00+00:00,61216.48
2025-09-12 10:00:00+00:00,59630.99
2025-09-12 11:00:00+00:00,56563.82
2025-09-12 12:00:00+00:00,55081.28
2025-09-12 13:00:00+00:00,53588.73
2025-09-12 14:00:00+00:00,53035.35
2025-09-12 15:00:00+00:00,54537.9
2025-09-12 16:00:00+00:00,55382.89
2025-09-12 17:00:00+00:00,55428.52
2025-09-12 18:00:00+00:00,54220.93
2025-09-12 19:00:00+00:00,50377.43
2025-09-12 20:00:00+00:00,47207.64
2025-09-12 21:00:00+00:00,44345.34
2025-09-12 22:00:00+00:00,40816.6
2025-09-12 23:00:00+00:00,38942.87
2025-09-13 00:00:00+00:00,38438.11
2025-09-13 01:00:00+00:00,38245.7
2025-09-13 02:00:00+00:00,37772.93
2025-09-13 03:00:00+00:00,38505.8
2025-09-13 04:00:00+00:00,40634.62
2025-09-13 05:00:00+00:00,42637.86
2025-09-13 06:00:00+00:00,45782.44
2025-09-13 07:00:00+00:00,48812.11
2025-09-13 08:00:00+00:00,50419.61
2025-09-13 09:00:00+00:00,50838.24
2025-09-13 10:00:00+00:00,49611.24
2025-09-13 11:00:00+00:00,47557.75
2025-09-13 12:00:00+00:00,45955.59
2025-09-13 13:00:00+00:00,45460.07
2025-09-13 14:00:00+00:00,45640.49
2025-09-13 15:00:00+00:00,46914.75
2025-09-13 16:00:00+00:00,48677.05
2025-09-13 17:00:00+00:00,47896.01
2025-09-13 18:00:00+00:00,47410.72
2025-09-13 19:00:00+00:00,44442.13
2025-09-13 20:00:00+00:00,42187.17
2025-09-13 21:00:00+00:00,40041.42
2025-09-13 22:00:00+00:00,37458.74
2025-09-13 23:00:00+00:00,35730.07
2025-09-14 00:00:00+00:00,34851.9
2025-09-14 01:00:00+00:00,34411.53
2025-09-14 02:00:00+00:00,34085.71
2025-09-14 03:00:00+00:00,34905.19
2025-09-14 04:00:00+00:00,35839.81
2025-09-14 05:00:00+00:00,37712.42
2025-09-14 06:00:00+00:00,40673.58
2025-09-14 07:00:00+00:00,43243.21
2025-09-14 08:00:00+00:00,45256.47
2025-09-14 09:00:00+00:00,46399.54
2025-09-14 10:00:00+00:00,45465.29
2025-09-14 11:00:00+00:00,43328.73
2025-09-14 12:00:00+00:00,41643.29
2025-09-14 13:00:00+00:00,40838.07
2025-09-14 14:00:00+00:00,41259.16
2025-09-14 15:00:00+00:00,43520.83
2025-09-14 16:00:00+00:00,45860.9
2025-09-14 17:00:00+00:00,47137.35
2025-09-14 18:00:00+00:00,46846.01
2025-09-14 19:00:00+00:00,44741.59
2025-09-14 20:00:00+00:00,42698.72
2025-09-14 21:00:00+00:00,40843.17
2025-09-14 22:00:00+00:00,39507.91
2025-09-14 23:00:00+00:00,38392.68
2025-09-15 00:00:00+00:00,38115.09
2025-09-15 01:00:00+00:00,38140.01
2025-09-15 02:00:00+00:00,39503.28
2025-09-15 03:00:00+00:00,44249.24
2025-09-15 04:00:00+00:00,53632.57
2025-09-15 05:00:00+00:00,58732.46
2025-09-15 06:00:00+00:00,61652.98
2025-09-15 07:00:00+00:00,61837.43
2025-09-15 08:00:00+00:00,61880.55
2025-09-15 09:00:00+00:00,61485.85
2025-09-15 10:00:00+00:00,60041.6
2025-09-15 11:00:00+00:00,58056.82
2025-09-15 12:00:00+00:00,56034.2
2025-09-15 13:00:00+00:00,55245.86
2025-09-15 14:00:00+00:00,55200.03
2025-09-15 15:00:00+00:00,57093.68
2025-09-15 16:00:00+00:00,58850.67
2025-09-15 17:00:00+00:00,59265.05
2025-09-15 18:00:00+00:00,58607.59
2025-09-15 19:00:00+00:00,54894.62
2025-09-15 20:00:00+00:00,51211.86
2025-09-15 21:00:00+00:00,47798.97
2025-09-15 22:00:00+00:00,45316.34
2025-09-15 23:00:00+00:00,43198.32
2025-09-16 00:00:00+00:00,42057.12
2025-09-16 01:00:00+00:00,42483.02
2025-09-16 02:00:00+00:00,43748.38
2025-09-16 03:00:00+00:00,48386.1
2025-09-16 04:00:00+00:00,56376.95
2025-09-16 05:00:00+00:00,60302.9
2025-09-16 06:00:00+00:00,63131.46
2025-09-16 07:00:00+00:00,63617.24
2025-09-16 08:00:00+00:00,63691.75
2025-09-16 09:00:00+00:00,62662.31
2025-09-16 10:00:00+00:00,60476.72
2025-09-16 11:00:00+00:00,59326.38
2025-09-16 12:00:00+00:00,57521.3
2025-09-16 13:00:00+00:00,56393.52
2025-09-16 14:00:00+00:00,57111.02
2025-09-16 15:00:00+00:00,59469.89
2025-09-16 16:00:00+00:00,59550.07
2025-09-16 17:00:00+00:00,60650.08
2025-09-16 18:00:00+00:00,57793.94
2025-09-16 19:00:00+00:00,50916.21
2025-09-16 20:00:00+00:00,47028.8
2025-09-16 21:00:00+00:00,43946.69
2025-09-16 22:00:00+00:00,42521.75
2025-09-16 23:00:00+00:00,42764.73
2025-09-17 00:00:00+00:00,42357.36
2025-09-17 01:00:00+00:00,42278.64
2025-09-17 02:00:00+00:00,43223.61
2025-09-17 03:00:00+00:00,46604.42
2025-09-17 04:00:00+00:00,55047.26
2025-09-17 05:00:00+00:00,59556.65
2025-09-17 06:00:00+00:00,61258.74
2025-09-17 07:00:00+00:00,62336.01
2025-09-17 08:00:00+00:00,61874.34
2025-09-17 09:00:00+00:00,61463.56
2025-09-17 10:00:00+00:00,59762.06
2025-09-17 11:00:00+00:00,58494.14
2025-09-17 12:00:00+00:00,56975.24
2025-09-17 13:00:00+00:00,56703.83
2025-09-17 14:00:00+00:00,57209.9
2025-09-17 15:00:00+00:00,59264.01
2025-09-17 16:00:00+00:00,59927.24
2025-09-17 17:00:00+00:00,59605.25
2025-09-17 18:00:00+00:00,59269.19
2025-09-17 19:00:00+00:00,55058.95
2025-09-17 20:00:00+00:00,50534.66
2025-09-17 21:00:00+00:00,47009.06
2025-09-17 22:00:00+00:00,44106.32
2025-09-17 23:00:00+00:00,42436.92
2025-09-18 00:00:00+00:00,41334.46
2025-09-18 01:00:00+00:00,41650.4
2025-09-18 02:00:00+00:00,43080.99
2025-09-18 03:00:00+00:00,47335.67
2025-09-18 04:00:00+00:00,55185.61
2025-09-18 05:00:00+00:00,59549.37
2025-09-18 06:00:00+00:00,61709.17
2025-09-18 07:00:00+00:00,61911.44
2025-09-18 08:00:00+00:00,61906.33
2025-09-18 09:00:00+00:00,61421.69
2025-09-18 10:00:00+00:00,60690.08
2025-09-18 11:00:00+00:00,58868.71
2025-09-18 12:00:00+00:00,57519.19
2025-09-18 13:00:00+00:00,56404.63
2025-09-18 14:00:00+00:00,56668.73
2025-09-18 15:00:00+00:00,58152.72
2025-09-18 16:00:00+00:00,59202.53
2025-09-18 17:00:00+00:00,60257.96
2025-09-18 18:00:00+00:00,58854.34
2025-09-18 19:00:00+00:00,55281.91
2025-09-18 20:00:00+00:00,51030.71
2025-09-18 21:00:00+00:00,47811.76
2025-09-18 22:00:00+00:00,44922.92
2025-09-18 23:00:00+00:00,43254.43
2025-09-19 00:00:00+00:00,42222.81
2025-09-19 01:00:00+00:00,42129.17
2025-09-19 02:00:00+00:00,43126.59
2025-09-19 03:00:00+00:00,47196.03
2025-09-19 04:00:00+00:00,55040.37
2025-09-19 05:00:00+00:00,59232.82
2025-09-19 06:00:00+00:00,61789.45
2025-09-19 07:00:00+00:00,62139.53
2025-09-19 08:00:00+00:00,61590.17
2025-09-19 09:00:00+00:00,60465.14
2025-09-19 10:00:00+00:00,58919.8
2025-09-19 11:00:00+00:00,56723.36
2025-09-19 12:00:00+00:00,55132.54
2025-09-19 13:00:00+00:00,54096.44
2025-09-19 14:00:00+00:00,53706.3
2025-09-19 15:00:00+00:00,54740.26
2025-09-19 16:00:00+00:00,55365.46
2025-09-19 17:00:00+00:00,55588.01
2025-09-19 18:00:00+00:00,53933.01
2025-09-19 19:00:00+00:00,50535.44
2025-09-19 20:00:00+00:00,46930.17
2025-09-19 21:00:00+00:00,44032.01
2025-09-19 22:00:00+00:00,41168.71
2025-09-19 23:00:00+00:00,39767.46
2025-09-20 00:00:00+00:00,38806.66
2025-09-20 01:00:00+00:00,37762.82
2025-09-20 02:00:00+00:00,37422.78
2025-09-20 03:00:00+00:00,38046.06
2025-09-20 04:00:00+00:00,40003.48
2025-09-20 05:00:00+00:00,42120.28
2025-09-20 06:00:00+00:00,46056.99
2025-09-20 07:00:00+00:00,49000.1
2025-09-20 08:00:00+00:00,49972.01
2025-09-20 09:00:00+00:00,49374.62
2025-09-20 10:00:00+00:00,47664.5
2025-09-20 11:00:00+00:00,45755.46
2025-09-20 12:00:00+00:00,44448.86
2025-09-20 13:00:00+00:00,44644.98
2025-09-20 14:00:00+00:00,45804.12
2025-09-20 15:00:00+00:00,47727.43
2025-09-20 16:00:00+00:00,49127.36
2025-09-20 17:00:00+00:00,49964.11
2025-09-20 18:00:00+00:00,48082.8
2025-09-20 19:00:00+00:00,44951.69
2025-09-20 20:00:00+00:00,42817.32
2025-09-20 21:00:00+00:00,39804.06
2025-09-20 22:00:00+00:00,37370.7
2025-09-20 23:00:00+00:00,36101.05
2025-09-21 00:00:00+00:00,35454.46
2025-09-21 01:00:00+00:00,35021.37
2025-09-21 02:00:00+00:00,35110.41
2025-09-21 03:00:00+00:00,35816.75
2025-09-21 04:00:00+00:00,37719.82
2025-09-21 05:00:00+00:00,39652.81
2025-09-21 06:00:00+00:00,42532.36
2025-09-21 07:00:00+00:00,45721.24
2025-09-21 08:00:00+00:00,47417.39
2025-09-21 09:00:00+00:00,48435.28
2025-09-21 10:00:00+00:00,47372.9
2025-09-21 11:00:00+00:00,46623.27
2025-09-21 12:00:00+00:00,45637.95
2025-09-21 13:00:00+00:00,45466.24
2025-09-21 14:00:00+00:00,46252.37
2025-09-21 15:00:00+00:00,48335.1
2025-09-21 16:00:00+00:00,50346.77
2025-09-21 17:00:00+00:00,50832.06
2025-09-21 18:00:00+00:00,49956.01
2025-09-21 19:00:00+00:00,47228.18
2025-09-21 20:00:00+00:00,44776.35
2025-09-21 21:00:00+00:00,41617.21
2025-09-21 22:00:00+00:00,39640.48
2025-09-21 23:00:00+00:00,38550.13
2025-09-22 00:00:00+00:00,37595.99
2025-09-22 01:00:00+00:00,38039.28
2025-09-22 02:00:00+00:00,39785.8
2025-09-22 03:00:00+00:00,43739.54
2025-09-22 04:00:00+00:00,52081.09
2025-09-22 05:00:00+00:00,57280.95
2025-09-22 06:00:00+00:00,60436.59
2025-09-22 07:00:00+00:00,61641.4
2025-09-22 08:00:00+00:00,62632.44
2025-09-22 09:00:00+00:00,63224.19
2025-09-22 10:00:00+00:00,62936.41
2025-09-22 11:00:00+00:00,61193.17
2025-09-22 12:00:00+00:00,59260.42
2025-09-22 13:00:00+00:00,58807.51
2025-09-22 14:00:00+00:00,58010.68
2025-09-22 15:00:00+00:00,58989.5
2025-09-22 16:00:00+00:00,59011.89
2025-09-22 17:00:00+00:00,58942.74
2025-09-22 18:00:00+00:00,57255.75
2025-09-22 19:00:00+00:00,53333.46
2025-09-22 20:00:00+00:00,49503.01
2025-09-22 21:00:00+00:00,45645.5
2025-09-22 22:00:00+00:00,43225.86
2025-09-22 23:00:00+00:00,41378.56
2025-09-23 00:00:00+00:00,40452.02
2025-09-23 01:00:00+00:00,40596.92
2025-09-23 02:00:00+00:00,41515.38
2025-09-23 03:00:00+00:00,45266.15
2025-09-23 04:00:00+00:00,53121.52
2025-09-23 05:00:00+00:00,57862.65
2025-09-23 06:00:00+00:00,60737.4
2025-09-23 07:00:00+00:00,61192.83
2025-09-23 08:00:00+00:00,61270.23
2025-09-23 09:00:00+00:00,61204.41
2025-09-23 10:00:00+00:00,59382.73
2025-09-23 11:00:00+00:00,58548.75
2025-09-23 12:00:00+00:00,57044.06
2025-09-23 13:00:00+00:00,56243.34
2025-09-23 14:00:00+00:00,56649.05
2025-09-23 15:00:00+00:00,57733.18
2025-09-23 16:00:00+00:00,58742.32
2025-09-23 17:00:00+00:00,59507.52
2025-09-23 18:00:00+00:00,57484.27
2025-09-23 19:00:00+00:00,53508.25
2025-09-23 20:00:00+00:00,49336.77
2025-09-23 21:00:00+00:00,45672.32
2025-09-23 22:00:00+00:00,42659.05
2025-09-23 23:00:00+00:00,41200.67
2025-09-24 00:00:00+00:00,39986.33
2025-09-24 01:00:00+00:00,40080.3
2025-09-24 02:00:00+00:00,41523.38
2025-09-24 03:00:00+00:00,45548.32
2025-09-24 04:00:00+00:00,53312.69
2025-09-24 05:00:00+00:00,58777.63
2025-09-24 06:00:00+00:00,61613.34
2025-09-24 07:00:00+00:00,62264.62
2025-09-24 08:00:00+00:00,62470.94
2025-09-24 09:00:00+00:00,62278.93
2025-09-24 10:00:00+00:00,61763.62
2025-09-24 11:00:00+00:00,60216.15
2025-09-24 12:00:00+00:00,59360.95
2025-09-24 13:00:00+00:00,59408.78
2025-09-24 14:00:00+00:00,59015.2
2025-09-24 15:00:00+00:00,60145.43
2025-09-24 16:00:00+00:00,61336.62
2025-09-24 17:00:00+00:00,61953.72
2025-09-24 18:00:00+00:00,60063.26
2025-09-24 19:00:00+00:00,56253.64
2025-09-24 20:00:00+00:00,51887.06
2025-09-24 21:00:00+00:00,48099.55
2025-09-24 22:00:00+00:00,45660.96
2025-09-24 23:00:00+00:00,43881.39
2025-09-25 00:00:00+00:00,42946.24
2025-09-25 01:00:00+00:00,42973.88
2025-09-25 02:00:00+00:00,44776.18
2025-09-25 03:00:00+00:00,48271.31
2025-09-25 04:00:00+00:00,56357.97
2025-09-25 05:00:00+00:00,61805.04
2025-09-25 06:00:00+00:00,64229.69
2025-09-25 07:00:00+00:00,64510.82
2025-09-25 08:00:00+00:00,65015.96
2025-09-25 09:00:00+00:00,64736.09
2025-09-25 10:00:00+00:00,64211.15
2025-09-25 11:00:00+00:00,63684.49
2025-09-25 12:00:00+00:00,62228.72
2025-09-25 13:00:00+00:00,61351.15
2025-09-25 14:00:00+00:00,61673.3
2025-09-25 15:00:00+00:00,62335.51
2025-09-25 16:00:00+00:00,62545.42
2025-09-25 17:00:00+00:00,63525.8
2025-09-25 18:00:00+00:00,60741.77
2025-09-25 19:00:00+00:00,57270.42
2025-09-25 20:00:00+00:00,53418.56
2025-09-25 21:00:00+00:00,49609.15
2025-09-25 22:00:00+00:00,46267.99
2025-09-25 23:00:00+00:00,44193.72
2025-09-26 00:00:00+00:00,43207.97
2025-09-26 01:00:00+00:00,43269.98
2025-09-26 02:00:00+00:00,44328.29
2025-09-26 03:00:00+00:00,48255.29
2025-09-26 04:00:00+00:00,56503.98
2025-09-26 05:00:00+00:00,61241.67
2025-09-26 06:00:00+00:00,63900.88
2025-09-26 07:00:00+00:00,64954.36
2025-09-26 08:00:00+00:00,65918.76
2025-09-26 09:00:00+00:00,65972.03
2025-09-26 10:00:00+00:00,64467.03
2025-09-26 11:00:00+00:00,63220.07
2025-09-26 12:00:00+00:00,60496.02
2025-09-26 13:00:00+00:00,60661.9
2025-09-26 14:00:00+00:00,59951.5
2025-09-26 15:00:00+00:00,59825.97
2025-09-26 16:00:00+00:00,60292.32
2025-09-26 17:00:00+00:00,61229.58
2025-09-26 18:00:00+00:00,58543.49
2025-09-26 19:00:00+00:00,54918.62
2025-09-26 20:00:00+00:00,50893.78
2025-09-26 21:00:00+00:00,46901.83
2025-09-26 22:00:00+00:00,43602.45
2025-09-26 23:00:00+00:00,41592.19
2025-09-27 00:00:00+00:00,40139.05
2025-09-27 01:00:00+00:00,40025.95
2025-09-27 02:00:00+00:00,39779.79
2025-09-27 03:00:00+00:00,40400.96
2025-09-27 04:00:00+00:00,42834.07
2025-09-27 05:00:00+00:00,45175.85
2025-09-27 06:00:00+00:00,48446.38
2025-09-27 07:00:00+00:00,49692.55
2025-09-27 08:00:00+00:00,51295.92
2025-09-27 09:00:00+00:00,51929.84
2025-09-27 10:00:00+00:00,50891.55
2025-09-27 11:00:00+00:00,49053.47
2025-09-27 12:00:00+00:00,47736.77
2025-09-27 13:00:00+00:00,48195.38
2025-09-27 14:00:00+00:00,48674.76
2025-09-27 15:00:00+00:00,50093.68
2025-09-27 16:00:00+00:00,51545.16
2025-09-27 17:00:00+00:00,52861.01
2025-09-27 18:00:00+00:00,50407.02
2025-09-27 19:00:00+00:00,47245.01
2025-09-27 20:00:00+00:00,44805.99
2025-09-27 21:00:00+00:00,41973.01
2025-09-27 22:00:00+00:00,39348.85
2025-09-27 23:00:00+00:00,37247.83
2025-09-28 00:00:00+00:00,35765.31
2025-09-28 01:00:00+00:00,35185.0
2025-09-28 02:00:00+00:00,35427.22
2025-09-28 03:00:00+00:00,36019.17
2025-09-28 04:00:00+00:00,37306.45
2025-09-28 05:00:00+00:00,39135.77
2025-09-28 06:00:00+00:00,42411.64
2025-09-28 07:00:00+00:00,45276.19
2025-09-28 08:00:00+00:00,46736.36
2025-09-28 09:00:00+00:00,48567.52
2025-09-28 10:00:00+00:00,47830.19
2025-09-28 11:00:00+00:00,45367.49
2025-09-28 12:00:00+00:00,43955.04
2025-09-28 13:00:00+00:00,43258.7
2025-09-28 14:00:00+00:00,43364.23
2025-09-28 15:00:00+00:00,45756.52
2025-09-28 16:00:00+00:00,48607.14
2025-09-28 17:00:00+00:00,50594.46
2025-09-28 18:00:00+00:00,49922.95
2025-09-28 19:00:00+00:00,47502.05
2025-09-28 20:00:00+00:00,45606.74
2025-09-28 21:00:00+00:00,42795.35
2025-09-28 22:00:00+00:00,40316.52
2025-09-28 23:00:00+00:00,39082.0
2025-09-29 00:00:00+00:00,38404.11
2025-09-29 01:00:00+00:00,38640.01
2025-09-29 02:00:00+00:00,40121.78
2025-09-29 03:00:00+00:00,44368.54
2025-09-29 04:00:00+00:00,52905.61
2025-09-29 05:00:00+00:00,58042.19
2025-09-29 06:00:00+00:00,61267.11
2025-09-29 07:00:00+00:00,62066.17
2025-09-29 08:00:00+00:00,62453.32
2025-09-29 09:00:00+00:00,62158.08
2025-09-29 10:00:00+00:00,61298.68
2025-09-29 11:00:00+00:00,58677.75
2025-09-29 12:00:00+00:00,56911.81
2025-09-29 13:00:00+00:00,56571.71
2025-09-29 14:00:00+00:00,56338.6
2025-09-29 15:00:00+00:00,57965.51
2025-09-29 16:00:00+00:00,59505.54
2025-09-29 17:00:00+00:00,60777.52
2025-09-29 18:00:00+00:00,58168.44
2025-09-29 19:00:00+00:00,54136.99
2025-09-29 20:00:00+00:00,49984.32
2025-09-29 21:00:00+00:00,46900.37
2025-09-29 22:00:00+00:00,44029.49
2025-09-29 23:00:00+00:00,42293.28
2025-09-30 00:00:00+00:00,41279.55
2025-09-30 01:00:00+00:00,41454.48
2025-09-30 02:00:00+00:00,42979.93
2025-09-30 03:00:00+00:00,46667.55
2025-09-30 04:00:00+00:00,54646.49
2025-09-30 05:00:00+00:00,59298.2
2025-09-30 06:00:00+00:00,61600.54
2025-09-30 07:00:00+00:00,62320.19
2025-09-30 08:00:00+00:00,63143.73
2025-09-30 09:00:00+00:00,63067.43
2025-09-30 10:00:00+00:00,61837.92
2025-09-30 11:00:00+00:00,59694.34
2025-09-30 12:00:00+00:00,58404.14
2025-09-30 13:00:00+00:00,56751.14
2025-09-30 14:00:00+00:00,56694.87
2025-09-30 15:00:00+00:00,57939.39
2025-09-30 16:00:00+00:00,58840.16
2025-09-30 17:00:00+00:00,60012.02
2025-09-30 18:00:00+00:00,57964.43
2025-09-30 19:00:00+00:00,54575.08
2025-09-30 20:00:00+00:00,50255.31
2025-09-30 21:00:00+00:00,46713.49
2025-09-30 22:00:00+00:00,44101.92
2025-09-30 23:00:00+00:00,41957.48
2025-10-01 00:00:00+00:00,40952.55
2025-10-01 01:00:00+00:00,41232.99
2025-10-01 02:00:00+00:00,42681.41
2025-10-01 03:00:00+00:00,47048.43
2025-10-01 04:00:00+00:00,55036.08
2025-10-01 05:00:00+00:00,59669.62
2025-10-01 06:00:00+00:00,61741.19
2025-10-01 07:00:00+00:00,62430.11
2025-10-01 08:00:00+00:00,61603.97
2025-10-01 09:00:00+00:00,60273.36
2025-10-01 10:00:00+00:00,58873.57
2025-10-01 11:00:00+00:00,57025.05
2025-10-01 12:00:00+00:00,55008.79
2025-10-01 13:00:00+00:00,54937.42
2025-10-01 14:00:00+00:00,56048.54
2025-10-01 15:00:00+00:00,57063.71
2025-10-01 16:00:00+00:00,59026.89
2025-10-01 17:00:00+00:00,60243.49
2025-10-01 18:00:00+00:00,57982.67
2025-10-01 19:00:00+00:00,54491.19
2025-10-01 20:00:00+00:00,50718.3
2025-10-01 21:00:00+00:00,47169.67
2025-10-01 22:00:00+00:00,44758.53
2025-10-01 23:00:00+00:00,43041.81
2025-10-02 00:00:00+00:00,42421.6
2025-10-02 01:00:00+00:00,42734.86
2025-10-02 02:00:00+00:00,44040.45
2025-10-02 03:00:00+00:00,47928.47
2025-10-02 04:00:00+00:00,55426.77
2025-10-02 05:00:00+00:00,60300.12
2025-10-02 06:00:00+00:00,62338.43
2025-10-02 07:00:00+00:00,62499.1
2025-10-02 08:00:00+00:00,61327.52
2025-10-02 09:00:00+00:00,60699.65
2025-10-02 10:00:00+00:00,57796.86
2025-10-02 11:00:00+00:00,55791.74
2025-10-02 12:00:00+00:00,54679.18
2025-10-02 13:00:00+00:00,54502.0
2025-10-02 14:00:00+00:00,54415.06
2025-10-02 15:00:00+00:00,55712.07
2025-10-02 16:00:00+00:00,57212.26
2025-10-02 17:00:00+00:00,58617.25
2025-10-02 18:00:00+00:00,55823.53
2025-10-02 19:00:00+00:00,52644.0
2025-10-02 20:00:00+00:00,48938.24
2025-10-02 21:00:00+00:00,45169.3
2025-10-02 22:00:00+00:00,42505.19
2025-10-02 23:00:00+00:00,41205.31
2025-10-03 00:00:00+00:00,40142.25
2025-10-03 01:00:00+00:00,39553.92
2025-10-03 02:00:00+00:00,39799.51
2025-10-03 03:00:00+00:00,40433.37
2025-10-03 04:00:00+00:00,41265.58
2025-10-03 05:00:00+00:00,42360.52
2025-10-03 06:00:00+00:00,44713.76
2025-10-03 07:00:00+00:00,47780.1
2025-10-03 08:00:00+00:00,49162.4
2025-10-03 09:00:00+00:00,50223.96
2025-10-03 10:00:00+00:00,49723.88
2025-10-03 11:00:00+00:00,47895.21
2025-10-03 12:00:00+00:00,45830.49
2025-10-03 13:00:00+00:00,45477.69
2025-10-03 14:00:00+00:00,46028.21
2025-10-03 15:00:00+00:00,47577.28
2025-10-03 16:00:00+00:00,50153.7
2025-10-03 17:00:00+00:00,52633.2
2025-10-03 18:00:00+00:00,51007.77
2025-10-03 19:00:00+00:00,48918.53
2025-10-03 20:00:00+00:00,47319.71
2025-10-03 21:00:00+00:00,44629.3
2025-10-03 22:00:00+00:00,42409.29
2025-10-03 23:00:00+00:00,40448.52
2025-10-04 00:00:00+00:00,39450.53
2025-10-04 01:00:00+00:00,39746.71
2025-10-04 02:00:00+00:00,40871.51
2025-10-04 03:00:00+00:00,42112.1
2025-10-04 04:00:00+00:00,44606.53
2025-10-04 05:00:00+00:00,47137.35
2025-10-04 06:00:00+00:00,50049.42
2025-10-04 07:00:00+00:00,52763.01
2025-10-04 08:00:00+00:00,54876.52
2025-10-04 09:00:00+00:00,55772.81
2025-10-04 10:00:00+00:00,54584.78
2025-10-04 11:00:00+00:00,52469.82
2025-10-04 12:00:00+00:00,51540.85
2025-10-04 13:00:00+00:00,51531.5
2025-10-04 14:00:00+00:00,51672.87
2025-10-04 15:00:00+00:00,53038.74
2025-10-04 16:00:00+00:00,54961.78
2025-10-04 17:00:00+00:00,55504.7
2025-10-04 18:00:00+00:00,52535.86
2025-10-04 19:00:00+00:00,49652.47
2025-10-04 20:00:00+00:00,47242.04
2025-10-04 21:00:00+00:00,44428.05
2025-10-04 22:00:00+00:00,42033.96
2025-10-04 23:00:00+00:00,40428.37
2025-10-05 00:00:00+00:00,39539.32
2025-10-05 01:00:00+00:00,39074.82
2025-10-05 02:00:00+00:00,39554.56
2025-10-05 03:00:00+00:00,39857.14
2025-10-05 04:00:00+00:00,41154.41
2025-10-05 05:00:00+00:00,42674.13
2025-10-05 06:00:00+00:00,45155.31
2025-10-05 07:00:00+00:00,48202.64
2025-10-05 08:00:00+00:00,50714.54
2025-10-05 09:00:00+00:00,53359.48
2025-10-05 10:00:00+00:00,52691.81
2025-10-05 11:00:00+00:00,50977.93
2025-10-05 12:00:00+00:00,49348.23
2025-10-05 13:00:00+00:00,48032.3
2025-10-05 14:00:00+00:00,48329.05
2025-10-05 15:00:00+00:00,51373.77
2025-10-05 16:00:00+00:00,54208.32
2025-10-05 17:00:00+00:00,54593.61
2025-10-05 18:00:00+00:00,52204.23
2025-10-05 19:00:00+00:00,49992.42
2025-10-05 20:00:00+00:00,49324.54
2025-10-05 21:00:00+00:00,47105.35
2025-10-05 22:00:00+00:00,43618.31
2025-10-05 23:00:00+00:00,42599.39
2025-10-06 00:00:00+00:00,42019.03
2025-10-06 01:00:00+00:00,42257.43
2025-10-06 02:00:00+00:00,43890.74
2025-10-06 03:00:00+00:00,48155.7
2025-10-06 04:00:00+00:00,56885.49
2025-10-06 05:00:00+00:00,62848.68
2025-10-06 06:00:00+00:00,65281.48
2025-10-06 07:00:00+00:00,66015.28
2025-10-06 08:00:00+00:00,66064.42
2025-10-06 09:00:00+00:00,66370.45
2025-10-06 10:00:00+00:00,65987.3
2025-10-06 11:00:00+00:00,66022.58
2025-10-06 12:00:00+00:00,64154.03
2025-10-06 13:00:00+00:00,62997.16
2025-10-06 14:00:00+00:00,61788.01
2025-10-06 15:00:00+00:00,61704.83
2025-10-06 16:00:00+00:00,62093.44
2025-10-06 17:00:00+00:00,62623.93
2025-10-06 18:00:00+00:00,59291.65
2025-10-06 19:00:00+00:00,55389.28
2025-10-06 20:00:00+00:00,51676.26
2025-10-06 21:00:00+00:00,47752.47
2025-10-06 22:00:00+00:00,44701.57
2025-10-06 23:00:00+00:00,42987.2
2025-10-07 00:00:00+00:00,42176.38
2025-10-07 01:00:00+00:00,42100.63
2025-10-07 02:00:00+00:00,43712.04
2025-10-07 03:00:00+00:00,47309.55
2025-10-07 04:00:00+00:00,55082.67
2025-10-07 05:00:00+00:00,60215.04
2025-10-07 06:00:00+00:00,62539.48
2025-10-07 07:00:00+00:00,63057.21
2025-10-07 08:00:00+00:00,63858.64
2025-10-07 09:00:00+00:00,64686.1
2025-10-07 10:00:00+00:00,63381.13
2025-10-07 11:00:00+00:00,62709.62
2025-10-07 12:00:00+00:00,60749.21
2025-10-07 13:00:00+00:00,60119.16
2025-10-07 14:00:00+00:00,59534.25
2025-10-07 15:00:00+00:00,60653.45
2025-10-07 16:00:00+00:00,61868.86
2025-10-07 17:00:00+00:00,62677.8
2025-10-07 18:00:00+00:00,59637.62
2025-10-07 19:00:00+00:00,55734.38
2025-10-07 20:00:00+00:00,52258.81
2025-10-07 21:00:00+00:00,48595.36
2025-10-07 22:00:00+00:00,45482.55
2025-10-07 23:00:00+00:00,43796.4
2025-10-08 00:00:00+00:00,42941.28
2025-10-08 01:00:00+00:00,42977.49
2025-10-08 02:00:00+00:00,44280.93
2025-10-08 03:00:00+00:00,48436.86
2025-10-08 04:00:00+00:00,56208.94
2025-10-08 05:00:00+00:00,61249.92
2025-10-08 06:00:00+00:00,63491.47
2025-10-08 07:00:00+00:00,63461.57
2025-10-08 08:00:00+00:00,63567.06
2025-10-08 09:00:00+00:00,63536.64
2025-10-08 10:00:00+00:00,62758.18
2025-10-08 11:00:00+00:00,61623.61
2025-10-08 12:00:00+00:00,60071.97
2025-10-08 13:00:00+00:00,59116.17
2025-10-08 14:00:00+00:00,58359.14
2025-10-08 15:00:00+00:00,59555.09
2025-10-08 16:00:00+00:00,61153.95
2025-10-08 17:00:00+00:00,61501.03
2025-10-08 18:00:00+00:00,58241.51
2025-10-08 19:00:00+00:00,54605.96
2025-10-08 20:00:00+00:00,50943.11
2025-10-08 21:00:00+00:00,47270.83
2025-10-08 22:00:00+00:00,44363.92
2025-10-08 23:00:00+00:00,42385.77
2025-10-09 00:00:00+00:00,41666.6
2025-10-09 01:00:00+00:00,42006.51
2025-10-09 02:00:00+00:00,43847.32
2025-10-09 03:00:00+00:00,47773.34
2025-10-09 04:00:00+00:00,55716.26
2025-10-09 05:00:00+00:00,61145.9
2025-10-09 06:00:00+00:00,63479.04
2025-10-09 07:00:00+00:00,63922.03
2025-10-09 08:00:00+00:00,65022.35
2025-10-09 09:00:00+00:00,65367.42
2025-10-09 10:00:00+00:00,64465.09
2025-10-09 11:00:00+00:00,63807.8
2025-10-09 12:00:00+00:00,62159.26
2025-10-09 13:00:00+00:00,61305.08
2025-10-09 14:00:00+00:00,60878.63
2025-10-09 15:00:00+00:00,62347.68
2025-10-09 16:00:00+00:00,64247.69
2025-10-09 17:00:00+00:00,64850.35
2025-10-09 18:00:00+00:00,61768.16
2025-10-09 19:00:00+00:00,58278.42
2025-10-09 20:00:00+00:00,53933.22
2025-10-09 21:00:00+00:00,50339.97
2025-10-09 22:00:00+00:00,47425.7
2025-10-09 23:00:00+00:00,45719.61
2025-10-10 00:00:00+00:00,44651.54
2025-10-10 01:00:00+00:00,44983.29
2025-10-10 02:00:00+00:00,46336.42
2025-10-10 03:00:00+00:00,49742.0
2025-10-10 04:00:00+00:00,58274.67
2025-10-10 05:00:00+00:00,63640.05
2025-10-10 06:00:00+00:00,66247.04
2025-10-10 07:00:00+00:00,66554.33
2025-10-10 08:00:00+00:00,66540.35
2025-10-10 09:00:00+00:00,66533.62
2025-10-10 10:00:00+00:00,65278.93
2025-10-10 11:00:00+00:00,64057.12
2025-10-10 12:00:00+00:00,62187.9
2025-10-10 13:00:00+00:00,61310.37
2025-10-10 14:00:00+00:00,60946.86
2025-10-10 15:00:00+00:00,61644.28
2025-10-10 16:00:00+00:00,62654.54
2025-10-10 17:00:00+00:00,62813.28
2025-10-10 18:00:00+00:00,59853.4
2025-10-10 19:00:00+00:00,56092.56
2025-10-10 20:00:00+00:00,52392.19
2025-10-10 21:00:00+00:00,48724.92
2025-10-10 22:00:00+00:00,45481.28
2025-10-10 23:00:00+00:00,43860.87
2025-10-11 00:00:00+00:00,42406.24
2025-10-11 01:00:00+00:00,42539.58
2025-10-11 02:00:00+00:00,42903.01
2025-10-11 03:00:00+00:00,43611.63
2025-10-11 04:00:00+00:00,45614.88
2025-10-11 05:00:00+00:00,48359.38
2025-10-11 06:00:00+00:00,50600.53
2025-10-11 07:00:00+00:00,53280.81
2025-10-11 08:00:00+00:00,54221.59
2025-10-11 09:00:00+00:00,54699.67
2025-10-11 10:00:00+00:00,54512.87
2025-10-11 11:00:00+00:00,52768.37
2025-10-11 12:00:00+00:00,51409.58
2025-10-11 13:00:00+00:00,50761.68
2025-10-11 14:00:00+00:00,50659.95
2025-10-11 15:00:00+00:00,52520.8
2025-10-11 16:00:00+00:00,54386.44
2025-10-11 17:00:00+00:00,54424.7
2025-10-11 18:00:00+00:00,51437.18
2025-10-11 19:00:00+00:00,49008.57
2025-10-11 20:00:00+00:00,46790.53
2025-10-11 21:00:00+00:00,43794.38
2025-10-11 22:00:00+00:00,41073.93
2025-10-11 23:00:00+00:00,39206.68
2025-10-12 00:00:00+00:00,38220.14
2025-10-12 01:00:00+00:00,37766.66
2025-10-12 02:00:00+00:00,38130.21
2025-10-12 03:00:00+00:00,38628.06
2025-10-12 04:00:00+00:00,39761.9
2025-10-12 05:00:00+00:00,41793.58
2025-10-12 06:00:00+00:00,44266.68
2025-10-12 07:00:00+00:00,47111.73
2025-10-12 08:00:00+00:00,48460.19
2025-10-12 09:00:00+00:00,50220.99
2025-10-12 10:00:00+00:00,50404.19
2025-10-12 11:00:00+00:00,48664.15
2025-10-12 12:00:00+00:00,46895.58
2025-10-12 13:00:00+00:00,45925.51
2025-10-12 14:00:00+00:00,46379.86
2025-10-12 15:00:00+00:00,49186.77
2025-10-12 16:00:00+00:00,51959.17
2025-10-12 17:00:00+00:00,52485.61
2025-10-12 18:00:00+00:00,49970.99
2025-10-12 19:00:00+00:00,47882.99
2025-10-12 20:00:00+00:00,46219.32
2025-10-12 21:00:00+00:00,43716.55
2025-10-12 22:00:00+00:00,40883.38
2025-10-12 23:00:00+00:00,39092.12
2025-10-13 00:00:00+00:00,38480.2
2025-10-13 01:00:00+00:00,38939.92
2025-10-13 02:00:00+00:00,41032.48
2025-10-13 03:00:00+00:00,45279.06
2025-10-13 04:00:00+00:00,53467.94
2025-10-13 05:00:00+00:00,59319.26
2025-10-13 06:00:00+00:00,62052.36
2025-10-13 07:00:00+00:00,62835.12
2025-10-13 08:00:00+00:00,63696.32
2025-10-13 09:00:00+00:00,64451.05
2025-10-13 10:00:00+00:00,63852.24
2025-10-13 11:00:00+00:00,62409.44
2025-10-13 12:00:00+00:00,60959.37
2025-10-13 13:00:00+00:00,59783.24
2025-10-13 14:00:00+00:00,59165.91
2025-10-13 15:00:00+00:00,59879.93
2025-10-13 16:00:00+00:00,61401.08
2025-10-13 17:00:00+00:00,61859.69
2025-10-13 18:00:00+00:00,58714.23
2025-10-13 19:00:00+00:00,55141.92
2025-10-13 20:00:00+00:00,51696.96
2025-10-13 21:00:00+00:00,48281.29
2025-10-13 22:00:00+00:00,45871.92
2025-10-13 23:00:00+00:00,44159.34
2025-10-14 00:00:00+00:00,43563.09
2025-10-14 01:00:00+00:00,43740.87
2025-10-14 02:00:00+00:00,45388.91
2025-10-14 03:00:00+00:00,48981.65
2025-10-14 04:00:00+00:00,56176.72
2025-10-14 05:00:00+00:00,61101.5
2025-10-14 06:00:00+00:00,63304.0
2025-10-14 07:00:00+00:00,63239.27
2025-10-14 08:00:00+00:00,63651.04
2025-10-14 09:00:00+00:00,63877.58
2025-10-14 10:00:00+00:00,63129.43
2025-10-14 11:00:00+00:00,61393.73
2025-10-14 12:00:00+00:00,59371.84
2025-10-14 13:00:00+00:00,58432.29
2025-10-14 14:00:00+00:00,58042.62
2025-10-14 15:00:00+00:00,59232.99
2025-10-14 16:00:00+00:00,60854.03
2025-10-14 17:00:00+00:00,61303.79
2025-10-14 18:00:00+00:00,58504.88
2025-10-14 19:00:00+00:00,54989.17
2025-10-14 20:00:00+00:00,51290.68
2025-10-14 21:00:00+00:00,47656.42
2025-10-14 22:00:00+00:00,45160.76
2025-10-14 23:00:00+00:00,43481.9
2025-10-15 00:00:00+00:00,42827.62
2025-10-15 01:00:00+00:00,43279.68
2025-10-15 02:00:00+00:00,44595.32
2025-10-15 03:00:00+00:00,48163.22
2025-10-15 04:00:00+00:00,55542.7
2025-10-15 05:00:00+00:00,60767.59
2025-10-15 06:00:00+00:00,63206.75
2025-10-15 07:00:00+00:00,63725.02
2025-10-15 08:00:00+00:00,64467.37
2025-10-15 09:00:00+00:00,65083.51
2025-10-15 10:00:00+00:00,64000.9
2025-10-15 11:00:00+00:00,62519.91
2025-10-15 12:00:00+00:00,61062.72
2025-10-15 13:00:00+00:00,60475.61
2025-10-15 14:00:00+00:00,60278.2
2025-10-15 15:00:00+00:00,61571.96
2025-10-15 16:00:00+00:00,63010.28
2025-10-15 17:00:00+00:00,63354.95
2025-10-15 18:00:00+00:00,60395.36
2025-10-15 19:00:00+00:00,57340.55
2025-10-15 20:00:00+00:00,53425.95
2025-10-15 21:00:00+00:00,50156.48
2025-10-15 22:00:00+00:00,47069.42
2025-10-15 23:00:00+00:00,45657.56
2025-10-16 00:00:00+00:00,44127.91
2025-10-16 01:00:00+00:00,44154.58
2025-10-16 02:00:00+00:00,45658.26
2025-10-16 03:00:00+00:00,49954.73
2025-10-16 04:00:00+00:00,57337.57
2025-10-16 05:00:00+00:00,62649.05
2025-10-16 06:00:00+00:00,64757.95
2025-10-16 07:00:00+00:00,65148.58
2025-10-16 08:00:00+00:00,65446.73
2025-10-16 09:00:00+00:00,65361.6
2025-10-16 10:00:00+00:00,64558.63
2025-10-16 11:00:00+00:00,63943.69
2025-10-16 12:00:00+00:00,62368.14
2025-10-16 13:00:00+00:00,61845.55
2025-10-16 14:00:00+00:00,60757.12
2025-10-16 15:00:00+00:00,61863.52
2025-10-16 16:00:00+00:00,63410.62
2025-10-16 17:00:00+00:00,63581.2
2025-10-16 18:00:00+00:00,60973.1
2025-10-16 19:00:00+00:00,57527.75
2025-10-16 20:00:00+00:00,53911.16
2025-10-16 21:00:00+00:00,50416.95
2025-10-16 22:00:00+00:00,47710.42
2025-10-16 23:00:00+00:00,45781.82
2025-10-17 00:00:00+00:00,44615.5
2025-10-17 01:00:00+00:00,44408.11
2025-10-17 02:00:00+00:00,45357.72
2025-10-17 03:00:00+00:00,48985.91
2025-10-17 04:00:00+00:00,56411.3
2025-10-17 05:00:00+00:00,61820.03
2025-10-17 06:00:00+00:00,64197.21
2025-10-17 07:00:00+00:00,64216.6
2025-10-17 08:00:00+00:00,64973.52
2025-10-17 09:00:00+00:00,65444.68
2025-10-17 10:00:00+00:00,64452.05
2025-10-17 11:00:00+00:00,62516.83
2025-10-17 12:00:00+00:00,61125.17
2025-10-17 13:00:00+00:00,60248.75
2025-10-17 14:00:00+00:00,60320.69
2025-10-17 15:00:00+00:00,61040.65
2025-10-17 16:00:00+00:00,62228.2
2025-10-17 17:00:00+00:00,62127.7
2025-10-17 18:00:00+00:00,59662.38
2025-10-17 19:00:00+00:00,56682.85
2025-10-17 20:00:00+00:00,52741.65
2025-10-17 21:00:00+00:00,49096.03
2025-10-17 22:00:00+00:00,46005.94
2025-10-17 23:00:00+00:00,43853.9
2025-10-18 00:00:00+00:00,42368.34
2025-10-18 01:00:00+00:00,42191.02
2025-10-18 02:00:00+00:00,42778.5
2025-10-18 03:00:00+00:00,43556.59
2025-10-18 04:00:00+00:00,45822.81
2025-10-18 05:00:00+00:00,48549.03
2025-10-18 06:00:00+00:00,51369.8
2025-10-18 07:00:00+00:00,53222.96
2025-10-18 08:00:00+00:00,54038.46
2025-10-18 09:00:00+00:00,54288.03
2025-10-18 10:00:00+00:00,53075.82
2025-10-18 11:00:00+00:00,50297.21
2025-10-18 12:00:00+00:00,48551.89
2025-10-18 13:00:00+00:00,47355.84
2025-10-18 14:00:00+00:00,48181.43
2025-10-18 15:00:00+00:00,50055.05
2025-10-18 16:00:00+00:00,52632.62
2025-10-18 17:00:00+00:00,52623.09
2025-10-18 18:00:00+00:00,49675.94
2025-10-18 19:00:00+00:00,47426.04
2025-10-18 20:00:00+00:00,45264.88
2025-10-18 21:00:00+00:00,42697.49
2025-10-18 22:00:00+00:00,40378.81
2025-10-18 23:00:00+00:00,38724.08
2025-10-19 00:00:00+00:00,38007.03
2025-10-19 01:00:00+00:00,37665.69
2025-10-19 02:00:00+00:00,38087.2
2025-10-19 03:00:00+00:00,38600.5
2025-10-19 04:00:00+00:00,39463.65
2025-10-19 05:00:00+00:00,41451.98
2025-10-19 06:00:00+00:00,44280.66
2025-10-19 07:00:00+00:00,47626.65
2025-10-19 08:00:00+00:00,49700.04
2025-10-19 09:00:00+00:00,51420.2
2025-10-19 10:00:00+00:00,51131.0
2025-10-19 11:00:00+00:00,48691.55
2025-10-19 12:00:00+00:00,46662.36
2025-10-19 13:00:00+00:00,46412.75
2025-10-19 14:00:00+00:00,47301.31
2025-10-19 15:00:00+00:00,49699.96
2025-10-19 16:00:00+00:00,54084.99
2025-10-19 17:00:00+00:00,54814.16
2025-10-19 18:00:00+00:00,52900.01
2025-10-19 19:00:00+00:00,51070.7
2025-10-19 20:00:00+00:00,49804.29
2025-10-19 21:00:00+00:00,46903.44
2025-10-19 22:00:00+00:00,44837.75
2025-10-19 23:00:00+00:00,43480.46
2025-10-20 00:00:00+00:00,42838.74
2025-10-20 01:00:00+00:00,42957.28
2025-10-20 02:00:00+00:00,44618.61
2025-10-20 03:00:00+00:00,48544.36
2025-10-20 04:00:00+00:00,56927.29
2025-10-20 05:00:00+00:00,63314.11
2025-10-20 06:00:00+00:00,65863.04
2025-10-20 07:00:00+00:00,66573.25
2025-10-20 08:00:00+00:00,66610.34
2025-10-20 09:00:00+00:00,67532.52
2025-10-20 10:00:00+00:00,66381.39
2025-10-20 11:00:00+00:00,65694.44
2025-10-20 12:00:00+00:00,63192.09
2025-10-20 13:00:00+00:00,62704.85
2025-10-20 14:00:00+00:00,62179.33
2025-10-20 15:00:00+00:00,63736.87
2025-10-20 16:00:00+00:00,65879.43
2025-10-20 17:00:00+00:00,65207.67
2025-10-20 18:00:00+00:00,62147.96
2025-10-20 19:00:00+00:00,58101.1
2025-10-20 20:00:00+00:00,54726.93
2025-10-20 21:00:00+00:00,51213.61
2025-10-20 22:00:00+00:00,48250.91
2025-10-20 23:00:00+00:00,46449.53
2025-10-21 00:00:00+00:00,45584.65
2025-10-21 01:00:00+00:00,45496.51
2025-10-21 02:00:00+00:00,46954.27
2025-10-21 03:00:00+00:00,50101.32
2025-10-21 04:00:00+00:00,57545.65
2025-10-21 05:00:00+00:00,63478.34
2025-10-21 06:00:00+00:00,66076.84
2025-10-21 07:00:00+00:00,66354.05
2025-10-21 08:00:00+00:00,67072.38
2025-10-21 09:00:00+00:00,67285.71
2025-10-21 10:00:00+00:00,66740.6
2025-10-21 11:00:00+00:00,64875.88
2025-10-21 12:00:00+00:00,62930.87
2025-10-21 13:00:00+00:00,61741.5
2025-10-21 14:00:00+00:00,61566.7
2025-10-21 15:00:00+00:00,63356.43
2025-10-21 16:00:00+00:00,65877.28
2025-10-21 17:00:00+00:00,65607.14
2025-10-21 18:00:00+00:00,62365.02
2025-10-21 19:00:00+00:00,58254.69
2025-10-21 20:00:00+00:00,54213.09
2025-10-21 21:00:00+00:00,50711.22
2025-10-21 22:00:00+00:00,47679.63
2025-10-21 23:00:00+00:00,45256.12
2025-10-22 00:00:00+00:00,44009.87
2025-10-22 01:00:00+00:00,43985.67
2025-10-22 02:00:00+00:00,45326.27
2025-10-22 03:00:00+00:00,49109.62
2025-10-22 04:00:00+00:00,56649.62
2025-10-22 05:00:00+00:00,62851.28
2025-10-22 06:00:00+00:00,65105.38
2025-10-22 07:00:00+00:00,65612.94
2025-10-22 08:00:00+00:00,66199.4
2025-10-22 09:00:00+00:00,66567.9
2025-10-22 10:00:00+00:00,65531.59
2025-10-22 11:00:00+00:00,64144.06
2025-10-22 12:00:00+00:00,62471.78
2025-10-22 13:00:00+00:00,61529.92
2025-10-22 14:00:00+00:00,60534.67
2025-10-22 15:00:00+00:00,61530.62
2025-10-22 16:00:00+00:00,63011.07
2025-10-22 17:00:00+00:00,62416.11
2025-10-22 18:00:00+00:00,59284.09
2025-10-22 19:00:00+00:00,55965.17
2025-10-22 20:00:00+00:00,52092.45
2025-10-22 21:00:00+00:00,48296.93
2025-10-22 22:00:00+00:00,45399.44
2025-10-22 23:00:00+00:00,43138.93
2025-10-23 00:00:00+00:00,41251.6
2025-10-23 01:00:00+00:00,42017.78
2025-10-23 02:00:00+00:00,44027.31
2025-10-23 03:00:00+00:00,48684.7
2025-10-23 04:00:00+00:00,56126.43
2025-10-23 05:00:00+00:00,62360.89
2025-10-23 06:00:00+00:00,66255.48
2025-10-23 07:00:00+00:00,67176.34
2025-10-23 08:00:00+00:00,67131.92
2025-10-23 09:00:00+00:00,67381.61
2025-10-23 10:00:00+00:00,67492.34
2025-10-23 11:00:00+00:00,67182.98
2025-10-23 12:00:00+00:00,65534.67
2025-10-23 13:00:00+00:00,65108.12
2025-10-23 14:00:00+00:00,63689.79
2025-10-23 15:00:00+00:00,64525.01
2025-10-23 16:00:00+00:00,66254.7
2025-10-23 17:00:00+00:00,65171.19
2025-10-23 18:00:00+00:00,62144.89
2025-10-23 19:00:00+00:00,58810.75
2025-10-23 20:00:00+00:00,55226.84
2025-10-23 21:00:00+00:00,51587.28
2025-10-23 22:00:00+00:00,48924.19
2025-10-23 23:00:00+00:00,46687.22
2025-10-24 00:00:00+00:00,45820.56
2025-10-24 01:00:00+00:00,46259.98
2025-10-24 02:00:00+00:00,47844.96
2025-10-24 03:00:00+00:00,51497.88
2025-10-24 04:00:00+00:00,58519.5
2025-10-24 05:00:00+00:00,63130.33
2025-10-24 06:00:00+00:00,66692.61
2025-10-24 07:00:00+00:00,67422.97
2025-10-24 08:00:00+00:00,68333.31
2025-10-24 09:00:00+00:00,68674.11
2025-10-24 10:00:00+00:00,67044.37
2025-10-24 11:00:00+00:00,65083.81
2025-10-24 12:00:00+00:00,63464.72
2025-10-24 13:00:00+00:00,62054.65
2025-10-24 14:00:00+00:00,61895.26
2025-10-24 15:00:00+00:00,62989.04
2025-10-24 16:00:00+00:00,63372.81
2025-10-24 17:00:00+00:00,62669.85
2025-10-24 18:00:00+00:00,59544.55
2025-10-24 19:00:00+00:00,55678.95
2025-10-24 20:00:00+00:00,52801.62
2025-10-24 21:00:00+00:00,49634.28
2025-10-24 22:00:00+00:00,47203.53
2025-10-24 23:00:00+00:00,45305.74
2025-10-25 00:00:00+00:00,43995.06
2025-10-25 01:00:00+00:00,43557.72
2025-10-25 02:00:00+00:00,43651.49
2025-10-25 03:00:00+00:00,44584.94
2025-10-25 04:00:00+00:00,46930.19
2025-10-25 05:00:00+00:00,49880.63
2025-10-25 06:00:00+00:00,52812.34
2025-10-25 07:00:00+00:00,55406.49
2025-10-25 08:00:00+00:00,56922.96
2025-10-25 09:00:00+00:00,58044.15
2025-10-25 10:00:00+00:00,58042.65
2025-10-25 11:00:00+00:00,56727.59
2025-10-25 12:00:00+00:00,54990.69
2025-10-25 13:00:00+00:00,54090.55
2025-10-25 14:00:00+00:00,54484.19
2025-10-25 15:00:00+00:00,56447.4
2025-10-25 16:00:00+00:00,58618.74
2025-10-25 17:00:00+00:00,57442.9
2025-10-25 18:00:00+00:00,54457.72
2025-10-25 19:00:00+00:00,52095.59
2025-10-25 20:00:00+00:00,50080.75
2025-10-25 21:00:00+00:00,47166.1
2025-10-25 22:00:00+00:00,43976.68
2025-10-25 23:00:00+00:00,42121.16
2025-10-26 00:00:00+00:00,40843.99
2025-10-26 01:00:00+00:00,40237.03
2025-10-26 02:00:00+00:00,40340.83
2025-10-26 03:00:00+00:00,40684.54
2025-10-26 04:00:00+00:00,41077.67
2025-10-26 05:00:00+00:00,42837.15
2025-10-26 06:00:00+00:00,45147.3
2025-10-26 07:00:00+00:00,49005.03
2025-10-26 08:00:00+00:00,52173.8
2025-10-26 09:00:00+00:00,53472.44
2025-10-26 10:00:00+00:00,54628.68
2025-10-26 11:00:00+00:00,54610.64
2025-10-26 12:00:00+00:00,53017.99
2025-10-26 13:00:00+00:00,51911.37
2025-10-26 14:00:00+00:00,51991.1
2025-10-26 15:00:00+00:00,53405.01
2025-10-26 16:00:00+00:00,56462.51
2025-10-26 17:00:00+00:00,55749.65
2025-10-26 18:00:00+00:00,54249.89
2025-10-26 19:00:00+00:00,52407.33
2025-10-26 20:00:00+00:00,51306.12
2025-10-26 21:00:00+00:00,50637.49
2025-10-26 22:00:00+00:00,47887.0
2025-10-26 23:00:00+00:00,45580.25
2025-10-27 00:00:00+00:00,44600.19
2025-10-27 01:00:00+00:00,43917.2
2025-10-27 02:00:00+00:00,44496.8
2025-10-27 03:00:00+00:00,46121.01
2025-10-27 04:00:00+00:00,50329.93
2025-10-27 05:00:00+00:00,58679.69
2025-10-27 06:00:00+00:00,64457.44
2025-10-27 07:00:00+00:00,67491.64
2025-10-27 08:00:00+00:00,67942.9
2025-10-27 09:00:00+00:00,67892.37
2025-10-27 10:00:00+00:00,68467.88
2025-10-27 11:00:00+00:00,67830.92
2025-10-27 12:00:00+00:00,66180.32
2025-10-27 13:00:00+00:00,64762.46
2025-10-27 14:00:00+00:00,64205.05
2025-10-27 15:00:00+00:00,64348.24
2025-10-27 16:00:00+00:00,67704.66
2025-10-27 17:00:00+00:00,67920.11
2025-10-27 18:00:00+00:00,66582.22
2025-10-27 19:00:00+00:00,63153.54
2025-10-27 20:00:00+00:00,60015.75
2025-10-27 21:00:00+00:00,56162.18
2025-10-27 22:00:00+00:00,52696.03
2025-10-27 23:00:00+00:00,49177.0
2025-10-28 00:00:00+00:00,47402.79
2025-10-28 01:00:00+00:00,46547.42
2025-10-28 02:00:00+00:00,47795.31
2025-10-28 03:00:00+00:00,48747.32
2025-10-28 04:00:00+00:00,52011.73
2025-10-28 05:00:00+00:00,59416.49
2025-10-28 06:00:00+00:00,64765.44
2025-10-28 07:00:00+00:00,67845.89
2025-10-28 08:00:00+00:00,67853.6
2025-10-28 09:00:00+00:00,68835.96
2025-10-28 10:00:00+00:00,69184.45
2025-10-28 11:00:00+00:00,68587.81
2025-10-28 12:00:00+00:00,67478.01
2025-10-28 13:00:00+00:00,65243.72
2025-10-28 14:00:00+00:00,64294.41
2025-10-28 15:00:00+00:00,64347.02
2025-10-28 16:00:00+00:00,67751.69
2025-10-28 17:00:00+00:00,67895.51
2025-10-28 18:00:00+00:00,65270.5
2025-10-28 19:00:00+00:00,62186.76
2025-10-28 20:00:00+00:00,58324.39
2025-10-28 21:00:00+00:00,54202.66
2025-10-28 22:00:00+00:00,50864.64
2025-10-28 23:00:00+00:00,48831.9
2025-10-29 00:00:00+00:00,47415.83
2025-10-29 01:00:00+00:00,46716.74
2025-10-29 02:00:00+00:00,47284.13
2025-10-29 03:00:00+00:00,48301.06
2025-10-29 04:00:00+00:00,52119.73
2025-10-29 05:00:00+00:00,60344.87
2025-10-29 06:00:00+00:00,64953.96
2025-10-29 07:00:00+00:00,67142.91
2025-10-29 08:00:00+00:00,66774.62
2025-10-29 09:00:00+00:00,66465.18
2025-10-29 10:00:00+00:00,65580.05
2025-10-29 11:00:00+00:00,64182.27
2025-10-29 12:00:00+00:00,63285.39
2025-10-29 13:00:00+00:00,62164.8
2025-10-29 14:00:00+00:00,62229.02
2025-10-29 15:00:00+00:00,63162.58
2025-10-29 16:00:00+00:00,66035.71
2025-10-29 17:00:00+00:00,66328.51
2025-10-29 18:00:00+00:00,64997.75
2025-10-29 19:00:00+00:00,61623.71
2025-10-29 20:00:00+00:00,57760.71
2025-10-29 21:00:00+00:00,53871.12
2025-10-29 22:00:00+00:00,49416.11
2025-10-29 23:00:00+00:00,46598.3
2025-10-30 00:00:00+00:00,44556.79
2025-10-30 01:00:00+00:00,43830.7
2025-10-30 02:00:00+00:00,44638.04
2025-10-30 03:00:00+00:00,45645.27
2025-10-30 04:00:00+00:00,49755.5
2025-10-30 05:00:00+00:00,57972.18
2025-10-30 06:00:00+00:00,63794.58
2025-10-30 07:00:00+00:00,65892.89
2025-10-30 08:00:00+00:00,65476.58
2025-10-30 09:00:00+00:00,64446.81
2025-10-30 10:00:00+00:00,64959.1
2025-10-30 11:00:00+00:00,64021.32
2025-10-30 12:00:00+00:00,62091.66
2025-10-30 13:00:00+00:00,61311.14
2025-10-30 14:00:00+00:00,62340.75
2025-10-30 15:00:00+00:00,63839.6
2025-10-30 16:00:00+00:00,67548.42
2025-10-30 17:00:00+00:00,67595.69
2025-10-30 18:00:00+00:00,65401.73
2025-10-30 19:00:00+00:00,62200.34
2025-10-30 20:00:00+00:00,58796.86
2025-10-30 21:00:00+00:00,54969.48
2025-10-30 22:00:00+00:00,50590.01
2025-10-30 23:00:00+00:00,47524.63
2025-10-31 00:00:00+00:00,45687.69
2025-10-31 01:00:00+00:00,44364.2
2025-10-31 02:00:00+00:00,44303.8
2025-10-31 03:00:00+00:00,45412.78
2025-10-31 04:00:00+00:00,48319.12
2025-10-31 05:00:00+00:00,52862.38
2025-10-31 06:00:00+00:00,57193.82
2025-10-31 07:00:00+00:00,59386.96
2025-10-31 08:00:00+00:00,59955.04
2025-10-31 09:00:00+00:00,59895.73
2025-10-31 10:00:00+00:00,60063.38
2025-10-31 11:00:00+00:00,59086.08
2025-10-31 12:00:00+00:00,57909.52
2025-10-31 13:00:00+00:00,56627.22
2025-10-31 14:00:00+00:00,56438.23
2025-10-31 15:00:00+00:00,57610.79
2025-10-31 16:00:00+00:00,60245.92
2025-10-31 17:00:00+00:00,59798.07
2025-10-31 18:00:00+00:00,57787.12
2025-10-31 19:00:00+00:00,55187.98
2025-10-31 20:00:00+00:00,52995.26
2025-10-31 21:00:00+00:00,49956.54
2025-10-31 22:00:00+00:00,46331.95
2025-10-31 23:00:00+00:00,43922.68
2025-11-01 00:00:00+00:00,41942.14
2025-11-01 01:00:00+00:00,41317.81
2025-11-01 02:00:00+00:00,40602.59
2025-11-01 03:00:00+00:00,39367.73
2025-11-01 04:00:00+00:00,39695.97
2025-11-01 05:00:00+00:00,42392.69
2025-11-01 06:00:00+00:00,43943.56
2025-11-01 07:00:00+00:00,46725.18
2025-11-01 08:00:00+00:00,49304.42
2025-11-01 09:00:00+00:00,49961.35
2025-11-01 10:00:00+00:00,51910.13
2025-11-01 11:00:00+00:00,52442.26
2025-11-01 12:00:00+00:00,50982.47
2025-11-01 13:00:00+00:00,51351.55
2025-11-01 14:00:00+00:00,53022.85
2025-11-01 15:00:00+00:00,54533.59
2025-11-01 16:00:00+00:00,56454.42
2025-11-01 17:00:00+00:00,56740.01
2025-11-01 18:00:00+00:00,54890.09
2025-11-01 19:00:00+00:00,52246.24
2025-11-01 20:00:00+00:00,49765.7
2025-11-01 21:00:00+00:00,47420.87
2025-11-01 22:00:00+00:00,43598.05
2025-11-01 23:00:00+00:00,40658.48
2025-11-02 00:00:00+00:00,38686.79
2025-11-02 01:00:00+00:00,37798.09
2025-11-02 02:00:00+00:00,37523.15
2025-11-02 03:00:00+00:00,37891.45
2025-11-02 04:00:00+00:00,38539.58
2025-11-02 05:00:00+00:00,39776.2
2025-11-02 06:00:00+00:00,41458.3
2025-11-02 07:00:00+00:00,44816.64
2025-11-02 08:00:00+00:00,48064.12
2025-11-02 09:00:00+00:00,50154.57
2025-11-02 10:00:00+00:00,51611.33
2025-11-02 11:00:00+00:00,51644.98
2025-11-02 12:00:00+00:00,50160.15
2025-11-02 13:00:00+00:00,49521.58
2025-11-02 14:00:00+00:00,49612.71
2025-11-02 15:00:00+00:00,50439.32
2025-11-02 16:00:00+00:00,54422.04
2025-11-02 17:00:00+00:00,55280.65
2025-11-02 18:00:00+00:00,53381.53
2025-11-02 19:00:00+00:00,51117.96
2025-11-02 20:00:00+00:00,48752.36
2025-11-02 21:00:00+00:00,46542.95
2025-11-02 22:00:00+00:00,43569.52
2025-11-02 23:00:00+00:00,41417.75
2025-11-03 00:00:00+00:00,40645.29
2025-11-03 01:00:00+00:00,40444.51
2025-11-03 02:00:00+00:00,40914.41
2025-11-03 03:00:00+00:00,42593.33
2025-11-03 04:00:00+00:00,46936.2
2025-11-03 05:00:00+00:00,55872.19
2025-11-03 06:00:00+00:00,61220.72
2025-11-03 07:00:00+00:00,64213.68
2025-11-03 08:00:00+00:00,64739.05
2025-11-03 09:00:00+00:00,64811.09
2025-11-03 10:00:00+00:00,64931.48
2025-11-03 11:00:00+00:00,64469.46
2025-11-03 12:00:00+00:00,64053.0
2025-11-03 13:00:00+00:00,63118.31
2025-11-03 14:00:00+00:00,62774.2
2025-11-03 15:00:00+00:00,63908.98
2025-11-03 16:00:00+00:00,67356.73
2025-11-03 17:00:00+00:00,68011.25
2025-11-03 18:00:00+00:00,67134.55
2025-11-03 19:00:00+00:00,63680.49
2025-11-03 20:00:00+00:00,59946.72
2025-11-03 21:00:00+00:00,56145.92
2025-11-03 22:00:00+00:00,52808.03
2025-11-03 23:00:00+00:00,48667.99
2025-11-04 00:00:00+00:00,46973.17
2025-11-04 01:00:00+00:00,46297.87
2025-11-04 02:00:00+00:00,46594.85
2025-11-04 03:00:00+00:00,48075.38
2025-11-04 04:00:00+00:00,51615.58
2025-11-04 05:00:00+00:00,59144.3
2025-11-04 06:00:00+00:00,63545.63
2025-11-04 07:00:00+00:00,64986.06
2025-11-04 08:00:00+00:00,64805.69
2025-11-04 09:00:00+00:00,65240.7
2025-11-04 10:00:00+00:00,64063.21
2025-11-04 11:00:00+00:00,62817.54
2025-11-04 12:00:00+00:00,61514.82
2025-11-04 13:00:00+00:00,60875.06
2025-11-04 14:00:00+00:00,61382.9
2025-11-04 15:00:00+00:00,62964.23
2025-11-04 16:00:00+00:00,66558.52
2025-11-04 17:00:00+00:00,67720.52
2025-11-04 18:00:00+00:00,66660.77
2025-11-04 19:00:00+00:00,63014.24
2025-11-04 20:00:00+00:00,59182.88
2025-11-04 21:00:00+00:00,55169.74
2025-11-04 22:00:00+00:00,51391.87
2025-11-04 23:00:00+00:00,48712.83
2025-11-05 00:00:00+00:00,46617.04
2025-11-05 01:00:00+00:00,45488.59
2025-11-05 02:00:00+00:00,46026.61
2025-11-05 03:00:00+00:00,47810.19
2025-11-05 04:00:00+00:00,52290.45
2025-11-05 05:00:00+00:00,61272.78
2025-11-05 06:00:00+00:00,65140.66
2025-11-05 07:00:00+00:00,67068.09
2025-11-05 08:00:00+00:00,66171.54
2025-11-05 09:00:00+00:00,64730.27
2025-11-05 10:00:00+00:00,63853.83
2025-11-05 11:00:00+00:00,62920.25
2025-11-05 12:00:00+00:00,61104.91
2025-11-05 13:00:00+00:00,59850.34
2025-11-05 14:00:00+00:00,61294.91
2025-11-05 15:00:00+00:00,62769.93
2025-11-05 16:00:00+00:00,66215.17
2025-11-05 17:00:00+00:00,66897.53
2025-11-05 18:00:00+00:00,65731.55
2025-11-05 19:00:00+00:00,62152.9
2025-11-05 20:00:00+00:00,57928.36
2025-11-05 21:00:00+00:00,53787.57
2025-11-05 22:00:00+00:00,50270.45
2025-11-05 23:00:00+00:00,47845.4
2025-11-06 00:00:00+00:00,46019.01
2025-11-06 01:00:00+00:00,45519.27
2025-11-06 02:00:00+00:00,45903.4
2025-11-06 03:00:00+00:00,47388.75
2025-11-06 04:00:00+00:00,51273.37
2025-11-06 05:00:00+00:00,59738.02
2025-11-06 06:00:00+00:00,64320.04
2025-11-06 07:00:00+00:00,66250.56
2025-11-06 08:00:00+00:00,65859.2
2025-11-06 09:00:00+00:00,65495.77
2025-11-06 10:00:00+00:00,64655.05
2025-11-06 11:00:00+00:00,63661.56
2025-11-06 12:00:00+00:00,62212.88
2025-11-06 13:00:00+00:00,61307.35
2025-11-06 14:00:00+00:00,61937.94
2025-11-06 15:00:00+00:00,63310.77
2025-11-06 16:00:00+00:00,66826.67
2025-11-06 17:00:00+00:00,67061.35
2025-11-06 18:00:00+00:00,66025.23
2025-11-06 19:00:00+00:00,63047.97
2025-11-06 20:00:00+00:00,59389.54
2025-11-06 21:00:00+00:00,55776.46
2025-11-06 22:00:00+00:00,51296.4
2025-11-06 23:00:00+00:00,48452.85
2025-11-07 00:00:00+00:00,46748.63
2025-11-07 01:00:00+00:00,46163.53
2025-11-07 02:00:00+00:00,46827.46
2025-11-07 03:00:00+00:00,48061.6
2025-11-07 04:00:00+00:00,51686.56
2025-11-07 05:00:00+00:00,59346.23
2025-11-07 06:00:00+00:00,64632.24
2025-11-07 07:00:00+00:00,66828.15
2025-11-07 08:00:00+00:00,66441.2
2025-11-07 09:00:00+00:00,66968.51
2025-11-07 10:00:00+00:00,66512.05
2025-11-07 11:00:00+00:00,65911.99
2025-11-07 12:00:00+00:00,64214.7
2025-11-07 13:00:00+00:00,62911.48
2025-11-07 14:00:00+00:00,62856.59
2025-11-07 15:00:00+00:00,63929.61
2025-11-07 16:00:00+00:00,66262.49
2025-11-07 17:00:00+00:00,65404.65
2025-11-07 18:00:00+00:00,62982.71
2025-11-07 19:00:00+00:00,59463.84
2025-11-07 20:00:00+00:00,55616.12
2025-11-07 21:00:00+00:00,52433.04
2025-11-07 22:00:00+00:00,49414.62
2025-11-07 23:00:00+00:00,46489.12
2025-11-08 00:00:00+00:00,44622.98
2025-11-08 01:00:00+00:00,43456.37
2025-11-08 02:00:00+00:00,43075.99
2025-11-08 03:00:00+00:00,43288.96
2025-11-08 04:00:00+00:00,44187.36
2025-11-08 05:00:00+00:00,46002.88
2025-11-08 06:00:00+00:00,48779.18
2025-11-08 07:00:00+00:00,52030.09
2025-11-08 08:00:00+00:00,54461.45
2025-11-08 09:00:00+00:00,55637.13
2025-11-08 10:00:00+00:00,56790.9
2025-11-08 11:00:00+00:00,56795.96
2025-11-08 12:00:00+00:00,54799.39
2025-11-08 13:00:00+00:00,53741.77
2025-11-08 14:00:00+00:00,53892.04
2025-11-08 15:00:00+00:00,55297.8
2025-11-08 16:00:00+00:00,58010.01
2025-11-08 17:00:00+00:00,57650.62
2025-11-08 18:00:00+00:00,55595.06
2025-11-08 19:00:00+00:00,52224.12
2025-11-08 20:00:00+00:00,49665.97
2025-11-08 21:00:00+00:00,47877.41
2025-11-08 22:00:00+00:00,45045.51
2025-11-08 23:00:00+00:00,42612.37
2025-11-09 00:00:00+00:00,40262.32
2025-11-09 01:00:00+00:00,38608.37
2025-11-09 02:00:00+00:00,38247.93
2025-11-09 03:00:00+00:00,38555.68
2025-11-09 04:00:00+00:00,38985.58
2025-11-09 05:00:00+00:00,40324.97
2025-11-09 06:00:00+00:00,42360.94
2025-11-09 07:00:00+00:00,45642.28
2025-11-09 08:00:00+00:00,48721.78
2025-11-09 09:00:00+00:00,51000.74
2025-11-09 10:00:00+00:00,53400.35
2025-11-09 11:00:00+00:00,53810.79
2025-11-09 12:00:00+00:00,52527.56
2025-11-09 13:00:00+00:00,51598.05
2025-11-09 14:00:00+00:00,51654.54
2025-11-09 15:00:00+00:00,52786.67
2025-11-09 16:00:00+00:00,55948.06
2025-11-09 17:00:00+00:00,55949.83
2025-11-09 18:00:00+00:00,54134.92
2025-11-09 19:00:00+00:00,51935.9
2025-11-09 20:00:00+00:00,49792.02
2025-11-09 21:00:00+00:00,48391.63
2025-11-09 22:00:00+00:00,45415.68
2025-11-09 23:00:00+00:00,42958.89
2025-11-10 00:00:00+00:00,41290.0
2025-11-10 01:00:00+00:00,40803.72
2025-11-10 02:00:00+00:00,41417.09
2025-11-10 03:00:00+00:00,43290.86
2025-11-10 04:00:00+00:00,47849.0
2025-11-10 05:00:00+00:00,56674.7
2025-11-10 06:00:00+00:00,62238.59
2025-11-10 07:00:00+00:00,64952.76
2025-11-10 08:00:00+00:00,65589.13
2025-11-10 09:00:00+00:00,65766.82
2025-11-10 10:00:00+00:00,65763.89
2025-11-10 11:00:00+00:00,65457.33
2025-11-10 12:00:00+00:00,64493.74
2025-11-10 13:00:00+00:00,63296.95
2025-11-10 14:00:00+00:00,62972.75
2025-11-10 15:00:00+00:00,63776.95
2025-11-10 16:00:00+00:00,66502.24
2025-11-10 17:00:00+00:00,66315.88
2025-11-10 18:00:00+00:00,64677.17
2025-11-10 19:00:00+00:00,61637.03
2025-11-10 20:00:00+00:00,58092.82
2025-11-10 21:00:00+00:00,54436.02
2025-11-10 22:00:00+00:00,50612.91
2025-11-10 23:00:00+00:00,48113.59
2025-11-11 00:00:00+00:00,46112.93
2025-11-11 01:00:00+00:00,45331.63
2025-11-11 02:00:00+00:00,46208.6
2025-11-11 03:00:00+00:00,47885.07
2025-11-11 04:00:00+00:00,51088.61
2025-11-11 05:00:00+00:00,59201.32
2025-11-11 06:00:00+00:00,64377.56
2025-11-11 07:00:00+00:00,66612.1
2025-11-11 08:00:00+00:00,66596.54
2025-11-11 09:00:00+00:00,66304.65
2025-11-11 10:00:00+00:00,66162.7
2025-11-11 11:00:00+00:00,65043.4
2025-11-11 12:00:00+00:00,64342.56
2025-11-11 13:00:00+00:00,63206.66
2025-11-11 14:00:00+00:00,63018.81
2025-11-11 15:00:00+00:00,64186.0
2025-11-11 16:00:00+00:00,66976.42
2025-11-11 17:00:00+00:00,67095.46
2025-11-11 18:00:00+00:00,65642.2
2025-11-11 19:00:00+00:00,62395.25
2025-11-11 20:00:00+00:00,58358.62
2025-11-11 21:00:00+00:00,54619.01
2025-11-11 22:00:00+00:00,50861.45
2025-11-11 23:00:00+00:00,47912.79
2025-11-12 00:00:00+00:00,46261.26
2025-11-12 01:00:00+00:00,45183.84
2025-11-12 02:00:00+00:00,45665.74
2025-11-12 03:00:00+00:00,47540.08
2025-11-12 04:00:00+00:00,51493.21
2025-11-12 05:00:00+00:00,59494.46
2025-11-12 06:00:00+00:00,65155.32
2025-11-12 07:00:00+00:00,67651.79
2025-11-12 08:00:00+00:00,68293.78
2025-11-12 09:00:00+00:00,67198.55
2025-11-12 10:00:00+00:00,66830.18
2025-11-12 11:00:00+00:00,65938.56
2025-11-12 12:00:00+00:00,64795.67
2025-11-12 13:00:00+00:00,63209.68
2025-11-12 14:00:00+00:00,63553.68
2025-11-12 15:00:00+00:00,65580.37
2025-11-12 16:00:00+00:00,68563.84
2025-11-12 17:00:00+00:00,68584.53
2025-11-12 18:00:00+00:00,66897.77
2025-11-12 19:00:00+00:00,63316.12
2025-11-12 20:00:00+00:00,59449.77
2025-11-12 21:00:00+00:00,55594.31
2025-11-12 22:00:00+00:00,51742.82
2025-11-12 23:00:00+00:00,48598.84
2025-11-13 00:00:00+00:00,47524.26
2025-11-13 01:00:00+00:00,46885.15
2025-11-13 02:00:00+00:00,47352.34
2025-11-13 03:00:00+00:00,48816.37
2025-11-13 04:00:00+00:00,52232.27
2025-11-13 05:00:00+00:00,60052.44
2025-11-13 06:00:00+00:00,65468.86
2025-11-13 07:00:00+00:00,67304.58
2025-11-13 08:00:00+00:00,67716.76
2025-11-13 09:00:00+00:00,68663.29
2025-11-13 10:00:00+00:00,68299.11
2025-11-13 11:00:00+00:00,67504.72
2025-11-13 12:00:00+00:00,66167.37
2025-11-13 13:00:00+00:00,65314.23
2025-11-13 14:00:00+00:00,65084.25
2025-11-13 15:00:00+00:00,67082.17
2025-11-13 16:00:00+00:00,69234.6
2025-11-13 17:00:00+00:00,69111.75
2025-11-13 18:00:00+00:00,66596.09
2025-11-13 19:00:00+00:00,63210.45
2025-11-13 20:00:00+00:00,59546.72
2025-11-13 21:00:00+00:00,55533.03
2025-11-13 22:00:00+00:00,51244.66
2025-11-13 23:00:00+00:00,47630.37
2025-11-14 00:00:00+00:00,45253.99
2025-11-14 01:00:00+00:00,44517.43
2025-11-14 02:00:00+00:00,44872.31
2025-11-14 03:00:00+00:00,45986.06
2025-11-14 04:00:00+00:00,49503.73
2025-11-14 05:00:00+00:00,57570.7
2025-11-14 06:00:00+00:00,62853.43
2025-11-14 07:00:00+00:00,64962.96
2025-11-14 08:00:00+00:00,65052.75
2025-11-14 09:00:00+00:00,65387.07
2025-11-14 10:00:00+00:00,65513.07
2025-11-14 11:00:00+00:00,64927.02
2025-11-14 12:00:00+00:00,63413.61
2025-11-14 13:00:00+00:00,62418.06
2025-11-14 14:00:00+00:00,62707.2
2025-11-14 15:00:00+00:00,64169.72
2025-11-14 16:00:00+00:00,66424.81
2025-11-14 17:00:00+00:00,65868.59
2025-11-14 18:00:00+00:00,63215.25
2025-11-14 19:00:00+00:00,59272.02
2025-11-14 20:00:00+00:00,56264.09
2025-11-14 21:00:00+00:00,53225.77
2025-11-14 22:00:00+00:00,49954.86
2025-11-14 23:00:00+00:00,47094.44
2025-11-15 00:00:00+00:00,45313.57
2025-11-15 01:00:00+00:00,43871.29
2025-11-15 02:00:00+00:00,42831.4
2025-11-15 03:00:00+00:00,43648.2
2025-11-15 04:00:00+00:00,44544.02
2025-11-15 05:00:00+00:00,47528.68
2025-11-15 06:00:00+00:00,49926.16
2025-11-15 07:00:00+00:00,52577.68
2025-11-15 08:00:00+00:00,55116.92
2025-11-15 09:00:00+00:00,56737.75
2025-11-15 10:00:00+00:00,57613.83
2025-11-15 11:00:00+00:00,56342.41
2025-11-15 12:00:00+00:00,55072.89
2025-11-15 13:00:00+00:00,54530.01
2025-11-15 14:00:00+00:00,54695.47
2025-11-15 15:00:00+00:00,56138.76
2025-11-15 16:00:00+00:00,58370.42
2025-11-15 17:00:00+00:00,58469.69
2025-11-15 18:00:00+00:00,55912.11
2025-11-15 19:00:00+00:00,53119.07
2025-11-15 20:00:00+00:00,50188.42
2025-11-15 21:00:00+00:00,48083.02
2025-11-15 22:00:00+00:00,45230.37
2025-11-15 23:00:00+00:00,42837.68
2025-11-16 00:00:00+00:00,40624.14
2025-11-16 01:00:00+00:00,39714.41
2025-11-16 02:00:00+00:00,39200.47
2025-11-16 03:00:00+00:00,39263.24
2025-11-16 04:00:00+00:00,39814.9
2025-11-16 05:00:00+00:00,40776.41
2025-11-16 06:00:00+00:00,43136.33
2025-11-16 07:00:00+00:00,46127.15
2025-11-16 08:00:00+00:00,48686.64
2025-11-16 09:00:00+00:00,50687.66
2025-11-16 10:00:00+00:00,52719.77
2025-11-16 11:00:00+00:00,52691.83
2025-11-16 12:00:00+00:00,51423.19
2025-11-16 13:00:00+00:00,50695.78
2025-11-16 14:00:00+00:00,51100.83
2025-11-16 15:00:00+00:00,53080.01
2025-11-16 16:00:00+00:00,55868.21
2025-11-16 17:00:00+00:00,56070.84
2025-11-16 18:00:00+00:00,54483.9
2025-11-16 19:00:00+00:00,52898.13
2025-11-16 20:00:00+00:00,51203.92
2025-11-16 21:00:00+00:00,49985.01
2025-11-16 22:00:00+00:00,47693.76
2025-11-16 23:00:00+00:00,45190.33
2025-11-17 00:00:00+00:00,43225.27
2025-11-17 01:00:00+00:00,43217.33
2025-11-17 02:00:00+00:00,44746.06
2025-11-17 03:00:00+00:00,46530.14
2025-11-17 04:00:00+00:00,50042.21
2025-11-17 05:00:00+00:00,59202.22
2025-11-17 06:00:00+00:00,64950.17
2025-11-17 07:00:00+00:00,67889.04
2025-11-17 08:00:00+00:00,68538.31
2025-11-17 09:00:00+00:00,69016.27
2025-11-17 10:00:00+00:00,69826.27
2025-11-17 11:00:00+00:00,69694.76
2025-11-17 12:00:00+00:00,69097.99
2025-11-17 13:00:00+00:00,68187.69
2025-11-17 14:00:00+00:00,68435.91
2025-11-17 15:00:00+00:00,69706.7
2025-11-17 16:00:00+00:00,72202.39
2025-11-17 17:00:00+00:00,70264.81
2025-11-17 18:00:00+00:00,68680.46
2025-11-17 19:00:00+00:00,66027.46
2025-11-17 20:00:00+00:00,63026.76
2025-11-17 21:00:00+00:00,58404.03
2025-11-17 22:00:00+00:00,54449.77
2025-11-17 23:00:00+00:00,51712.55
2025-11-18 00:00:00+00:00,50518.82
2025-11-18 01:00:00+00:00,50126.86
2025-11-18 02:00:00+00:00,50559.83
2025-11-18 03:00:00+00:00,52093.51
2025-11-18 04:00:00+00:00,56474.38
2025-11-18 05:00:00+00:00,64242.95
2025-11-18 06:00:00+00:00,70233.72
2025-11-18 07:00:00+00:00,72634.11
2025-11-18 08:00:00+00:00,71163.64
2025-11-18 09:00:00+00:00,70823.08
2025-11-18 10:00:00+00:00,70195.96
2025-11-18 11:00:00+00:00,68953.2
2025-11-18 12:00:00+00:00,68359.42
2025-11-18 13:00:00+00:00,67632.18
2025-11-18 14:00:00+00:00,68080.39
2025-11-18 15:00:00+00:00,69555.0
2025-11-18 16:00:00+00:00,71834.45
2025-11-18 17:00:00+00:00,71254.87
2025-11-18 18:00:00+00:00,69282.46
2025-11-18 19:00:00+00:00,65850.61
2025-11-18 20:00:00+00:00,62036.45
2025-11-18 21:00:00+00:00,57755.05
2025-11-18 22:00:00+00:00,54165.93
2025-11-18 23:00:00+00:00,52276.49
2025-11-19 00:00:00+00:00,49846.09
2025-11-19 01:00:00+00:00,49316.08
2025-11-19 02:00:00+00:00,49295.64
2025-11-19 03:00:00+00:00,50167.04
2025-11-19 04:00:00+00:00,53802.35
2025-11-19 05:00:00+00:00,61555.85
2025-11-19 06:00:00+00:00,67484.65
2025-11-19 07:00:00+00:00,69557.56
2025-11-19 08:00:00+00:00,70107.83
2025-11-19 09:00:00+00:00,69811.62
2025-11-19 10:00:00+00:00,70282.97
2025-11-19 11:00:00+00:00,69050.96
2025-11-19 12:00:00+00:00,68460.03
2025-11-19 13:00:00+00:00,67507.2
2025-11-19 14:00:00+00:00,67997.03
2025-11-19 15:00:00+00:00,69478.56
2025-11-19 16:00:00+00:00,71285.68
2025-11-19 17:00:00+00:00,71391.63
2025-11-19 18:00:00+00:00,69319.99
2025-11-19 19:00:00+00:00,65818.27
2025-11-19 20:00:00+00:00,62444.82
2025-11-19 21:00:00+00:00,58647.6
2025-11-19 22:00:00+00:00,54706.17
2025-11-19 23:00:00+00:00,50587.91
2025-11-20 00:00:00+00:00,49144.21
2025-11-20 01:00:00+00:00,48815.05
2025-11-20 02:00:00+00:00,49058.4
2025-11-20 03:00:00+00:00,49834.87
2025-11-20 04:00:00+00:00,53360.55
2025-11-20 05:00:00+00:00,61301.33
2025-11-20 06:00:00+00:00,66900.55
2025-11-20 07:00:00+00:00,69477.85
2025-11-20 08:00:00+00:00,69543.86
2025-11-20 09:00:00+00:00,70334.73
2025-11-20 10:00:00+00:00,70550.03
2025-11-20 11:00:00+00:00,70101.87
2025-11-20 12:00:00+00:00,69226.94
2025-11-20 13:00:00+00:00,68645.08
2025-11-20 14:00:00+00:00,68898.93
2025-11-20 15:00:00+00:00,70611.38
2025-11-20 16:00:00+00:00,72888.96
2025-11-20 17:00:00+00:00,72021.53
2025-11-20 18:00:00+00:00,70168.17
2025-11-20 19:00:00+00:00,67163.07
2025-11-20 20:00:00+00:00,64082.36
2025-11-20 21:00:00+00:00,60106.44
2025-11-20 22:00:00+00:00,56797.66
2025-11-20 23:00:00+00:00,54229.89
2025-11-21 00:00:00+00:00,52682.49
2025-11-21 01:00:00+00:00,51782.73
2025-11-21 02:00:00+00:00,51700.86
2025-11-21 03:00:00+00:00,53080.4
2025-11-21 04:00:00+00:00,56202.89
2025-11-21 05:00:00+00:00,63176.56
2025-11-21 06:00:00+00:00,68609.16
2025-11-21 07:00:00+00:00,71017.82
2025-11-21 08:00:00+00:00,70591.6
2025-11-21 09:00:00+00:00,70251.07
2025-11-21 10:00:00+00:00,69338.36
2025-11-21 11:00:00+00:00,68041.35
2025-11-21 12:00:00+00:00,66003.15
2025-11-21 13:00:00+00:00,64537.69
2025-11-21 14:00:00+00:00,64985.09
2025-11-21 15:00:00+00:00,66587.55
2025-11-21 16:00:00+00:00,68526.94
2025-11-21 17:00:00+00:00,67592.26
2025-11-21 18:00:00+00:00,65625.77
2025-11-21 19:00:00+00:00,62354.61
2025-11-21 20:00:00+00:00,59182.52
2025-11-21 21:00:00+00:00,56665.81
2025-11-21 22:00:00+00:00,53562.02
2025-11-21 23:00:00+00:00,51463.7
2025-11-22 00:00:00+00:00,49896.1
2025-11-22 01:00:00+00:00,49740.25
2025-11-22 02:00:00+00:00,49050.44
2025-11-22 03:00:00+00:00,49192.91
2025-11-22 04:00:00+00:00,49554.64
2025-11-22 05:00:00+00:00,51266.66
2025-11-22 06:00:00+00:00,53815.23
2025-11-22 07:00:00+00:00,56960.32
2025-11-22 08:00:00+00:00,59218.76
2025-11-22 09:00:00+00:00,61119.29
2025-11-22 10:00:00+00:00,60563.08
2025-11-22 11:00:00+00:00,60009.14
2025-11-22 12:00:00+00:00,58454.68
2025-11-22 13:00:00+00:00,57043.18
2025-11-22 14:00:00+00:00,57587.94
2025-11-22 15:00:00+00:00,60060.43
2025-11-22 16:00:00+00:00,62864.89
2025-11-22 17:00:00+00:00,63240.12
2025-11-22 18:00:00+00:00,62190.75
2025-11-22 19:00:00+00:00,59360.99
2025-11-22 20:00:00+00:00,56788.38
2025-11-22 21:00:00+00:00,55161.6
2025-11-22 22:00:00+00:00,52644.23
2025-11-22 23:00:00+00:00,49249.32
2025-11-23 00:00:00+00:00,47771.66
2025-11-23 01:00:00+00:00,46759.68
2025-11-23 02:00:00+00:00,46400.84
2025-11-23 03:00:00+00:00,46541.57
2025-11-23 04:00:00+00:00,46561.54
2025-11-23 05:00:00+00:00,47566.28
2025-11-23 06:00:00+00:00,49906.96
2025-11-23 07:00:00+00:00,53126.68
2025-11-23 08:00:00+00:00,55146.04
2025-11-23 09:00:00+00:00,57371.22
2025-11-23 10:00:00+00:00,58751.43
2025-11-23 11:00:00+00:00,58176.64
2025-11-23 12:00:00+00:00,56558.4
2025-11-23 13:00:00+00:00,55791.99
2025-11-23 14:00:00+00:00,57817.93
2025-11-23 15:00:00+00:00,60892.89
2025-11-23 16:00:00+00:00,64307.66
2025-11-23 17:00:00+00:00,65478.08
2025-11-23 18:00:00+00:00,63313.46
2025-11-23 19:00:00+00:00,60502.82
2025-11-23 20:00:00+00:00,57962.04
2025-11-23 21:00:00+00:00,56355.07
2025-11-23 22:00:00+00:00,53345.68
2025-11-23 23:00:00+00:00,51184.31
2025-11-24 00:00:00+00:00,49515.34
2025-11-24 01:00:00+00:00,48938.5
2025-11-24 02:00:00+00:00,48912.31
2025-11-24 03:00:00+00:00,50729.21
2025-11-24 04:00:00+00:00,54636.39
2025-11-24 05:00:00+00:00,63165.11
2025-11-24 06:00:00+00:00,68935.42
2025-11-24 07:00:00+00:00,71386.98
2025-11-24 08:00:00+00:00,72197.57
2025-11-24 09:00:00+00:00,72481.88
2025-11-24 10:00:00+00:00,72990.13
2025-11-24 11:00:00+00:00,71985.25
2025-11-24 12:00:00+00:00,70428.84
2025-11-24 13:00:00+00:00,69258.52
2025-11-24 14:00:00+00:00,69172.32
2025-11-24 15:00:00+00:00,70242.15
2025-11-24 16:00:00+00:00,71423.54
2025-11-24 17:00:00+00:00,70657.94
2025-11-24 18:00:00+00:00,68676.46
2025-11-24 19:00:00+00:00,65036.42
2025-11-24 20:00:00+00:00,61487.39
2025-11-24 21:00:00+00:00,57736.74
2025-11-24 22:00:00+00:00,53798.28
2025-11-24 23:00:00+00:00,50856.57
2025-11-25 00:00:00+00:00,49131.78
2025-11-25 01:00:00+00:00,48275.68
2025-11-25 02:00:00+00:00,48658.47
2025-11-25 03:00:00+00:00,49976.47
2025-11-25 04:00:00+00:00,53645.56
2025-11-25 05:00:00+00:00,61093.86
2025-11-25 06:00:00+00:00,67095.24
2025-11-25 07:00:00+00:00,69801.65
2025-11-25 08:00:00+00:00,70147.52
2025-11-25 09:00:00+00:00,70023.79
2025-11-25 10:00:00+00:00,69997.51
2025-11-25 11:00:00+00:00,69111.05
2025-11-25 12:00:00+00:00,68792.48
2025-11-25 13:00:00+00:00,68162.36
2025-11-25 14:00:00+00:00,68044.88
2025-11-25 15:00:00+00:00,69015.61
2025-11-25 16:00:00+00:00,70530.37
2025-11-25 17:00:00+00:00,69864.97
2025-11-25 18:00:00+00:00,67863.95
2025-11-25 19:00:00+00:00,64023.62
2025-11-25 20:00:00+00:00,60588.77
2025-11-25 21:00:00+00:00,57262.94
2025-11-25 22:00:00+00:00,53521.57
2025-11-25 23:00:00+00:00,50660.49
2025-11-26 00:00:00+00:00,49123.06
2025-11-26 01:00:00+00:00,48425.19
2025-11-26 02:00:00+00:00,48342.12
2025-11-26 03:00:00+00:00,50130.62
2025-11-26 04:00:00+00:00,53616.07
2025-11-26 05:00:00+00:00,61155.24
2025-11-26 06:00:00+00:00,67037.23
2025-11-26 07:00:00+00:00,70121.56
2025-11-26 08:00:00+00:00,70500.03
2025-11-26 09:00:00+00:00,70681.72
2025-11-26 10:00:00+00:00,70977.72
2025-11-26 11:00:00+00:00,70881.28
2025-11-26 12:00:00+00:00,70494.24
2025-11-26 13:00:00+00:00,69883.7
2025-11-26 14:00:00+00:00,69797.43
2025-11-26 15:00:00+00:00,70663.2
2025-11-26 16:00:00+00:00,72053.58
2025-11-26 17:00:00+00:00,71138.91
2025-11-26 18:00:00+00:00,69108.79
2025-11-26 19:00:00+00:00,65456.34
2025-11-26 20:00:00+00:00,62205.32
2025-11-26 21:00:00+00:00,59070.93
2025-11-26 22:00:00+00:00,55305.94
2025-11-26 23:00:00+00:00,51934.3
2025-11-27 00:00:00+00:00,50114.44
2025-11-27 01:00:00+00:00,49243.43
2025-11-27 02:00:00+00:00,49525.8
2025-11-27 03:00:00+00:00,51290.97
2025-11-27 04:00:00+00:00,55751.32
2025-11-27 05:00:00+00:00,63894.51
2025-11-27 06:00:00+00:00,69889.45
2025-11-27 07:00:00+00:00,73017.22
2025-11-27 08:00:00+00:00,73189.58
2025-11-27 09:00:00+00:00,73152.14
2025-11-27 10:00:00+00:00,73010.57
2025-11-27 11:00:00+00:00,72487.53
2025-11-27 12:00:00+00:00,72666.26
2025-11-27 13:00:00+00:00,71914.8
2025-11-27 14:00:00+00:00,72285.11
2025-11-27 15:00:00+00:00,73542.05
2025-11-27 16:00:00+00:00,75635.21
2025-11-27 17:00:00+00:00,74650.38
2025-11-27 18:00:00+00:00,72591.4
2025-11-27 19:00:00+00:00,68889.9
2025-11-27 20:00:00+00:00,65232.72
2025-11-27 21:00:00+00:00,61712.7
2025-11-27 22:00:00+00:00,57829.53
2025-11-27 23:00:00+00:00,54831.93
2025-11-28 00:00:00+00:00,53011.33
2025-11-28 01:00:00+00:00,51846.61
2025-11-28 02:00:00+00:00,52207.57
2025-11-28 03:00:00+00:00,53012.28
2025-11-28 04:00:00+00:00,55891.95
2025-11-28 05:00:00+00:00,63990.39
2025-11-28 06:00:00+00:00,70002.64
2025-11-28 07:00:00+00:00,72387.51
2025-11-28 08:00:00+00:00,72143.47
2025-11-28 09:00:00+00:00,72080.81
2025-11-28 10:00:00+00:00,71926.76
2025-11-28 11:00:00+00:00,70703.74
2025-11-28 12:00:00+00:00,68458.26
2025-11-28 13:00:00+00:00,67837.89
2025-11-28 14:00:00+00:00,67798.71
2025-11-28 15:00:00+00:00,68986.93
2025-11-28 16:00:00+00:00,69864.35
2025-11-28 17:00:00+00:00,68646.94
2025-11-28 18:00:00+00:00,66760.64
2025-11-28 19:00:00+00:00,63867.82
2025-11-28 20:00:00+00:00,60742.1
2025-11-28 21:00:00+00:00,57704.31
2025-11-28 22:00:00+00:00,53772.11
2025-11-28 23:00:00+00:00,50056.88
2025-11-29 00:00:00+00:00,47513.35
2025-11-29 01:00:00+00:00,46290.4
2025-11-29 02:00:00+00:00,45554.41
2025-11-29 03:00:00+00:00,45734.9
2025-11-29 04:00:00+00:00,46336.5
2025-11-29 05:00:00+00:00,48369.17
2025-11-29 06:00:00+00:00,51357.34
2025-11-29 07:00:00+00:00,54873.03
2025-11-29 08:00:00+00:00,57333.08
2025-11-29 09:00:00+00:00,58795.04
2025-11-29 10:00:00+00:00,59043.55
2025-11-29 11:00:00+00:00,58243.45
2025-11-29 12:00:00+00:00,56872.41
2025-11-29 13:00:00+00:00,56089.03
2025-11-29 14:00:00+00:00,56396.89
2025-11-29 15:00:00+00:00,58499.01
2025-11-29 16:00:00+00:00,60276.23
2025-11-29 17:00:00+00:00,60377.86
2025-11-29 18:00:00+00:00,58457.12
2025-11-29 19:00:00+00:00,55833.84
2025-11-29 20:00:00+00:00,53755.23
2025-11-29 21:00:00+00:00,52140.45
2025-11-29 22:00:00+00:00,49028.55
2025-11-29 23:00:00+00:00,46342.82
2025-11-30 00:00:00+00:00,44355.95
2025-11-30 01:00:00+00:00,44053.12
2025-11-30 02:00:00+00:00,43899.93
2025-11-30 03:00:00+00:00,43765.67
2025-11-30 04:00:00+00:00,44296.64
2025-11-30 05:00:00+00:00,45306.37
2025-11-30 06:00:00+00:00,46854.26
2025-11-30 07:00:00+00:00,50365.47
2025-11-30 08:00:00+00:00,53134.1
2025-11-30 09:00:00+00:00,54633.22
2025-11-30 10:00:00+00:00,56857.28
2025-11-30 11:00:00+00:00,56947.61
2025-11-30 12:00:00+00:00,55338.68
2025-11-30 13:00:00+00:00,54730.76
2025-11-30 14:00:00+00:00,54780.08
2025-11-30 15:00:00+00:00,56384.92
2025-11-30 16:00:00+00:00,59136.82
2025-11-30 17:00:00+00:00,60055.43
2025-11-30 18:00:00+00:00,58741.3
2025-11-30 19:00:00+00:00,56434.06
2025-11-30 20:00:00+00:00,55054.3
2025-11-30 21:00:00+00:00,53398.52
2025-11-30 22:00:00+00:00,50913.94
2025-11-30 23:00:00+00:00,48890.56
2025-12-01 00:00:00+00:00,47822.06
2025-12-01 01:00:00+00:00,46833.66
2025-12-01 02:00:00+00:00,47429.0
2025-12-01 03:00:00+00:00,49638.37
2025-12-01 04:00:00+00:00,53093.07
2025-12-01 05:00:00+00:00,61915.92
2025-12-01 06:00:00+00:00,68387.41
2025-12-01 07:00:00+00:00,70351.78
2025-12-01 08:00:00+00:00,70639.38
2025-12-01 09:00:00+00:00,69740.01
2025-12-01 10:00:00+00:00,69368.88
2025-12-01 11:00:00+00:00,68968.81
2025-12-01 12:00:00+00:00,68327.9
2025-12-01 13:00:00+00:00,68367.81
2025-12-01 14:00:00+00:00,69125.56
2025-12-01 15:00:00+00:00,71097.39
2025-12-01 16:00:00+00:00,73635.8
2025-12-01 17:00:00+00:00,73262.27
2025-12-01 18:00:00+00:00,71584.87
2025-12-01 19:00:00+00:00,68464.67
2025-12-01 20:00:00+00:00,64421.1
2025-12-01 21:00:00+00:00,60909.94
2025-12-01 22:00:00+00:00,56996.77
2025-12-01 23:00:00+00:00,53933.64
2025-12-02 00:00:00+00:00,52019.31
2025-12-02 01:00:00+00:00,51322.97
2025-12-02 02:00:00+00:00,51807.05
2025-12-02 03:00:00+00:00,53119.99
2025-12-02 04:00:00+00:00,56885.26
2025-12-02 05:00:00+00:00,65113.84
2025-12-02 06:00:00+00:00,71459.93
2025-12-02 07:00:00+00:00,73852.2
2025-12-02 08:00:00+00:00,73391.41
2025-12-02 09:00:00+00:00,73117.78
2025-12-02 10:00:00+00:00,72736.82
2025-12-02 11:00:00+00:00,71848.78
2025-12-02 12:00:00+00:00,71307.75
2025-12-02 13:00:00+00:00,70576.15
2025-12-02 14:00:00+00:00,70374.39
2025-12-02 15:00:00+00:00,72000.65
2025-12-02 16:00:00+00:00,73713.71
2025-12-02 17:00:00+00:00,72679.35
2025-12-02 18:00:00+00:00,70572.93
2025-12-02 19:00:00+00:00,67262.71
2025-12-02 20:00:00+00:00,63106.53
2025-12-02 21:00:00+00:00,59719.45
2025-12-02 22:00:00+00:00,55880.28
2025-12-02 23:00:00+00:00,52457.76
2025-12-03 00:00:00+00:00,50527.62
2025-12-03 01:00:00+00:00,49664.34
2025-12-03 02:00:00+00:00,50101.01
2025-12-03 03:00:00+00:00,51407.69
2025-12-03 04:00:00+00:00,54743.26
2025-12-03 05:00:00+00:00,62396.77
2025-12-03 06:00:00+00:00,68235.8
2025-12-03 07:00:00+00:00,70575.38
2025-12-03 08:00:00+00:00,70794.44
2025-12-03 09:00:00+00:00,71274.74
2025-12-03 10:00:00+00:00,71363.38
2025-12-03 11:00:00+00:00,71145.77
2025-12-03 12:00:00+00:00,70700.23
2025-12-03 13:00:00+00:00,69988.94
2025-12-03 14:00:00+00:00,70164.6
2025-12-03 15:00:00+00:00,71402.87
2025-12-03 16:00:00+00:00,72761.33
2025-12-03 17:00:00+00:00,71999.52
2025-12-03 18:00:00+00:00,70012.83
2025-12-03 19:00:00+00:00,66533.6
2025-12-03 20:00:00+00:00,62708.8
2025-12-03 21:00:00+00:00,59099.18
2025-12-03 22:00:00+00:00,55050.24
2025-12-03 23:00:00+00:00,52638.47
2025-12-04 00:00:00+00:00,50833.7
2025-12-04 01:00:00+00:00,49702.72
2025-12-04 02:00:00+00:00,50298.42
2025-12-04 03:00:00+00:00,51812.86
2025-12-04 04:00:00+00:00,55501.43
2025-12-04 05:00:00+00:00,63075.94
2025-12-04 06:00:00+00:00,68539.38
2025-12-04 07:00:00+00:00,71277.09
2025-12-04 08:00:00+00:00,71621.42
2025-12-04 09:00:00+00:00,71914.21
2025-12-04 10:00:00+00:00,71880.93
2025-12-04 11:00:00+00:00,71505.53
2025-12-04 12:00:00+00:00,70404.73
2025-12-04 13:00:00+00:00,69843.41
2025-12-04 14:00:00+00:00,69610.47
2025-12-04 15:00:00+00:00,70977.32
2025-12-04 16:00:00+00:00,72831.86
2025-12-04 17:00:00+00:00,72564.45
2025-12-04 18:00:00+00:00,71011.57
2025-12-04 19:00:00+00:00,67314.85
2025-12-04 20:00:00+00:00,63759.18
2025-12-04 21:00:00+00:00,60298.93
2025-12-04 22:00:00+00:00,56363.64
2025-12-04 23:00:00+00:00,53297.0
2025-12-05 00:00:00+00:00,51501.64
2025-12-05 01:00:00+00:00,50511.02
2025-12-05 02:00:00+00:00,50601.82
2025-12-05 03:00:00+00:00,51796.97
2025-12-05 04:00:00+00:00,54907.34
2025-12-05 05:00:00+00:00,61960.63
2025-12-05 06:00:00+00:00,67856.39
2025-12-05 07:00:00+00:00,70721.07
2025-12-05 08:00:00+00:00,70763.79
2025-12-05 09:00:00+00:00,70945.92
2025-12-05 10:00:00+00:00,70755.8
2025-12-05 11:00:00+00:00,69570.98
2025-12-05 12:00:00+00:00,68042.24
2025-12-05 13:00:00+00:00,67182.4
2025-12-05 14:00:00+00:00,67416.89
2025-12-05 15:00:00+00:00,68875.7
2025-12-05 16:00:00+00:00,69745.51
2025-12-05 17:00:00+00:00,68537.4
2025-12-05 18:00:00+00:00,66400.69
2025-12-05 19:00:00+00:00,63060.84
2025-12-05 20:00:00+00:00,60252.21
2025-12-05 21:00:00+00:00,57159.42
2025-12-05 22:00:00+00:00,53236.27
2025-12-05 23:00:00+00:00,49871.48
2025-12-06 00:00:00+00:00,48115.66
2025-12-06 01:00:00+00:00,46957.29
2025-12-06 02:00:00+00:00,46052.04
2025-12-06 03:00:00+00:00,46743.62
2025-12-06 04:00:00+00:00,47542.17
2025-12-06 05:00:00+00:00,49389.33
2025-12-06 06:00:00+00:00,52295.73
2025-12-06 07:00:00+00:00,56075.2
2025-12-06 08:00:00+00:00,58679.13
2025-12-06 09:00:00+00:00,60163.61
2025-12-06 10:00:00+00:00,61037.35
2025-12-06 11:00:00+00:00,60179.56
2025-12-06 12:00:00+00:00,59517.44
2025-12-06 13:00:00+00:00,58866.52
2025-12-06 14:00:00+00:00,59354.86
2025-12-06 15:00:00+00:00,61360.05
2025-12-06 16:00:00+00:00,62847.61
2025-12-06 17:00:00+00:00,62411.0
2025-12-06 18:00:00+00:00,60564.04
2025-12-06 19:00:00+00:00,56932.45
2025-12-06 20:00:00+00:00,53737.94
2025-12-06 21:00:00+00:00,51904.99
2025-12-06 22:00:00+00:00,48581.15
2025-12-06 23:00:00+00:00,45040.42
2025-12-07 00:00:00+00:00,42970.14
2025-12-07 01:00:00+00:00,41823.61
2025-12-07 02:00:00+00:00,41408.11
2025-12-07 03:00:00+00:00,41686.42
2025-12-07 04:00:00+00:00,41683.23
2025-12-07 05:00:00+00:00,42458.17
2025-12-07 06:00:00+00:00,44774.0
2025-12-07 07:00:00+00:00,48501.76
2025-12-07 08:00:00+00:00,51219.72
2025-12-07 09:00:00+00:00,52379.48
2025-12-07 10:00:00+00:00,54250.21
2025-12-07 11:00:00+00:00,54359.55
2025-12-07 12:00:00+00:00,52390.01
2025-12-07 13:00:00+00:00,51219.53
2025-12-07 14:00:00+00:00,51802.14
2025-12-07 15:00:00+00:00,53966.86
2025-12-07 16:00:00+00:00,56406.65
2025-12-07 17:00:00+00:00,57129.52
2025-12-07 18:00:00+00:00,56354.12
2025-12-07 19:00:00+00:00,54695.0
2025-12-07 20:00:00+00:00,53270.19
2025-12-07 21:00:00+00:00,51727.86
2025-12-07 22:00:00+00:00,49025.62
2025-12-07 23:00:00+00:00,46748.43
2025-12-08 00:00:00+00:00,45369.26
2025-12-08 01:00:00+00:00,44906.5
2025-12-08 02:00:00+00:00,45395.13
2025-12-08 03:00:00+00:00,47042.25
2025-12-08 04:00:00+00:00,51155.48
2025-12-08 05:00:00+00:00,59404.64
2025-12-08 06:00:00+00:00,65890.23
2025-12-08 07:00:00+00:00,68556.4
2025-12-08 08:00:00+00:00,68454.09
2025-12-08 09:00:00+00:00,69314.36
2025-12-08 10:00:00+00:00,70000.78
2025-12-08 11:00:00+00:00,69737.69
2025-12-08 12:00:00+00:00,69771.8
2025-12-08 13:00:00+00:00,68895.08
2025-12-08 14:00:00+00:00,69198.25
2025-12-08 15:00:00+00:00,70788.65
2025-12-08 16:00:00+00:00,72159.12
2025-12-08 17:00:00+00:00,71636.7
2025-12-08 18:00:00+00:00,69290.91
2025-12-08 19:00:00+00:00,65473.34
2025-12-08 20:00:00+00:00,61576.25
2025-12-08 21:00:00+00:00,57468.78
2025-12-08 22:00:00+00:00,53602.5
2025-12-08 23:00:00+00:00,49900.61
2025-12-09 00:00:00+00:00,48207.06
2025-12-09 01:00:00+00:00,46768.73
2025-12-09 02:00:00+00:00,47072.66
2025-12-09 03:00:00+00:00,48693.56
2025-12-09 04:00:00+00:00,52377.14
2025-12-09 05:00:00+00:00,60841.83
2025-12-09 06:00:00+00:00,67195.69
2025-12-09 07:00:00+00:00,69890.05
2025-12-09 08:00:00+00:00,68995.67
2025-12-09 09:00:00+00:00,68449.51
2025-12-09 10:00:00+00:00,68043.76
2025-12-09 11:00:00+00:00,67153.16
2025-12-09 12:00:00+00:00,65778.68
2025-12-09 13:00:00+00:00,65605.09
2025-12-09 14:00:00+00:00,65762.58
2025-12-09 15:00:00+00:00,67346.2
2025-12-09 16:00:00+00:00,69436.73
2025-12-09 17:00:00+00:00,68979.91
2025-12-09 18:00:00+00:00,67470.95
2025-12-09 19:00:00+00:00,63838.98
2025-12-09 20:00:00+00:00,60929.61
2025-12-09 21:00:00+00:00,56339.96
2025-12-09 22:00:00+00:00,53328.11
2025-12-09 23:00:00+00:00,50212.71
2025-12-10 00:00:00+00:00,47989.55
2025-12-10 01:00:00+00:00,47484.61
2025-12-10 02:00:00+00:00,47775.97
2025-12-10 03:00:00+00:00,49668.86
2025-12-10 04:00:00+00:00,53430.39
2025-12-10 05:00:00+00:00,61494.34
2025-12-10 06:00:00+00:00,67541.5
2025-12-10 07:00:00+00:00,69486.23
2025-12-10 08:00:00+00:00,69322.67
2025-12-10 09:00:00+00:00,69303.63
2025-12-10 10:00:00+00:00,69856.29
2025-12-10 11:00:00+00:00,69612.44
2025-12-10 12:00:00+00:00,68764.19
2025-12-10 13:00:00+00:00,68404.11
2025-12-10 14:00:00+00:00,69153.0
2025-12-10 15:00:00+00:00,70820.73
2025-12-10 16:00:00+00:00,72047.33
2025-12-10 17:00:00+00:00,71498.05
2025-12-10 18:00:00+00:00,69822.72
2025-12-10 19:00:00+00:00,66286.65
2025-12-10 20:00:00+00:00,62596.37
2025-12-10 21:00:00+00:00,58962.32
2025-12-10 22:00:00+00:00,55021.55
2025-12-10 23:00:00+00:00,51653.66
2025-12-11 00:00:00+00:00,49592.31
2025-12-11 01:00:00+00:00,48694.68
2025-12-11 02:00:00+00:00,48883.46
2025-12-11 03:00:00+00:00,50211.44
2025-12-11 04:00:00+00:00,53863.15
2025-12-11 05:00:00+00:00,62180.74
2025-12-11 06:00:00+00:00,68377.73
2025-12-11 07:00:00+00:00,70778.69
2025-12-11 08:00:00+00:00,70712.91
2025-12-11 09:00:00+00:00,71080.77
2025-12-11 10:00:00+00:00,70668.46
2025-12-11 11:00:00+00:00,70623.57
2025-12-11 12:00:00+00:00,70023.02
2025-12-11 13:00:00+00:00,68913.18
2025-12-11 14:00:00+00:00,68656.85
2025-12-11 15:00:00+00:00,70901.32
2025-12-11 16:00:00+00:00,72784.53
2025-12-11 17:00:00+00:00,72157.1
2025-12-11 18:00:00+00:00,70333.58
2025-12-11 19:00:00+00:00,66222.79
2025-12-11 20:00:00+00:00,62663.53
2025-12-11 21:00:00+00:00,59601.73
2025-12-11 22:00:00+00:00,55335.89
2025-12-11 23:00:00+00:00,52051.57
2025-12-12 00:00:00+00:00,49621.05
2025-12-12 01:00:00+00:00,48202.7
2025-12-12 02:00:00+00:00,47727.23
2025-12-12 03:00:00+00:00,48538.93
2025-12-12 04:00:00+00:00,52205.37
2025-12-12 05:00:00+00:00,59400.49
2025-12-12 06:00:00+00:00,65072.47
2025-12-12 07:00:00+00:00,67993.27
2025-12-12 08:00:00+00:00,67551.97
2025-12-12 09:00:00+00:00,67277.1
2025-12-12 10:00:00+00:00,66847.43
2025-12-12 11:00:00+00:00,65717.31
2025-12-12 12:00:00+00:00,64787.27
2025-12-12 13:00:00+00:00,63398.19
2025-12-12 14:00:00+00:00,63396.02
2025-12-12 15:00:00+00:00,64971.59
2025-12-12 16:00:00+00:00,66668.83
2025-12-12 17:00:00+00:00,65682.5
2025-12-12 18:00:00+00:00,63925.09
2025-12-12 19:00:00+00:00,60490.48
2025-12-12 20:00:00+00:00,57571.21
2025-12-12 21:00:00+00:00,55524.07
2025-12-12 22:00:00+00:00,51796.41
2025-12-12 23:00:00+00:00,48467.17
2025-12-13 00:00:00+00:00,46167.94
2025-12-13 01:00:00+00:00,44882.8
2025-12-13 02:00:00+00:00,45230.36
2025-12-13 03:00:00+00:00,45758.02
2025-12-13 04:00:00+00:00,46641.52
2025-12-13 05:00:00+00:00,48643.16
2025-12-13 06:00:00+00:00,51146.07
2025-12-13 07:00:00+00:00,54533.67
2025-12-13 08:00:00+00:00,57418.74
2025-12-13 09:00:00+00:00,59215.94
2025-12-13 10:00:00+00:00,60487.22
2025-12-13 11:00:00+00:00,60972.66
2025-12-13 12:00:00+00:00,59739.17
2025-12-13 13:00:00+00:00,58759.44
2025-12-13 14:00:00+00:00,58717.23
2025-12-13 15:00:00+00:00,60443.02
2025-12-13 16:00:00+00:00,61552.2
2025-12-13 17:00:00+00:00,61301.87
2025-12-13 18:00:00+00:00,59565.99
2025-12-13 19:00:00+00:00,56794.55
2025-12-13 20:00:00+00:00,54321.68
2025-12-13 21:00:00+00:00,52755.46
2025-12-13 22:00:00+00:00,49754.9
2025-12-13 23:00:00+00:00,46362.1
2025-12-14 00:00:00+00:00,44398.86
2025-12-14 01:00:00+00:00,43567.65
2025-12-14 02:00:00+00:00,43212.39
2025-12-14 03:00:00+00:00,43735.11
2025-12-14 04:00:00+00:00,44356.79
2025-12-14 05:00:00+00:00,45172.12
2025-12-14 06:00:00+00:00,47778.98
2025-12-14 07:00:00+00:00,51016.6
2025-12-14 08:00:00+00:00,54909.53
2025-12-14 09:00:00+00:00,57303.22
2025-12-14 10:00:00+00:00,59576.17
2025-12-14 11:00:00+00:00,59421.15
2025-12-14 12:00:00+00:00,57597.16
2025-12-14 13:00:00+00:00,56998.15
2025-12-14 14:00:00+00:00,57055.13
2025-12-14 15:00:00+00:00,59042.26
2025-12-14 16:00:00+00:00,61299.02
2025-12-14 17:00:00+00:00,61114.78
2025-12-14 18:00:00+00:00,60226.69
2025-12-14 19:00:00+00:00,58126.18
2025-12-14 20:00:00+00:00,56248.57
2025-12-14 21:00:00+00:00,54243.41
2025-12-14 22:00:00+00:00,51053.62
2025-12-14 23:00:00+00:00,48337.19
2025-12-15 00:00:00+00:00,47087.64
2025-12-15 01:00:00+00:00,45922.86
2025-12-15 02:00:00+00:00,45855.9
2025-12-15 03:00:00+00:00,47631.58
2025-12-15 04:00:00+00:00,52411.65
2025-12-15 05:00:00+00:00,60426.04
2025-12-15 06:00:00+00:00,66930.74
2025-12-15 07:00:00+00:00,70805.24
2025-12-15 08:00:00+00:00,70694.62
2025-12-15 09:00:00+00:00,69845.06
2025-12-15 10:00:00+00:00,69125.34
2025-12-15 11:00:00+00:00,68495.56
2025-12-15 12:00:00+00:00,66990.23
2025-12-15 13:00:00+00:00,66097.06
2025-12-15 14:00:00+00:00,67094.85
2025-12-15 15:00:00+00:00,69179.06
2025-12-15 16:00:00+00:00,71343.03
2025-12-15 17:00:00+00:00,71022.21
2025-12-15 18:00:00+00:00,68915.11
2025-12-15 19:00:00+00:00,65146.31
2025-12-15 20:00:00+00:00,61836.28
2025-12-15 21:00:00+00:00,57716.38
2025-12-15 22:00:00+00:00,53329.17
2025-12-15 23:00:00+00:00,49907.24
2025-12-16 00:00:00+00:00,48058.17
2025-12-16 01:00:00+00:00,47677.77
2025-12-16 02:00:00+00:00,47655.41
2025-12-16 03:00:00+00:00,48680.58
2025-12-16 04:00:00+00:00,52437.9
2025-12-16 05:00:00+00:00,60270.95
2025-12-16 06:00:00+00:00,66312.42
2025-12-16 07:00:00+00:00,69261.16
2025-12-16 08:00:00+00:00,69223.25
2025-12-16 09:00:00+00:00,68438.65
2025-12-16 10:00:00+00:00,68302.62
2025-12-16 11:00:00+00:00,67980.21
2025-12-16 12:00:00+00:00,67133.55
2025-12-16 13:00:00+00:00,66020.29
2025-12-16 14:00:00+00:00,66276.12
2025-12-16 15:00:00+00:00,67502.93
2025-12-16 16:00:00+00:00,69051.04
2025-12-16 17:00:00+00:00,68716.87
2025-12-16 18:00:00+00:00,67254.93
2025-12-16 19:00:00+00:00,63998.42
2025-12-16 20:00:00+00:00,60736.41
2025-12-16 21:00:00+00:00,57567.64
2025-12-16 22:00:00+00:00,53793.95
2025-12-16 23:00:00+00:00,50507.14
2025-12-17 00:00:00+00:00,48717.23
2025-12-17 01:00:00+00:00,47898.18
2025-12-17 02:00:00+00:00,47715.09
2025-12-17 03:00:00+00:00,48745.02
2025-12-17 04:00:00+00:00,52627.62
2025-12-17 05:00:00+00:00,59606.29
2025-12-17 06:00:00+00:00,65405.85
2025-12-17 07:00:00+00:00,68028.67
2025-12-17 08:00:00+00:00,67923.14
2025-12-17 09:00:00+00:00,67886.75
2025-12-17 10:00:00+00:00,67546.31
2025-12-17 11:00:00+00:00,66370.16
2025-12-17 12:00:00+00:00,65407.57
2025-12-17 13:00:00+00:00,64642.45
2025-12-17 14:00:00+00:00,65257.47
2025-12-17 15:00:00+00:00,66994.24
2025-12-17 16:00:00+00:00,68912.39
2025-12-17 17:00:00+00:00,68646.09
2025-12-17 18:00:00+00:00,66278.6
2025-12-17 19:00:00+00:00,63010.16
2025-12-17 20:00:00+00:00,59435.22
2025-12-17 21:00:00+00:00,56059.68
2025-12-17 22:00:00+00:00,52200.86
2025-12-17 23:00:00+00:00,48969.99
2025-12-18 00:00:00+00:00,47045.52
2025-12-18 01:00:00+00:00,46381.57
2025-12-18 02:00:00+00:00,47091.29
2025-12-18 03:00:00+00:00,49024.09
2025-12-18 04:00:00+00:00,52675.3
2025-12-18 05:00:00+00:00,59844.9
2025-12-18 06:00:00+00:00,66090.68
2025-12-18 07:00:00+00:00,68909.66
2025-12-18 08:00:00+00:00,68431.72
2025-12-18 09:00:00+00:00,67514.54
2025-12-18 10:00:00+00:00,66454.32
2025-12-18 11:00:00+00:00,65045.58
2025-12-18 12:00:00+00:00,63604.18
2025-12-18 13:00:00+00:00,63194.17
2025-12-18 14:00:00+00:00,63450.13
2025-12-18 15:00:00+00:00,65721.88
2025-12-18 16:00:00+00:00,68458.79
2025-12-18 17:00:00+00:00,68650.69
2025-12-18 18:00:00+00:00,66383.44
2025-12-18 19:00:00+00:00,63426.71
2025-12-18 20:00:00+00:00,60269.86
2025-12-18 21:00:00+00:00,57208.05
2025-12-18 22:00:00+00:00,53539.84
2025-12-18 23:00:00+00:00,50655.84
2025-12-19 00:00:00+00:00,49057.74
2025-12-19 01:00:00+00:00,48317.69
2025-12-19 02:00:00+00:00,48407.82
2025-12-19 03:00:00+00:00,49602.01
2025-12-19 04:00:00+00:00,52732.91
2025-12-19 05:00:00+00:00,58732.33
2025-12-19 06:00:00+00:00,63121.95
2025-12-19 07:00:00+00:00,66373.26
2025-12-19 08:00:00+00:00,65853.71
2025-12-19 09:00:00+00:00,65122.01
2025-12-19 10:00:00+00:00,64577.5
2025-12-19 11:00:00+00:00,64401.45
2025-12-19 12:00:00+00:00,62620.44
2025-12-19 13:00:00+00:00,61605.64
2025-12-19 14:00:00+00:00,62001.16
2025-12-19 15:00:00+00:00,63712.34
2025-12-19 16:00:00+00:00,64535.94
2025-12-19 17:00:00+00:00,63532.41
2025-12-19 18:00:00+00:00,61336.93
2025-12-19 19:00:00+00:00,57805.3
2025-12-19 20:00:00+00:00,54800.77
2025-12-19 21:00:00+00:00,51895.71
2025-12-19 22:00:00+00:00,48383.67
2025-12-19 23:00:00+00:00,45226.32
2025-12-20 00:00:00+00:00,43310.46
2025-12-20 01:00:00+00:00,42614.05
2025-12-20 02:00:00+00:00,41983.49
2025-12-20 03:00:00+00:00,42131.49
2025-12-20 04:00:00+00:00,42590.76
2025-12-20 05:00:00+00:00,44086.51
2025-12-20 06:00:00+00:00,47130.41
2025-12-20 07:00:00+00:00,50302.58
2025-12-20 08:00:00+00:00,52464.16
2025-12-20 09:00:00+00:00,53872.48
2025-12-20 10:00:00+00:00,54971.14
2025-12-20 11:00:00+00:00,54983.83
2025-12-20 12:00:00+00:00,53962.57
2025-12-20 13:00:00+00:00,53189.95
2025-12-20 14:00:00+00:00,53499.25
2025-12-20 15:00:00+00:00,55178.09
2025-12-20 16:00:00+00:00,56772.59
2025-12-20 17:00:00+00:00,56620.62
2025-12-20 18:00:00+00:00,55130.22
2025-12-20 19:00:00+00:00,52393.49
2025-12-20 20:00:00+00:00,50112.43
2025-12-20 21:00:00+00:00,48175.82
2025-12-20 22:00:00+00:00,45862.5
2025-12-20 23:00:00+00:00,42812.0
2025-12-21 00:00:00+00:00,41107.88
2025-12-21 01:00:00+00:00,40180.82
2025-12-21 02:00:00+00:00,40192.06
2025-12-21 03:00:00+00:00,40195.92
2025-12-21 04:00:00+00:00,40776.57
2025-12-21 05:00:00+00:00,41522.06
2025-12-21 06:00:00+00:00,43812.18
2025-12-21 07:00:00+00:00,46534.8
2025-12-21 08:00:00+00:00,49288.54
2025-12-21 09:00:00+00:00,51441.52
2025-12-21 10:00:00+00:00,53040.67
2025-12-21 11:00:00+00:00,52992.5
2025-12-21 12:00:00+00:00,51196.56
2025-12-21 13:00:00+00:00,50178.29
2025-12-21 14:00:00+00:00,50667.77
2025-12-21 15:00:00+00:00,52458.46
2025-12-21 16:00:00+00:00,55049.48
2025-12-21 17:00:00+00:00,55909.4
2025-12-21 18:00:00+00:00,54632.63
2025-12-21 19:00:00+00:00,52334.33
2025-12-21 20:00:00+00:00,50689.37
2025-12-21 21:00:00+00:00,48849.38
2025-12-21 22:00:00+00:00,45876.04
2025-12-21 23:00:00+00:00,44168.39
2025-12-22 00:00:00+00:00,43119.4
2025-12-22 01:00:00+00:00,42672.22
2025-12-22 02:00:00+00:00,43220.9
2025-12-22 03:00:00+00:00,44200.29
2025-12-22 04:00:00+00:00,47063.06
2025-12-22 05:00:00+00:00,51296.71
2025-12-22 06:00:00+00:00,55796.45
2025-12-22 07:00:00+00:00,59669.39
2025-12-22 08:00:00+00:00,61272.46
2025-12-22 09:00:00+00:00,61210.5
2025-12-22 10:00:00+00:00,61447.92
2025-12-22 11:00:00+00:00,61535.17
2025-12-22 12:00:00+00:00,61358.53
2025-12-22 13:00:00+00:00,60838.13
2025-12-22 14:00:00+00:00,60988.11
2025-12-22 15:00:00+00:00,62496.11
2025-12-22 16:00:00+00:00,63863.3
2025-12-22 17:00:00+00:00,63477.83
2025-12-22 18:00:00+00:00,61847.89
2025-12-22 19:00:00+00:00,58880.26
2025-12-22 20:00:00+00:00,56239.9
2025-12-22 21:00:00+00:00,53462.6
2025-12-22 22:00:00+00:00,49401.98
2025-12-22 23:00:00+00:00,45774.99
2025-12-23 00:00:00+00:00,44235.36
2025-12-23 01:00:00+00:00,43748.53
2025-12-23 02:00:00+00:00,43408.46
2025-12-23 03:00:00+00:00,44427.74
2025-12-23 04:00:00+00:00,46471.51
2025-12-23 05:00:00+00:00,50526.87
2025-12-23 06:00:00+00:00,55131.61
2025-12-23 07:00:00+00:00,59008.84
2025-12-23 08:00:00+00:00,61314.49
2025-12-23 09:00:00+00:00,61493.45
2025-12-23 10:00:00+00:00,62414.08
2025-12-23 11:00:00+00:00,63325.82
2025-12-23 12:00:00+00:00,62642.06
2025-12-23 13:00:00+00:00,61966.3
2025-12-23 14:00:00+00:00,61894.28
2025-12-23 15:00:00+00:00,62818.13
2025-12-23 16:00:00+00:00,64617.62
2025-12-23 17:00:00+00:00,63802.35
2025-12-23 18:00:00+00:00,62123.97
2025-12-23 19:00:00+00:00,58722.42
2025-12-23 20:00:00+00:00,55885.79
2025-12-23 21:00:00+00:00,52937.94
2025-12-23 22:00:00+00:00,49353.42
2025-12-23 23:00:00+00:00,46188.68
2025-12-24 00:00:00+00:00,44122.69
2025-12-24 01:00:00+00:00,43067.61
2025-12-24 02:00:00+00:00,42794.59
2025-12-24 03:00:00+00:00,43121.82
2025-12-24 04:00:00+00:00,44524.1
2025-12-24 05:00:00+00:00,46201.47
2025-12-24 06:00:00+00:00,48734.8
2025-12-24 07:00:00+00:00,52183.63
2025-12-24 08:00:00+00:00,55585.03
2025-12-24 09:00:00+00:00,56576.65
2025-12-24 10:00:00+00:00,57121.98
2025-12-24 11:00:00+00:00,56783.99
2025-12-24 12:00:00+00:00,55767.79
2025-12-24 13:00:00+00:00,54678.74
2025-12-24 14:00:00+00:00,54398.69
2025-12-24 15:00:00+00:00,55811.07
2025-12-24 16:00:00+00:00,57503.34
2025-12-24 17:00:00+00:00,56253.65
2025-12-24 18:00:00+00:00,53308.06
2025-12-24 19:00:00+00:00,51027.14
2025-12-24 20:00:00+00:00,49742.92
2025-12-24 21:00:00+00:00,48984.99
2025-12-24 22:00:00+00:00,46939.15
2025-12-24 23:00:00+00:00,45039.36
2025-12-25 00:00:00+00:00,42841.91
2025-12-25 01:00:00+00:00,42053.92
2025-12-25 02:00:00+00:00,41576.41
2025-12-25 03:00:00+00:00,41782.05
2025-12-25 04:00:00+00:00,42189.64
2025-12-25 05:00:00+00:00,42101.8
2025-12-25 06:00:00+00:00,43862.84
2025-12-25 07:00:00+00:00,46794.24
2025-12-25 08:00:00+00:00,49659.14
2025-12-25 09:00:00+00:00,51897.79
2025-12-25 10:00:00+00:00,53713.62
2025-12-25 11:00:00+00:00,52941.8
2025-12-25 12:00:00+00:00,49599.33
2025-12-25 13:00:00+00:00,48126.25
2025-12-25 14:00:00+00:00,49028.76
2025-12-25 15:00:00+00:00,51326.6
2025-12-25 16:00:00+00:00,54004.2
2025-12-25 17:00:00+00:00,54379.03
2025-12-25 18:00:00+00:00,53304.0
2025-12-25 19:00:00+00:00,51484.89
2025-12-25 20:00:00+00:00,50084.33
2025-12-25 21:00:00+00:00,49344.69
2025-12-25 22:00:00+00:00,47321.52
2025-12-25 23:00:00+00:00,45270.82
2025-12-26 00:00:00+00:00,43739.99
2025-12-26 01:00:00+00:00,42712.49
2025-12-26 02:00:00+00:00,42070.45
2025-12-26 03:00:00+00:00,42366.67
2025-12-26 04:00:00+00:00,43264.71
2025-12-26 05:00:00+00:00,43066.94
2025-12-26 06:00:00+00:00,44546.96
2025-12-26 07:00:00+00:00,47389.84
2025-12-26 08:00:00+00:00,50291.34
2025-12-26 09:00:00+00:00,51590.16
2025-12-26 10:00:00+00:00,53428.29
2025-12-26 11:00:00+00:00,52308.26
2025-12-26 12:00:00+00:00,50032.02
2025-12-26 13:00:00+00:00,48515.96
2025-12-26 14:00:00+00:00,49178.73
2025-12-26 15:00:00+00:00,50782.37
2025-12-26 16:00:00+00:00,52973.65
2025-12-26 17:00:00+00:00,53504.76
2025-12-26 18:00:00+00:00,52548.13
2025-12-26 19:00:00+00:00,51085.41
2025-12-26 20:00:00+00:00,49753.9
2025-12-26 21:00:00+00:00,48633.51
2025-12-26 22:00:00+00:00,46500.9
2025-12-26 23:00:00+00:00,44184.62
2025-12-27 00:00:00+00:00,42850.73
2025-12-27 01:00:00+00:00,42210.52
2025-12-27 02:00:00+00:00,41981.0
2025-12-27 03:00:00+00:00,42436.09
2025-12-27 04:00:00+00:00,43302.59
2025-12-27 05:00:00+00:00,45187.82
2025-12-27 06:00:00+00:00,47904.87
2025-12-27 07:00:00+00:00,51364.04
2025-12-27 08:00:00+00:00,53967.86
2025-12-27 09:00:00+00:00,55257.1
2025-12-27 10:00:00+00:00,56531.11
2025-12-27 11:00:00+00:00,56766.92
2025-12-27 12:00:00+00:00,55399.99
2025-12-27 13:00:00+00:00,54232.86
2025-12-27 14:00:00+00:00,54897.6
2025-12-27 15:00:00+00:00,57843.53
2025-12-27 16:00:00+00:00,60683.59
2025-12-27 17:00:00+00:00,61070.96
2025-12-27 18:00:00+00:00,59156.53
2025-12-27 19:00:00+00:00,56331.73
2025-12-27 20:00:00+00:00,53616.5
2025-12-27 21:00:00+00:00,51822.33
2025-12-27 22:00:00+00:00,49450.57
2025-12-27 23:00:00+00:00,46799.32
2025-12-28 00:00:00+00:00,44394.94
2025-12-28 01:00:00+00:00,42696.49
2025-12-28 02:00:00+00:00,42541.91
2025-12-28 03:00:00+00:00,42894.25
2025-12-28 04:00:00+00:00,43409.38
2025-12-28 05:00:00+00:00,43911.07
2025-12-28 06:00:00+00:00,45726.32
2025-12-28 07:00:00+00:00,48691.14
2025-12-28 08:00:00+00:00,50165.53
2025-12-28 09:00:00+00:00,51732.12
2025-12-28 10:00:00+00:00,52980.04
2025-12-28 11:00:00+00:00,52831.59
2025-12-28 12:00:00+00:00,50917.63
2025-12-28 13:00:00+00:00,50292.43
2025-12-28 14:00:00+00:00,51752.64
2025-12-28 15:00:00+00:00,53539.17
2025-12-28 16:00:00+00:00,56740.41
2025-12-28 17:00:00+00:00,57532.6
2025-12-28 18:00:00+00:00,57128.43
2025-12-28 19:00:00+00:00,55354.61
2025-12-28 20:00:00+00:00,53830.51
2025-12-28 21:00:00+00:00,52813.38
2025-12-28 22:00:00+00:00,50659.62
2025-12-28 23:00:00+00:00,48080.48
2025-12-29 00:00:00+00:00,46728.68
2025-12-29 01:00:00+00:00,45417.45
2025-12-29 02:00:00+00:00,45212.21
2025-12-29 03:00:00+00:00,45941.77
2025-12-29 04:00:00+00:00,47152.04
2025-12-29 05:00:00+00:00,49647.32
2025-12-29 06:00:00+00:00,52806.98
2025-12-29 07:00:00+00:00,55876.01
2025-12-29 08:00:00+00:00,57943.65
2025-12-29 09:00:00+00:00,58656.77
2025-12-29 10:00:00+00:00,59268.46
2025-12-29 11:00:00+00:00,59319.62
2025-12-29 12:00:00+00:00,58875.14
2025-12-29 13:00:00+00:00,58635.91
2025-12-29 14:00:00+00:00,59412.57
2025-12-29 15:00:00+00:00,61650.57
2025-12-29 16:00:00+00:00,63795.29
2025-12-29 17:00:00+00:00,63680.26
2025-12-29 18:00:00+00:00,61826.58
2025-12-29 19:00:00+00:00,58460.03
2025-12-29 20:00:00+00:00,55882.36
2025-12-29 21:00:00+00:00,53812.7
2025-12-29 22:00:00+00:00,51029.92
2025-12-29 23:00:00+00:00,47917.89
2025-12-30 00:00:00+00:00,45463.31
2025-12-30 01:00:00+00:00,44758.86
2025-12-30 02:00:00+00:00,44765.54
2025-12-30 03:00:00+00:00,45224.84
2025-12-30 04:00:00+00:00,47247.94
2025-12-30 05:00:00+00:00,50554.35
2025-12-30 06:00:00+00:00,54005.55
2025-12-30 07:00:00+00:00,57062.69
2025-12-30 08:00:00+00:00,58569.24
2025-12-30 09:00:00+00:00,59189.74
2025-12-30 10:00:00+00:00,59032.98
2025-12-30 11:00:00+00:00,58765.03
2025-12-30 12:00:00+00:00,57200.09
2025-12-30 13:00:00+00:00,56646.62
2025-12-30 14:00:00+00:00,57619.74
2025-12-30 15:00:00+00:00,60092.43
2025-12-30 16:00:00+00:00,62880.46
2025-12-30 17:00:00+00:00,62957.86
2025-12-30 18:00:00+00:00,61192.83
2025-12-30 19:00:00+00:00,57905.44
2025-12-30 20:00:00+00:00,55865.78
2025-12-30 21:00:00+00:00,53882.88
2025-12-30 22:00:00+00:00,51477.81
2025-12-30 23:00:00+00:00,49577.65
2025-12-31 00:00:00+00:00,47539.28
2025-12-31 01:00:00+00:00,46522.73
2025-12-31 02:00:00+00:00,45614.48
2025-12-31 03:00:00+00:00,45502.7
2025-12-31 04:00:00+00:00,47063.68
2025-12-31 05:00:00+00:00,48493.64
2025-12-31 06:00:00+00:00,50621.23
2025-12-31 07:00:00+00:00,52745.86
2025-12-31 08:00:00+00:00,54978.51
2025-12-31 09:00:00+00:00,56085.8
2025-12-31 10:00:00+00:00,56885.79
2025-12-31 11:00:00+00:00,57255.14
2025-12-31 12:00:00+00:00,56131.44
2025-12-31 13:00:00+00:00,55142.98
2025-12-31 14:00:00+00:00,55597.42
2025-12-31 15:00:00+00:00,57467.45
2025-12-31 16:00:00+00:00,59079.43
2025-12-31 17:00:00+00:00,58358.16
2025-12-31 18:00:00+00:00,55505.61
2025-12-31 19:00:00+00:00,52297.32
2025-12-31 20:00:00+00:00,50355.34
2025-12-31 21:00:00+00:00,49025.54
2025-12-31 22:00:00+00:00,47434.6
2025-12-31 23:00:00+00:00,46122.88
2026-01-01 00:00:00+00:00,45598.23
2026-01-01 01:00:00+00:00,44673.92
2026-01-01 02:00:00+00:00,43796.41
2026-01-01 03:00:00+00:00,43359.56
2026-01-01 04:00:00+00:00,43074.61
2026-01-01 05:00:00+00:00,42545.64
2026-01-01 06:00:00+00:00,43155.68
2026-01-01 07:00:00+00:00,44050.53
2026-01-01 08:00:00+00:00,46027.91
2026-01-01 09:00:00+00:00,48127.3
2026-01-01 10:00:00+00:00,50221.08
2026-01-01 11:00:00+00:00,51399.6
2026-01-01 12:00:00+00:00,50855.27
2026-01-01 13:00:00+00:00,51180.0
2026-01-01 14:00:00+00:00,51984.26
2026-01-01 15:00:00+00:00,54167.81
2026-01-01 16:00:00+00:00,56380.21
2026-01-01 17:00:00+00:00,56244.99
2026-01-01 18:00:00+00:00,55009.6
2026-01-01 19:00:00+00:00,52949.63
2026-01-01 20:00:00+00:00,51424.93
2026-01-01 21:00:00+00:00,49860.54
2026-01-01 22:00:00+00:00,47977.97
2026-01-01 23:00:00+00:00,45652.08
2026-01-02 00:00:00+00:00,44883.25
2026-01-02 01:00:00+00:00,44091.92
2026-01-02 02:00:00+00:00,43999.25
2026-01-02 03:00:00+00:00,45223.84
2026-01-02 04:00:00+00:00,46732.85
2026-01-02 05:00:00+00:00,49108.85
2026-01-02 06:00:00+00:00,52804.41
2026-01-02 07:00:00+00:00,55651.54
2026-01-02 08:00:00+00:00,58290.16
2026-01-02 09:00:00+00:00,61026.41
2026-01-02 10:00:00+00:00,62116.04
2026-01-02 11:00:00+00:00,63062.89
2026-01-02 12:00:00+00:00,61893.49
2026-01-02 13:00:00+00:00,60835.86
2026-01-02 14:00:00+00:00,60797.0
2026-01-02 15:00:00+00:00,61879.19
2026-01-02 16:00:00+00:00,64194.65
2026-01-02 17:00:00+00:00,63860.58
2026-01-02 18:00:00+00:00,61633.56
2026-01-02 19:00:00+00:00,58232.36
2026-01-02 20:00:00+00:00,56176.43
2026-01-02 21:00:00+00:00,54466.21
2026-01-02 22:00:00+00:00,51845.17
2026-01-02 23:00:00+00:00,50749.78
2026-01-03 00:00:00+00:00,49234.49
2026-01-03 01:00:00+00:00,47630.41
2026-01-03 02:00:00+00:00,46849.13
2026-01-03 03:00:00+00:00,47122.33
2026-01-03 04:00:00+00:00,47611.3
2026-01-03 05:00:00+00:00,48412.35
2026-01-03 06:00:00+00:00,50681.28
2026-01-03 07:00:00+00:00,53334.48
2026-01-03 08:00:00+00:00,56150.87
2026-01-03 09:00:00+00:00,58665.55
2026-01-03 10:00:00+00:00,60410.86
2026-01-03 11:00:00+00:00,60984.22
2026-01-03 12:00:00+00:00,59291.06
2026-01-03 13:00:00+00:00,58836.02
2026-01-03 14:00:00+00:00,59355.26
2026-01-03 15:00:00+00:00,60813.45
2026-01-03 16:00:00+00:00,63084.64
2026-01-03 17:00:00+00:00,62848.96
2026-01-03 18:00:00+00:00,61392.92
2026-01-03 19:00:00+00:00,58261.43
2026-01-03 20:00:00+00:00,55279.23
2026-01-03 21:00:00+00:00,54149.5
2026-01-03 22:00:00+00:00,51809.42
2026-01-03 23:00:00+00:00,48682.66
2026-01-04 00:00:00+00:00,46973.92
2026-01-04 01:00:00+00:00,45927.37
2026-01-04 02:00:00+00:00,46114.88
2026-01-04 03:00:00+00:00,45958.98
2026-01-04 04:00:00+00:00,45573.1
2026-01-04 05:00:00+00:00,45486.15
2026-01-04 06:00:00+00:00,47313.95
2026-01-04 07:00:00+00:00,50147.2
2026-01-04 08:00:00+00:00,53117.69
2026-01-04 09:00:00+00:00,55360.48
2026-01-04 10:00:00+00:00,57541.61
2026-01-04 11:00:00+00:00,57855.78
2026-01-04 12:00:00+00:00,57125.07
2026-01-04 13:00:00+00:00,55937.32
2026-01-04 14:00:00+00:00,56153.07
2026-01-04 15:00:00+00:00,57899.4
2026-01-04 16:00:00+00:00,60950.3
2026-01-04 17:00:00+00:00,61375.13
2026-01-04 18:00:00+00:00,59964.54
2026-01-04 19:00:00+00:00,57413.58
2026-01-04 20:00:00+00:00,55519.35
2026-01-04 21:00:00+00:00,53931.26
2026-01-04 22:00:00+00:00,51102.96
2026-01-04 23:00:00+00:00,48717.84
2026-01-05 00:00:00+00:00,47383.3
2026-01-05 01:00:00+00:00,47058.42
2026-01-05 02:00:00+00:00,47068.69
2026-01-05 03:00:00+00:00,48029.04
2026-01-05 04:00:00+00:00,51071.5
2026-01-05 05:00:00+00:00,56542.31
2026-01-05 06:00:00+00:00,61433.84
2026-01-05 07:00:00+00:00,64841.53
2026-01-05 08:00:00+00:00,66279.0
2026-01-05 09:00:00+00:00,66751.99
2026-01-05 10:00:00+00:00,67926.38
2026-01-05 11:00:00+00:00,67421.41
2026-01-05 12:00:00+00:00,66509.86
2026-01-05 13:00:00+00:00,65226.52
2026-01-05 14:00:00+00:00,65447.39
2026-01-05 15:00:00+00:00,66911.23
2026-01-05 16:00:00+00:00,69136.48
2026-01-05 17:00:00+00:00,69539.64
2026-01-05 18:00:00+00:00,67919.85
2026-01-05 19:00:00+00:00,64883.3
2026-01-05 20:00:00+00:00,61873.26
2026-01-05 21:00:00+00:00,58991.64
2026-01-05 22:00:00+00:00,55992.01
2026-01-05 23:00:00+00:00,54320.76
2026-01-06 00:00:00+00:00,52146.36
2026-01-06 01:00:00+00:00,51043.21
2026-01-06 02:00:00+00:00,50652.09
2026-01-06 03:00:00+00:00,51528.91
2026-01-06 04:00:00+00:00,53399.79
2026-01-06 05:00:00+00:00,57577.22
2026-01-06 06:00:00+00:00,61536.17
2026-01-06 07:00:00+00:00,64272.92
2026-01-06 08:00:00+00:00,65789.02
2026-01-06 09:00:00+00:00,66862.88
2026-01-06 10:00:00+00:00,67610.07
2026-01-06 11:00:00+00:00,67743.98
2026-01-06 12:00:00+00:00,66879.5
2026-01-06 13:00:00+00:00,65724.36
2026-01-06 14:00:00+00:00,65820.76
2026-01-06 15:00:00+00:00,66822.93
2026-01-06 16:00:00+00:00,69465.8
2026-01-06 17:00:00+00:00,69449.21
2026-01-06 18:00:00+00:00,68050.04
2026-01-06 19:00:00+00:00,65100.48
2026-01-06 20:00:00+00:00,62411.71
2026-01-06 21:00:00+00:00,60191.77
2026-01-06 22:00:00+00:00,57412.83
2026-01-06 23:00:00+00:00,55181.96
2026-01-07 00:00:00+00:00,53608.1
2026-01-07 01:00:00+00:00,52888.72
2026-01-07 02:00:00+00:00,53266.09
2026-01-07 03:00:00+00:00,54782.29
2026-01-07 04:00:00+00:00,58167.66
2026-01-07 05:00:00+00:00,65399.3
2026-01-07 06:00:00+00:00,70819.2
2026-01-07 07:00:00+00:00,73905.03
2026-01-07 08:00:00+00:00,75053.48
2026-01-07 09:00:00+00:00,75249.65
2026-01-07 10:00:00+00:00,74576.07
2026-01-07 11:00:00+00:00,74321.59
2026-01-07 12:00:00+00:00,72934.86
2026-01-07 13:00:00+00:00,72130.87
2026-01-07 14:00:00+00:00,72216.37
2026-01-07 15:00:00+00:00,74072.13
2026-01-07 16:00:00+00:00,77143.62
2026-01-07 17:00:00+00:00,76867.52
2026-01-07 18:00:00+00:00,75658.92
2026-01-07 19:00:00+00:00,71368.22
2026-01-07 20:00:00+00:00,67122.92
2026-01-07 21:00:00+00:00,64254.47
2026-01-07 22:00:00+00:00,61120.81
2026-01-07 23:00:00+00:00,58820.11
2026-01-08 00:00:00+00:00,56674.08
2026-01-08 01:00:00+00:00,55485.03
2026-01-08 02:00:00+00:00,55273.72
2026-01-08 03:00:00+00:00,55996.63
2026-01-08 04:00:00+00:00,59133.22
2026-01-08 05:00:00+00:00,65569.79
2026-01-08 06:00:00+00:00,71047.32
2026-01-08 07:00:00+00:00,74343.56
2026-01-08 08:00:00+00:00,75266.46
2026-01-08 09:00:00+00:00,75361.21
2026-01-08 10:00:00+00:00,75214.25
2026-01-08 11:00:00+00:00,74126.48
2026-01-08 12:00:00+00:00,72960.1
2026-01-08 13:00:00+00:00,72240.73
2026-01-08 14:00:00+00:00,72161.14
2026-01-08 15:00:00+00:00,72799.27
2026-01-08 16:00:00+00:00,74857.83
2026-01-08 17:00:00+00:00,73782.55
2026-01-08 18:00:00+00:00,72361.25
2026-01-08 19:00:00+00:00,69373.87
2026-01-08 20:00:00+00:00,65912.28
2026-01-08 21:00:00+00:00,63287.73
2026-01-08 22:00:00+00:00,59006.75
2026-01-08 23:00:00+00:00,56559.9
2026-01-09 00:00:00+00:00,54832.14
2026-01-09 01:00:00+00:00,53887.32
2026-01-09 02:00:00+00:00,54688.92
2026-01-09 03:00:00+00:00,56431.97
2026-01-09 04:00:00+00:00,58832.56
2026-01-09 05:00:00+00:00,64760.76
2026-01-09 06:00:00+00:00,70120.49
2026-01-09 07:00:00+00:00,73404.18
2026-01-09 08:00:00+00:00,73691.04
2026-01-09 09:00:00+00:00,73890.19
2026-01-09 10:00:00+00:00,74525.17
2026-01-09 11:00:00+00:00,74088.98
2026-01-09 12:00:00+00:00,72756.33
2026-01-09 13:00:00+00:00,71936.83
2026-01-09 14:00:00+00:00,71883.21
2026-01-09 15:00:00+00:00,72294.11
2026-01-09 16:00:00+00:00,74271.68
2026-01-09 17:00:00+00:00,73030.69
2026-01-09 18:00:00+00:00,70971.58
2026-01-09 19:00:00+00:00,66867.44
2026-01-09 20:00:00+00:00,63039.32
2026-01-09 21:00:00+00:00,60673.28
2026-01-09 22:00:00+00:00,57110.11
2026-01-09 23:00:00+00:00,54622.76
2026-01-10 00:00:00+00:00,52249.79
2026-01-10 01:00:00+00:00,51517.67
2026-01-10 02:00:00+00:00,51803.26
2026-01-10 03:00:00+00:00,51907.05
2026-01-10 04:00:00+00:00,51750.73
2026-01-10 05:00:00+00:00,53037.78
2026-01-10 06:00:00+00:00,54501.93
2026-01-10 07:00:00+00:00,58138.76
2026-01-10 08:00:00+00:00,61855.1
2026-01-10 09:00:00+00:00,63563.36
2026-01-10 10:00:00+00:00,65025.39
2026-01-10 11:00:00+00:00,65289.89
2026-01-10 12:00:00+00:00,64465.12
2026-01-10 13:00:00+00:00,63689.76
2026-01-10 14:00:00+00:00,63501.5
2026-01-10 15:00:00+00:00,64856.0
2026-01-10 16:00:00+00:00,67466.65
2026-01-10 17:00:00+00:00,67021.02
2026-01-10 18:00:00+00:00,65047.83
2026-01-10 19:00:00+00:00,62212.35
2026-01-10 20:00:00+00:00,59789.83
2026-01-10 21:00:00+00:00,58300.77
2026-01-10 22:00:00+00:00,55797.6
2026-01-10 23:00:00+00:00,53665.16
2026-01-11 00:00:00+00:00,52307.81
2026-01-11 01:00:00+00:00,51202.59
2026-01-11 02:00:00+00:00,50564.03
2026-01-11 03:00:00+00:00,50877.27
2026-01-11 04:00:00+00:00,51145.76
2026-01-11 05:00:00+00:00,51264.7
2026-01-11 06:00:00+00:00,53323.57
2026-01-11 07:00:00+00:00,56390.86
2026-01-11 08:00:00+00:00,59200.02
2026-01-11 09:00:00+00:00,61311.67
2026-01-11 10:00:00+00:00,62704.68
2026-01-11 11:00:00+00:00,62190.62
2026-01-11 12:00:00+00:00,60655.13
2026-01-11 13:00:00+00:00,59418.91
2026-01-11 14:00:00+00:00,59622.69
2026-01-11 15:00:00+00:00,62027.09
2026-01-11 16:00:00+00:00,66184.0
2026-01-11 17:00:00+00:00,66427.45
2026-01-11 18:00:00+00:00,64341.16
2026-01-11 19:00:00+00:00,61981.42
2026-01-11 20:00:00+00:00,59853.86
2026-01-11 21:00:00+00:00,58547.86
2026-01-11 22:00:00+00:00,55684.42
2026-01-11 23:00:00+00:00,53862.4
2026-01-12 00:00:00+00:00,52156.79
2026-01-12 01:00:00+00:00,51724.99
2026-01-12 02:00:00+00:00,51676.2
2026-01-12 03:00:00+00:00,52997.36
2026-01-12 04:00:00+00:00,56470.22
2026-01-12 05:00:00+00:00,64696.34
2026-01-12 06:00:00+00:00,70544.34
2026-01-12 07:00:00+00:00,74262.14
2026-01-12 08:00:00+00:00,75280.5
2026-01-12 09:00:00+00:00,75823.06
2026-01-12 10:00:00+00:00,75814.41
2026-01-12 11:00:00+00:00,75391.72
2026-01-12 12:00:00+00:00,74908.78
2026-01-12 13:00:00+00:00,73846.11
2026-01-12 14:00:00+00:00,73522.58
2026-01-12 15:00:00+00:00,73858.5
2026-01-12 16:00:00+00:00,75044.83
2026-01-12 17:00:00+00:00,74111.49
2026-01-12 18:00:00+00:00,72298.1
2026-01-12 19:00:00+00:00,68616.93
2026-01-12 20:00:00+00:00,64563.31
2026-01-12 21:00:00+00:00,60741.43
2026-01-12 22:00:00+00:00,57220.27
2026-01-12 23:00:00+00:00,54264.2
2026-01-13 00:00:00+00:00,52826.04
2026-01-13 01:00:00+00:00,51517.83
2026-01-13 02:00:00+00:00,51119.03
2026-01-13 03:00:00+00:00,51994.57
2026-01-13 04:00:00+00:00,55333.12
2026-01-13 05:00:00+00:00,62206.12
2026-01-13 06:00:00+00:00,67798.17
2026-01-13 07:00:00+00:00,71032.27
2026-01-13 08:00:00+00:00,71259.86
2026-01-13 09:00:00+00:00,71120.15
2026-01-13 10:00:00+00:00,71355.11
2026-01-13 11:00:00+00:00,70937.45
2026-01-13 12:00:00+00:00,69998.81
2026-01-13 13:00:00+00:00,68815.2
2026-01-13 14:00:00+00:00,68841.52
2026-01-13 15:00:00+00:00,69595.8
2026-01-13 16:00:00+00:00,72200.47
2026-01-13 17:00:00+00:00,72380.32
2026-01-13 18:00:00+00:00,70491.08
2026-01-13 19:00:00+00:00,67324.19
2026-01-13 20:00:00+00:00,63713.94
2026-01-13 21:00:00+00:00,60710.35
2026-01-13 22:00:00+00:00,57680.02
2026-01-13 23:00:00+00:00,54302.05
2026-01-14 00:00:00+00:00,52201.93
2026-01-14 01:00:00+00:00,51896.24
2026-01-14 02:00:00+00:00,51749.15
2026-01-14 03:00:00+00:00,53150.55
2026-01-14 04:00:00+00:00,56650.54
2026-01-14 05:00:00+00:00,64295.43
2026-01-14 06:00:00+00:00,70067.82
2026-01-14 07:00:00+00:00,73265.77
2026-01-14 08:00:00+00:00,72717.66
2026-01-14 09:00:00+00:00,72767.51
2026-01-14 10:00:00+00:00,72657.59
2026-01-14 11:00:00+00:00,71867.17
2026-01-14 12:00:00+00:00,70606.47
2026-01-14 13:00:00+00:00,69152.11
2026-01-14 14:00:00+00:00,69022.07
2026-01-14 15:00:00+00:00,69799.53
2026-01-14 16:00:00+00:00,71804.02
2026-01-14 17:00:00+00:00,71364.41
2026-01-14 18:00:00+00:00,69378.09
2026-01-14 19:00:00+00:00,66369.89
2026-01-14 20:00:00+00:00,62782.83
2026-01-14 21:00:00+00:00,59156.78
2026-01-14 22:00:00+00:00,55565.02
2026-01-14 23:00:00+00:00,51938.04
2026-01-15 00:00:00+00:00,50518.22
2026-01-15 01:00:00+00:00,49679.45
2026-01-15 02:00:00+00:00,49673.42
2026-01-15 03:00:00+00:00,51056.32
2026-01-15 04:00:00+00:00,54817.03
2026-01-15 05:00:00+00:00,62541.9
2026-01-15 06:00:00+00:00,68078.73
2026-01-15 07:00:00+00:00,71304.35
2026-01-15 08:00:00+00:00,71549.39
2026-01-15 09:00:00+00:00,71516.41
2026-01-15 10:00:00+00:00,71900.28
2026-01-15 11:00:00+00:00,70669.02
2026-01-15 12:00:00+00:00,68631.91
2026-01-15 13:00:00+00:00,67262.29
2026-01-15 14:00:00+00:00,67014.24
2026-01-15 15:00:00+00:00,68641.31
2026-01-15 16:00:00+00:00,71212.23
2026-01-15 17:00:00+00:00,70995.13
2026-01-15 18:00:00+00:00,69493.69
2026-01-15 19:00:00+00:00,66374.19
2026-01-15 20:00:00+00:00,62584.68
2026-01-15 21:00:00+00:00,59393.34
2026-01-15 22:00:00+00:00,56044.33
2026-01-15 23:00:00+00:00,53568.66
2026-01-16 00:00:00+00:00,51731.63
2026-01-16 01:00:00+00:00,51540.06
2026-01-16 02:00:00+00:00,51512.61
2026-01-16 03:00:00+00:00,53164.0
2026-01-16 04:00:00+00:00,56871.7
2026-01-16 05:00:00+00:00,64421.8
2026-01-16 06:00:00+00:00,70019.05
2026-01-16 07:00:00+00:00,72832.67
2026-01-16 08:00:00+00:00,72436.94
2026-01-16 09:00:00+00:00,71343.22
2026-01-16 10:00:00+00:00,70204.84
2026-01-16 11:00:00+00:00,68525.91
2026-01-16 12:00:00+00:00,66995.93
2026-01-16 13:00:00+00:00,64757.79
2026-01-16 14:00:00+00:00,65022.67
2026-01-16 15:00:00+00:00,66701.05
2026-01-16 16:00:00+00:00,69011.17
2026-01-16 17:00:00+00:00,68720.8
2026-01-16 18:00:00+00:00,66067.9
2026-01-16 19:00:00+00:00,62430.88
2026-01-16 20:00:00+00:00,59356.01
2026-01-16 21:00:00+00:00,56231.12
2026-01-16 22:00:00+00:00,53271.14
2026-01-16 23:00:00+00:00,50294.67
2026-01-17 00:00:00+00:00,48365.75
2026-01-17 01:00:00+00:00,47471.49
2026-01-17 02:00:00+00:00,47263.98
2026-01-17 03:00:00+00:00,47909.94
2026-01-17 04:00:00+00:00,48960.47
2026-01-17 05:00:00+00:00,50728.42
2026-01-17 06:00:00+00:00,53116.5
2026-01-17 07:00:00+00:00,56426.56
2026-01-17 08:00:00+00:00,59333.24
2026-01-17 09:00:00+00:00,60012.0
2026-01-17 10:00:00+00:00,60765.11
2026-01-17 11:00:00+00:00,59687.15
2026-01-17 12:00:00+00:00,58399.87
2026-01-17 13:00:00+00:00,57514.64
2026-01-17 14:00:00+00:00,57543.52
2026-01-17 15:00:00+00:00,58924.57
2026-01-17 16:00:00+00:00,62064.8
2026-01-17 17:00:00+00:00,62328.53
2026-01-17 18:00:00+00:00,60775.23
2026-01-17 19:00:00+00:00,57670.63
2026-01-17 20:00:00+00:00,56052.19
2026-01-17 21:00:00+00:00,54255.63
2026-01-17 22:00:00+00:00,51396.64
2026-01-17 23:00:00+00:00,48702.02
2026-01-18 00:00:00+00:00,47188.71
2026-01-18 01:00:00+00:00,46165.66
2026-01-18 02:00:00+00:00,45696.86
2026-01-18 03:00:00+00:00,46075.52
2026-01-18 04:00:00+00:00,46193.21
2026-01-18 05:00:00+00:00,46630.43
2026-01-18 06:00:00+00:00,48797.48
2026-01-18 07:00:00+00:00,52051.91
2026-01-18 08:00:00+00:00,55040.3
2026-01-18 09:00:00+00:00,57389.54
2026-01-18 10:00:00+00:00,58333.05
2026-01-18 11:00:00+00:00,58448.34
2026-01-18 12:00:00+00:00,56347.69
2026-01-18 13:00:00+00:00,55132.25
2026-01-18 14:00:00+00:00,54915.55
2026-01-18 15:00:00+00:00,57504.29
2026-01-18 16:00:00+00:00,62339.66
2026-01-18 17:00:00+00:00,63679.67
2026-01-18 18:00:00+00:00,62065.81
2026-01-18 19:00:00+00:00,59977.96
2026-01-18 20:00:00+00:00,58696.8
2026-01-18 21:00:00+00:00,57411.73
2026-01-18 22:00:00+00:00,54391.51
2026-01-18 23:00:00+00:00,52715.48
2026-01-19 00:00:00+00:00,51386.37
2026-01-19 01:00:00+00:00,50748.09
2026-01-19 02:00:00+00:00,50477.6
2026-01-19 03:00:00+00:00,51959.85
2026-01-19 04:00:00+00:00,56310.53
2026-01-19 05:00:00+00:00,65142.21
2026-01-19 06:00:00+00:00,71255.25
2026-01-19 07:00:00+00:00,74079.7
2026-01-19 08:00:00+00:00,73489.19
2026-01-19 09:00:00+00:00,73121.2
2026-01-19 10:00:00+00:00,72419.35
2026-01-19 11:00:00+00:00,71263.8
2026-01-19 12:00:00+00:00,70025.46
2026-01-19 13:00:00+00:00,68855.0
2026-01-19 14:00:00+00:00,68412.92
2026-01-19 15:00:00+00:00,70190.16
2026-01-19 16:00:00+00:00,73705.66
2026-01-19 17:00:00+00:00,73965.16
2026-01-19 18:00:00+00:00,72556.54
2026-01-19 19:00:00+00:00,69163.53
2026-01-19 20:00:00+00:00,66115.67
2026-01-19 21:00:00+00:00,62784.86
2026-01-19 22:00:00+00:00,59117.1
2026-01-19 23:00:00+00:00,56241.05
2026-01-20 00:00:00+00:00,54140.83
2026-01-20 01:00:00+00:00,53678.94
2026-01-20 02:00:00+00:00,53808.62
2026-01-20 03:00:00+00:00,54913.61
2026-01-20 04:00:00+00:00,58186.31
2026-01-20 05:00:00+00:00,65174.05
2026-01-20 06:00:00+00:00,70923.03
2026-01-20 07:00:00+00:00,73302.96
2026-01-20 08:00:00+00:00,72834.63
2026-01-20 09:00:00+00:00,72214.06
2026-01-20 10:00:00+00:00,71356.56
2026-01-20 11:00:00+00:00,69900.94
2026-01-20 12:00:00+00:00,68441.71
2026-01-20 13:00:00+00:00,66994.52
2026-01-20 14:00:00+00:00,66902.35
2026-01-20 15:00:00+00:00,69123.83
2026-01-20 16:00:00+00:00,73359.22
2026-01-20 17:00:00+00:00,73705.18
2026-01-20 18:00:00+00:00,72576.69
2026-01-20 19:00:00+00:00,69822.46
2026-01-20 20:00:00+00:00,66610.99
2026-01-20 21:00:00+00:00,63086.56
2026-01-20 22:00:00+00:00,58731.01
2026-01-20 23:00:00+00:00,55935.8
2026-01-21 00:00:00+00:00,54740.78
2026-01-21 01:00:00+00:00,54167.98
2026-01-21 02:00:00+00:00,54389.07
2026-01-21 03:00:00+00:00,55759.03
2026-01-21 04:00:00+00:00,59440.27
2026-01-21 05:00:00+00:00,66863.2
2026-01-21 06:00:00+00:00,72937.95
2026-01-21 07:00:00+00:00,74894.46
2026-01-21 08:00:00+00:00,73698.45
2026-01-21 09:00:00+00:00,73148.46
2026-01-21 10:00:00+00:00,72086.41
2026-01-21 11:00:00+00:00,70836.12
2026-01-21 12:00:00+00:00,69201.13
2026-01-21 13:00:00+00:00,67898.42
2026-01-21 14:00:00+00:00,69146.71
2026-01-21 15:00:00+00:00,70928.83
2026-01-21 16:00:00+00:00,74099.01
2026-01-21 17:00:00+00:00,74677.61
2026-01-21 18:00:00+00:00,73640.54
2026-01-21 19:00:00+00:00,70549.81
2026-01-21 20:00:00+00:00,67320.88
2026-01-21 21:00:00+00:00,64041.43
2026-01-21 22:00:00+00:00,60018.3
2026-01-21 23:00:00+00:00,57706.72
2026-01-22 00:00:00+00:00,56975.16
2026-01-22 01:00:00+00:00,56228.38
2026-01-22 02:00:00+00:00,56034.78
2026-01-22 03:00:00+00:00,57597.66
2026-01-22 04:00:00+00:00,61591.59
2026-01-22 05:00:00+00:00,68478.01
2026-01-22 06:00:00+00:00,74884.09
2026-01-22 07:00:00+00:00,77615.93
2026-01-22 08:00:00+00:00,77150.18
2026-01-22 09:00:00+00:00,76036.13
2026-01-22 10:00:00+00:00,74976.69
2026-01-22 11:00:00+00:00,73286.14
2026-01-22 12:00:00+00:00,72231.54
2026-01-22 13:00:00+00:00,71334.27
2026-01-22 14:00:00+00:00,71855.55
2026-01-22 15:00:00+00:00,73140.75
2026-01-22 16:00:00+00:00,76571.31
2026-01-22 17:00:00+00:00,76770.68
2026-01-22 18:00:00+00:00,75328.54
2026-01-22 19:00:00+00:00,72122.17
2026-01-22 20:00:00+00:00,68424.06
2026-01-22 21:00:00+00:00,65150.61
2026-01-22 22:00:00+00:00,61537.06
2026-01-22 23:00:00+00:00,58267.72
2026-01-23 00:00:00+00:00,56625.3
2026-01-23 01:00:00+00:00,55642.98
2026-01-23 02:00:00+00:00,55381.75
2026-01-23 03:00:00+00:00,56445.24
2026-01-23 04:00:00+00:00,59728.84
2026-01-23 05:00:00+00:00,67035.42
2026-01-23 06:00:00+00:00,73162.81
2026-01-23 07:00:00+00:00,75826.83
2026-01-23 08:00:00+00:00,75490.21
2026-01-23 09:00:00+00:00,75207.55
2026-01-23 10:00:00+00:00,74312.38
2026-01-23 11:00:00+00:00,72300.01
2026-01-23 12:00:00+00:00,70621.88
2026-01-23 13:00:00+00:00,69374.11
2026-01-23 14:00:00+00:00,70373.82
2026-01-23 15:00:00+00:00,71971.78
2026-01-23 16:00:00+00:00,74083.7
2026-01-23 17:00:00+00:00,74416.62
2026-01-23 18:00:00+00:00,72841.52
2026-01-23 19:00:00+00:00,69403.19
2026-01-23 20:00:00+00:00,65730.14
2026-01-23 21:00:00+00:00,62786.38
2026-01-23 22:00:00+00:00,59541.63
2026-01-23 23:00:00+00:00,55974.8
2026-01-24 00:00:00+00:00,53783.18
2026-01-24 01:00:00+00:00,52213.63
2026-01-24 02:00:00+00:00,51733.51
2026-01-24 03:00:00+00:00,51438.12
2026-01-24 04:00:00+00:00,51895.37
2026-01-24 05:00:00+00:00,53261.58
2026-01-24 06:00:00+00:00,56058.12
2026-01-24 07:00:00+00:00,59638.61
2026-01-24 08:00:00+00:00,62215.64
2026-01-24 09:00:00+00:00,63322.86
2026-01-24 10:00:00+00:00,63686.46
2026-01-24 11:00:00+00:00,62449.85
2026-01-24 12:00:00+00:00,60718.82
2026-01-24 13:00:00+00:00,59877.42
2026-01-24 14:00:00+00:00,60081.18
2026-01-24 15:00:00+00:00,61959.25
2026-01-24 16:00:00+00:00,64751.89
2026-01-24 17:00:00+00:00,65546.04
2026-01-24 18:00:00+00:00,63480.52
2026-01-24 19:00:00+00:00,60189.58
2026-01-24 20:00:00+00:00,57749.2
2026-01-24 21:00:00+00:00,55875.8
2026-01-24 22:00:00+00:00,53022.08
2026-01-24 23:00:00+00:00,50929.83
2026-01-25 00:00:00+00:00,49365.6
2026-01-25 01:00:00+00:00,47818.64
2026-01-25 02:00:00+00:00,47549.19
2026-01-25 03:00:00+00:00,47719.12
2026-01-25 04:00:00+00:00,47670.8
2026-01-25 05:00:00+00:00,48094.73
2026-01-25 06:00:00+00:00,49823.55
2026-01-25 07:00:00+00:00,53104.93
2026-01-25 08:00:00+00:00,56918.13
2026-01-25 09:00:00+00:00,59756.96
2026-01-25 10:00:00+00:00,61683.26
2026-01-25 11:00:00+00:00,61137.63
2026-01-25 12:00:00+00:00,60093.0
2026-01-25 13:00:00+00:00,59457.32
2026-01-25 14:00:00+00:00,59914.34
2026-01-25 15:00:00+00:00,61281.65
2026-01-25 16:00:00+00:00,65115.05
2026-01-25 17:00:00+00:00,65958.93
2026-01-25 18:00:00+00:00,64343.49
2026-01-25 19:00:00+00:00,61879.31
2026-01-25 20:00:00+00:00,59881.7
2026-01-25 21:00:00+00:00,58307.3
2026-01-25 22:00:00+00:00,55667.1
2026-01-25 23:00:00+00:00,53800.22
2026-01-26 00:00:00+00:00,52077.25
2026-01-26 01:00:00+00:00,51245.84
2026-01-26 02:00:00+00:00,51442.88
2026-01-26 03:00:00+00:00,52709.06
2026-01-26 04:00:00+00:00,56876.85
2026-01-26 05:00:00+00:00,65044.02
2026-01-26 06:00:00+00:00,70643.43
2026-01-26 07:00:00+00:00,74033.25
2026-01-26 08:00:00+00:00,75590.06
2026-01-26 09:00:00+00:00,76406.0
2026-01-26 10:00:00+00:00,76533.12
2026-01-26 11:00:00+00:00,76427.31
2026-01-26 12:00:00+00:00,75461.84
2026-01-26 13:00:00+00:00,74018.5
2026-01-26 14:00:00+00:00,73183.15
2026-01-26 15:00:00+00:00,72959.53
2026-01-26 16:00:00+00:00,74429.64
2026-01-26 17:00:00+00:00,74429.45
2026-01-26 18:00:00+00:00,72444.2
2026-01-26 19:00:00+00:00,68903.41
2026-01-26 20:00:00+00:00,65056.63
2026-01-26 21:00:00+00:00,62062.04
2026-01-26 22:00:00+00:00,58659.26
2026-01-26 23:00:00+00:00,56015.38
2026-01-27 00:00:00+00:00,53971.2
2026-01-27 01:00:00+00:00,52437.19
2026-01-27 02:00:00+00:00,53133.69
2026-01-27 03:00:00+00:00,54777.95
2026-01-27 04:00:00+00:00,57602.71
2026-01-27 05:00:00+00:00,64933.08
2026-01-27 06:00:00+00:00,70797.02
2026-01-27 07:00:00+00:00,73090.9
2026-01-27 08:00:00+00:00,73465.69
2026-01-27 09:00:00+00:00,73818.44
2026-01-27 10:00:00+00:00,73293.63
2026-01-27 11:00:00+00:00,72799.55
2026-01-27 12:00:00+00:00,71388.03
2026-01-27 13:00:00+00:00,70832.92
2026-01-27 14:00:00+00:00,71119.95
2026-01-27 15:00:00+00:00,72019.45
2026-01-27 16:00:00+00:00,74732.32
2026-01-27 17:00:00+00:00,74523.73
2026-01-27 18:00:00+00:00,72660.47
2026-01-27 19:00:00+00:00,69066.19
2026-01-27 20:00:00+00:00,65600.07
2026-01-27 21:00:00+00:00,61905.15
2026-01-27 22:00:00+00:00,58432.5
2026-01-27 23:00:00+00:00,55590.52
2026-01-28 00:00:00+00:00,54067.59
2026-01-28 01:00:00+00:00,53359.83
2026-01-28 02:00:00+00:00,53583.07
2026-01-28 03:00:00+00:00,54902.28
2026-01-28 04:00:00+00:00,58296.63
2026-01-28 05:00:00+00:00,65524.68
2026-01-28 06:00:00+00:00,70950.19
2026-01-28 07:00:00+00:00,73480.07
2026-01-28 08:00:00+00:00,74037.55
2026-01-28 09:00:00+00:00,74136.25
2026-01-28 10:00:00+00:00,74361.17
2026-01-28 11:00:00+00:00,74167.83
2026-01-28 12:00:00+00:00,73305.96
2026-01-28 13:00:00+00:00,73050.65
2026-01-28 14:00:00+00:00,72737.08
2026-01-28 15:00:00+00:00,73739.64
2026-01-28 16:00:00+00:00,75999.81
2026-01-28 17:00:00+00:00,75379.73
2026-01-28 18:00:00+00:00,74043.33
2026-01-28 19:00:00+00:00,71157.28
2026-01-28 20:00:00+00:00,67273.47
2026-01-28 21:00:00+00:00,63330.61
2026-01-28 22:00:00+00:00,59443.66
2026-01-28 23:00:00+00:00,56787.49
2026-01-29 00:00:00+00:00,54838.93
2026-01-29 01:00:00+00:00,54208.69
2026-01-29 02:00:00+00:00,54518.77
2026-01-29 03:00:00+00:00,55652.67
2026-01-29 04:00:00+00:00,59442.83
2026-01-29 05:00:00+00:00,66718.68
2026-01-29 06:00:00+00:00,72730.31
2026-01-29 07:00:00+00:00,75649.48
2026-01-29 08:00:00+00:00,76810.2
2026-01-29 09:00:00+00:00,77670.65
2026-01-29 10:00:00+00:00,78241.2
2026-01-29 11:00:00+00:00,78145.47
2026-01-29 12:00:00+00:00,77419.98
2026-01-29 13:00:00+00:00,76155.63
2026-01-29 14:00:00+00:00,75387.03
2026-01-29 15:00:00+00:00,75018.01
2026-01-29 16:00:00+00:00,76888.47
2026-01-29 17:00:00+00:00,76932.64
2026-01-29 18:00:00+00:00,75540.13
2026-01-29 19:00:00+00:00,71906.74
2026-01-29 20:00:00+00:00,68000.51
2026-01-29 21:00:00+00:00,64316.33
2026-01-29 22:00:00+00:00,60681.56
2026-01-29 23:00:00+00:00,57887.55
2026-01-30 00:00:00+00:00,55585.66
2026-01-30 01:00:00+00:00,54688.42
2026-01-30 02:00:00+00:00,54909.46
2026-01-30 03:00:00+00:00,56056.14
2026-01-30 04:00:00+00:00,59423.8
2026-01-30 05:00:00+00:00,66319.14
2026-01-30 06:00:00+00:00,72260.2
2026-01-30 07:00:00+00:00,75037.59
2026-01-30 08:00:00+00:00,75180.35
2026-01-30 09:00:00+00:00,75181.45
2026-01-30 10:00:00+00:00,75151.09
2026-01-30 11:00:00+00:00,74453.59
2026-01-30 12:00:00+00:00,72918.47
2026-01-30 13:00:00+00:00,71078.56
2026-01-30 14:00:00+00:00,70514.43
2026-01-30 15:00:00+00:00,71314.93
2026-01-30 16:00:00+00:00,73357.68
2026-01-30 17:00:00+00:00,73849.96
2026-01-30 18:00:00+00:00,71866.15
2026-01-30 19:00:00+00:00,68198.64
2026-01-30 20:00:00+00:00,64318.3
2026-01-30 21:00:00+00:00,60621.54
2026-01-30 22:00:00+00:00,57097.7
2026-01-30 23:00:00+00:00,53922.85
2026-01-31 00:00:00+00:00,52237.62
2026-01-31 01:00:00+00:00,51114.55
2026-01-31 02:00:00+00:00,50545.77
2026-01-31 03:00:00+00:00,50606.08
2026-01-31 04:00:00+00:00,51061.61
2026-01-31 05:00:00+00:00,52959.77
2026-01-31 06:00:00+00:00,55642.91
2026-01-31 07:00:00+00:00,59051.4
2026-01-31 08:00:00+00:00,62562.34
2026-01-31 09:00:00+00:00,63900.87
2026-01-31 10:00:00+00:00,63972.2
2026-01-31 11:00:00+00:00,62859.91
2026-01-31 12:00:00+00:00,61848.35
2026-01-31 13:00:00+00:00,60888.78
2026-01-31 14:00:00+00:00,61331.64
2026-01-31 15:00:00+00:00,62580.59
2026-01-31 16:00:00+00:00,65269.22
2026-01-31 17:00:00+00:00,66050.09
2026-01-31 18:00:00+00:00,64572.1
2026-01-31 19:00:00+00:00,61238.33
2026-01-31 20:00:00+00:00,58619.9
2026-01-31 21:00:00+00:00,57000.66
2026-01-31 22:00:00+00:00,54072.07
2026-01-31 23:00:00+00:00,50837.59
2026-02-01 00:00:00+00:00,48762.19
2026-02-01 01:00:00+00:00,47905.7
2026-02-01 02:00:00+00:00,47443.31
2026-02-01 03:00:00+00:00,47487.32
2026-02-01 04:00:00+00:00,47668.47
2026-02-01 05:00:00+00:00,48366.28
2026-02-01 06:00:00+00:00,50223.83
2026-02-01 07:00:00+00:00,53881.78
2026-02-01 08:00:00+00:00,57215.17
2026-02-01 09:00:00+00:00,59644.12
2026-02-01 10:00:00+00:00,60991.04
2026-02-01 11:00:00+00:00,60776.69
2026-02-01 12:00:00+00:00,59313.99
2026-02-01 13:00:00+00:00,58278.41
2026-02-01 14:00:00+00:00,58327.53
2026-02-01 15:00:00+00:00,59769.23
2026-02-01 16:00:00+00:00,63335.65
2026-02-01 17:00:00+00:00,64935.79
2026-02-01 18:00:00+00:00,63872.04
2026-02-01 19:00:00+00:00,61657.8
2026-02-01 20:00:00+00:00,59177.22
2026-02-01 21:00:00+00:00,57537.43
2026-02-01 22:00:00+00:00,55020.97
2026-02-01 23:00:00+00:00,52088.63
2026-02-02 00:00:00+00:00,50844.2
2026-02-02 01:00:00+00:00,50348.69
2026-02-02 02:00:00+00:00,50885.0
2026-02-02 03:00:00+00:00,52402.75
2026-02-02 04:00:00+00:00,56419.54
2026-02-02 05:00:00+00:00,64602.98
2026-02-02 06:00:00+00:00,70632.26
2026-02-02 07:00:00+00:00,73668.32
2026-02-02 08:00:00+00:00,74411.1
2026-02-02 09:00:00+00:00,74893.26
2026-02-02 10:00:00+00:00,74215.68
2026-02-02 11:00:00+00:00,73370.33
2026-02-02 12:00:00+00:00,72985.56
2026-02-02 13:00:00+00:00,71933.81
2026-02-02 14:00:00+00:00,71656.52
2026-02-02 15:00:00+00:00,72272.3
2026-02-02 16:00:00+00:00,74559.71
2026-02-02 17:00:00+00:00,75722.21
2026-02-02 18:00:00+00:00,74588.0
2026-02-02 19:00:00+00:00,71268.19
2026-02-02 20:00:00+00:00,67979.53
2026-02-02 21:00:00+00:00,64385.34
2026-02-02 22:00:00+00:00,60519.5
2026-02-02 23:00:00+00:00,57734.05
2026-02-03 00:00:00+00:00,56193.99
2026-02-03 01:00:00+00:00,55109.73
2026-02-03 02:00:00+00:00,55787.35
2026-02-03 03:00:00+00:00,57108.35
2026-02-03 04:00:00+00:00,60470.01
2026-02-03 05:00:00+00:00,67817.26
2026-02-03 06:00:00+00:00,73646.54
2026-02-03 07:00:00+00:00,76471.51
2026-02-03 08:00:00+00:00,76585.28
2026-02-03 09:00:00+00:00,76376.57
2026-02-03 10:00:00+00:00,76187.98
2026-02-03 11:00:00+00:00,76155.35
2026-02-03 12:00:00+00:00,75341.36
2026-02-03 13:00:00+00:00,74240.21
2026-02-03 14:00:00+00:00,73789.03
2026-02-03 15:00:00+00:00,74477.21
2026-02-03 16:00:00+00:00,77271.46
2026-02-03 17:00:00+00:00,77583.24
2026-02-03 18:00:00+00:00,75740.7
2026-02-03 19:00:00+00:00,72018.63
2026-02-03 20:00:00+00:00,68272.04
2026-02-03 21:00:00+00:00,64978.54
2026-02-03 22:00:00+00:00,61053.05
2026-02-03 23:00:00+00:00,58051.24
2026-02-04 00:00:00+00:00,56532.64
2026-02-04 01:00:00+00:00,56196.42
2026-02-04 02:00:00+00:00,55624.42
2026-02-04 03:00:00+00:00,56765.42
2026-02-04 04:00:00+00:00,59680.49
2026-02-04 05:00:00+00:00,67039.92
2026-02-04 06:00:00+00:00,72208.82
2026-02-04 07:00:00+00:00,74581.85
2026-02-04 08:00:00+00:00,74845.19
2026-02-04 09:00:00+00:00,74319.38
2026-02-04 10:00:00+00:00,73846.22
2026-02-04 11:00:00+00:00,73421.38
2026-02-04 12:00:00+00:00,72904.0
2026-02-04 13:00:00+00:00,71516.26
2026-02-04 14:00:00+00:00,71840.81
2026-02-04 15:00:00+00:00,72297.98
2026-02-04 16:00:00+00:00,74730.94
2026-02-04 17:00:00+00:00,75801.11
2026-02-04 18:00:00+00:00,74456.14
2026-02-04 19:00:00+00:00,71163.77
2026-02-04 20:00:00+00:00,67078.78
2026-02-04 21:00:00+00:00,63457.46
2026-02-04 22:00:00+00:00,59886.37
2026-02-04 23:00:00+00:00,57145.8
2026-02-05 00:00:00+00:00,56074.36
2026-02-05 01:00:00+00:00,55014.32
2026-02-05 02:00:00+00:00,55233.6
2026-02-05 03:00:00+00:00,56168.53
2026-02-05 04:00:00+00:00,59560.2
2026-02-05 05:00:00+00:00,67240.62
2026-02-05 06:00:00+00:00,73088.56
2026-02-05 07:00:00+00:00,75571.93
2026-02-05 08:00:00+00:00,76182.34
2026-02-05 09:00:00+00:00,75444.67
2026-02-05 10:00:00+00:00,75272.99
2026-02-05 11:00:00+00:00,74655.72
2026-02-05 12:00:00+00:00,73209.96
2026-02-05 13:00:00+00:00,71646.64
2026-02-05 14:00:00+00:00,70619.54
2026-02-05 15:00:00+00:00,71302.95
2026-02-05 16:00:00+00:00,73947.4
2026-02-05 17:00:00+00:00,74945.91
2026-02-05 18:00:00+00:00,73639.31
2026-02-05 19:00:00+00:00,69916.83
2026-02-05 20:00:00+00:00,66476.4
2026-02-05 21:00:00+00:00,63237.6
2026-02-05 22:00:00+00:00,59403.2
2026-02-05 23:00:00+00:00,56536.74
2026-02-06 00:00:00+00:00,54598.14
2026-02-06 01:00:00+00:00,53580.87
2026-02-06 02:00:00+00:00,53601.28
2026-02-06 03:00:00+00:00,54897.83
2026-02-06 04:00:00+00:00,58429.58
2026-02-06 05:00:00+00:00,65301.92
2026-02-06 06:00:00+00:00,70810.55
2026-02-06 07:00:00+00:00,73200.5
2026-02-06 08:00:00+00:00,73681.91
2026-02-06 09:00:00+00:00,73496.69
2026-02-06 10:00:00+00:00,73055.39
2026-02-06 11:00:00+00:00,72258.39
2026-02-06 12:00:00+00:00,70518.41
2026-02-06 13:00:00+00:00,69123.18
2026-02-06 14:00:00+00:00,68944.18
2026-02-06 15:00:00+00:00,69328.08
2026-02-06 16:00:00+00:00,71243.73
2026-02-06 17:00:00+00:00,71885.27
2026-02-06 18:00:00+00:00,70099.82
2026-02-06 19:00:00+00:00,66155.29
2026-02-06 20:00:00+00:00,62754.12
2026-02-06 21:00:00+00:00,59709.94
2026-02-06 22:00:00+00:00,56029.06
2026-02-06 23:00:00+00:00,52872.66
2026-02-07 00:00:00+00:00,51017.08
2026-02-07 01:00:00+00:00,49784.88
2026-02-07 02:00:00+00:00,49295.0
2026-02-07 03:00:00+00:00,49438.44
2026-02-07 04:00:00+00:00,49620.69
2026-02-07 05:00:00+00:00,51367.87
2026-02-07 06:00:00+00:00,54008.48
2026-02-07 07:00:00+00:00,57241.35
2026-02-07 08:00:00+00:00,59753.62
2026-02-07 09:00:00+00:00,60819.04
2026-02-07 10:00:00+00:00,60913.61
2026-02-07 11:00:00+00:00,59829.78
2026-02-07 12:00:00+00:00,57873.33
2026-02-07 13:00:00+00:00,56782.24
2026-02-07 14:00:00+00:00,56835.12
2026-02-07 15:00:00+00:00,57907.36
2026-02-07 16:00:00+00:00,60927.2
2026-02-07 17:00:00+00:00,62941.36
2026-02-07 18:00:00+00:00,61623.81
2026-02-07 19:00:00+00:00,58546.38
2026-02-07 20:00:00+00:00,56055.54
2026-02-07 21:00:00+00:00,54183.96
2026-02-07 22:00:00+00:00,51409.09
2026-02-07 23:00:00+00:00,48626.07
2026-02-08 00:00:00+00:00,46857.68
2026-02-08 01:00:00+00:00,45896.31
2026-02-08 02:00:00+00:00,45479.14
2026-02-08 03:00:00+00:00,45836.28
2026-02-08 04:00:00+00:00,45940.48
2026-02-08 05:00:00+00:00,46530.06
2026-02-08 06:00:00+00:00,48555.1
2026-02-08 07:00:00+00:00,51859.53
2026-02-08 08:00:00+00:00,54879.93
2026-02-08 09:00:00+00:00,56555.62
2026-02-08 10:00:00+00:00,58069.55
2026-02-08 11:00:00+00:00,57760.0
2026-02-08 12:00:00+00:00,56631.53
2026-02-08 13:00:00+00:00,55310.65
2026-02-08 14:00:00+00:00,55027.78
2026-02-08 15:00:00+00:00,56394.28
2026-02-08 16:00:00+00:00,60161.15
2026-02-08 17:00:00+00:00,62783.81
2026-02-08 18:00:00+00:00,61741.41
2026-02-08 19:00:00+00:00,59624.05
2026-02-08 20:00:00+00:00,57657.68
2026-02-08 21:00:00+00:00,55890.92
2026-02-08 22:00:00+00:00,52686.69
2026-02-08 23:00:00+00:00,49916.42
2026-02-09 00:00:00+00:00,48625.85
2026-02-09 01:00:00+00:00,47839.43
2026-02-09 02:00:00+00:00,47906.59
2026-02-09 03:00:00+00:00,49056.65
2026-02-09 04:00:00+00:00,53266.75
2026-02-09 05:00:00+00:00,61561.91
2026-02-09 06:00:00+00:00,67285.68
2026-02-09 07:00:00+00:00,70142.16
2026-02-09 08:00:00+00:00,70458.24
2026-02-09 09:00:00+00:00,70249.81
2026-02-09 10:00:00+00:00,70017.09
2026-02-09 11:00:00+00:00,69686.76
2026-02-09 12:00:00+00:00,68609.34
2026-02-09 13:00:00+00:00,67537.25
2026-02-09 14:00:00+00:00,67278.47
2026-02-09 15:00:00+00:00,66951.47
2026-02-09 16:00:00+00:00,69246.03
2026-02-09 17:00:00+00:00,70879.4
2026-02-09 18:00:00+00:00,69630.69
2026-02-09 19:00:00+00:00,65964.53
2026-02-09 20:00:00+00:00,62754.55
2026-02-09 21:00:00+00:00,59718.53
2026-02-09 22:00:00+00:00,56286.95
2026-02-09 23:00:00+00:00,53135.68
2026-02-10 00:00:00+00:00,51265.33
2026-02-10 01:00:00+00:00,50496.11
2026-02-10 02:00:00+00:00,50810.44
2026-02-10 03:00:00+00:00,51708.94
2026-02-10 04:00:00+00:00,54959.44
2026-02-10 05:00:00+00:00,62539.36
2026-02-10 06:00:00+00:00,68083.38
2026-02-10 07:00:00+00:00,70069.39
2026-02-10 08:00:00+00:00,70053.32
2026-02-10 09:00:00+00:00,70193.24
2026-02-10 10:00:00+00:00,70344.84
2026-02-10 11:00:00+00:00,69669.22
2026-02-10 12:00:00+00:00,68303.65
2026-02-10 13:00:00+00:00,67480.2
2026-02-10 14:00:00+00:00,67255.66
2026-02-10 15:00:00+00:00,67210.12
2026-02-10 16:00:00+00:00,69342.71
2026-02-10 17:00:00+00:00,70618.67
2026-02-10 18:00:00+00:00,69105.35
2026-02-10 19:00:00+00:00,65693.92
2026-02-10 20:00:00+00:00,62303.97
2026-02-10 21:00:00+00:00,58913.65
2026-02-10 22:00:00+00:00,55094.93
2026-02-10 23:00:00+00:00,52069.29
2026-02-11 00:00:00+00:00,50055.4
2026-02-11 01:00:00+00:00,49317.08
2026-02-11 02:00:00+00:00,49894.62
2026-02-11 03:00:00+00:00,50301.09
2026-02-11 04:00:00+00:00,54072.54
2026-02-11 05:00:00+00:00,61930.9
2026-02-11 06:00:00+00:00,67942.29
2026-02-11 07:00:00+00:00,70227.48
2026-02-11 08:00:00+00:00,70882.66
2026-02-11 09:00:00+00:00,71233.98
2026-02-11 10:00:00+00:00,71444.62
2026-02-11 11:00:00+00:00,70577.38
2026-02-11 12:00:00+00:00,68947.65
2026-02-11 13:00:00+00:00,68124.27
2026-02-11 14:00:00+00:00,67945.29
2026-02-11 15:00:00+00:00,68050.54
2026-02-11 16:00:00+00:00,70150.95
2026-02-11 17:00:00+00:00,71523.29
2026-02-11 18:00:00+00:00,69940.77
2026-02-11 19:00:00+00:00,66411.28
2026-02-11 20:00:00+00:00,63200.01
2026-02-11 21:00:00+00:00,59701.89
2026-02-11 22:00:00+00:00,55453.2
2026-02-11 23:00:00+00:00,51973.87
2026-02-12 00:00:00+00:00,50049.42
2026-02-12 01:00:00+00:00,49640.19
2026-02-12 02:00:00+00:00,50258.31
2026-02-12 03:00:00+00:00,51693.02
2026-02-12 04:00:00+00:00,55274.51
2026-02-12 05:00:00+00:00,63323.36
2026-02-12 06:00:00+00:00,68964.95
2026-02-12 07:00:00+00:00,71168.87
2026-02-12 08:00:00+00:00,71669.67
2026-02-12 09:00:00+00:00,71086.54
2026-02-12 10:00:00+00:00,71092.53
2026-02-12 11:00:00+00:00,70801.17
2026-02-12 12:00:00+00:00,70426.41
2026-02-12 13:00:00+00:00,69338.81
2026-02-12 14:00:00+00:00,69129.04
2026-02-12 15:00:00+00:00,69075.92
2026-02-12 16:00:00+00:00,71177.63
2026-02-12 17:00:00+00:00,72523.07
2026-02-12 18:00:00+00:00,71022.77
2026-02-12 19:00:00+00:00,67630.0
2026-02-12 20:00:00+00:00,63584.43
2026-02-12 21:00:00+00:00,59956.23
2026-02-12 22:00:00+00:00,56547.49
2026-02-12 23:00:00+00:00,53133.14
2026-02-13 00:00:00+00:00,50896.59
2026-02-13 01:00:00+00:00,49796.56
2026-02-13 02:00:00+00:00,50101.58
2026-02-13 03:00:00+00:00,51193.72
2026-02-13 04:00:00+00:00,54677.81
2026-02-13 05:00:00+00:00,62572.22
2026-02-13 06:00:00+00:00,67850.92
2026-02-13 07:00:00+00:00,70319.38
2026-02-13 08:00:00+00:00,70691.69
2026-02-13 09:00:00+00:00,71156.93
2026-02-13 10:00:00+00:00,70508.56
2026-02-13 11:00:00+00:00,69566.77
2026-02-13 12:00:00+00:00,67601.35
2026-02-13 13:00:00+00:00,66373.64
2026-02-13 14:00:00+00:00,65675.31
2026-02-13 15:00:00+00:00,66294.64
2026-02-13 16:00:00+00:00,68175.7
2026-02-13 17:00:00+00:00,69218.48
2026-02-13 18:00:00+00:00,67806.78
2026-02-13 19:00:00+00:00,64496.13
2026-02-13 20:00:00+00:00,61505.95
2026-02-13 21:00:00+00:00,58145.44
2026-02-13 22:00:00+00:00,54521.12
2026-02-13 23:00:00+00:00,51312.58
2026-02-14 00:00:00+00:00,48981.2
2026-02-14 01:00:00+00:00,47852.46
2026-02-14 02:00:00+00:00,47536.79
2026-02-14 03:00:00+00:00,47672.88
2026-02-14 04:00:00+00:00,48322.72
2026-02-14 05:00:00+00:00,49575.63
2026-02-14 06:00:00+00:00,52482.46
2026-02-14 07:00:00+00:00,55987.73
2026-02-14 08:00:00+00:00,59027.76
2026-02-14 09:00:00+00:00,60898.72
2026-02-14 10:00:00+00:00,61728.22
2026-02-14 11:00:00+00:00,61372.62
2026-02-14 12:00:00+00:00,60050.21
2026-02-14 13:00:00+00:00,58834.89
2026-02-14 14:00:00+00:00,58683.38
2026-02-14 15:00:00+00:00,59447.67
2026-02-14 16:00:00+00:00,61833.54
2026-02-14 17:00:00+00:00,63288.83
2026-02-14 18:00:00+00:00,61594.55
2026-02-14 19:00:00+00:00,57928.12
2026-02-14 20:00:00+00:00,55415.26
2026-02-14 21:00:00+00:00,54040.56
2026-02-14 22:00:00+00:00,51427.06
2026-02-14 23:00:00+00:00,48527.1
2026-02-15 00:00:00+00:00,46828.23
2026-02-15 01:00:00+00:00,45973.26
2026-02-15 02:00:00+00:00,45544.59
2026-02-15 03:00:00+00:00,45353.32
2026-02-15 04:00:00+00:00,45444.41
2026-02-15 05:00:00+00:00,45829.13
2026-02-15 06:00:00+00:00,47682.03
2026-02-15 07:00:00+00:00,50835.28
2026-02-15 08:00:00+00:00,53645.82
2026-02-15 09:00:00+00:00,55411.25
2026-02-15 10:00:00+00:00,56784.88
2026-02-15 11:00:00+00:00,56135.53
2026-02-15 12:00:00+00:00,53757.83
2026-02-15 13:00:00+00:00,52119.84
2026-02-15 14:00:00+00:00,52515.71
2026-02-15 15:00:00+00:00,53992.5
2026-02-15 16:00:00+00:00,57563.6
2026-02-15 17:00:00+00:00,61656.47
2026-02-15 18:00:00+00:00,61177.14
2026-02-15 19:00:00+00:00,59990.3
2026-02-15 20:00:00+00:00,58902.28
2026-02-15 21:00:00+00:00,58233.01
2026-02-15 22:00:00+00:00,55496.32
2026-02-15 23:00:00+00:00,53309.03
2026-02-16 00:00:00+00:00,52255.0
2026-02-16 01:00:00+00:00,51247.54
2026-02-16 02:00:00+00:00,51361.7
2026-02-16 03:00:00+00:00,52238.39
2026-02-16 04:00:00+00:00,55451.63
2026-02-16 05:00:00+00:00,63009.31
2026-02-16 06:00:00+00:00,68241.03
2026-02-16 07:00:00+00:00,71478.14
2026-02-16 08:00:00+00:00,72338.88
2026-02-16 09:00:00+00:00,72675.17
2026-02-16 10:00:00+00:00,73024.21
2026-02-16 11:00:00+00:00,71707.94
2026-02-16 12:00:00+00:00,70135.15
2026-02-16 13:00:00+00:00,68397.52
2026-02-16 14:00:00+00:00,67984.76
2026-02-16 15:00:00+00:00,68730.92
2026-02-16 16:00:00+00:00,70625.02
2026-02-16 17:00:00+00:00,72429.98
2026-02-16 18:00:00+00:00,71024.67
2026-02-16 19:00:00+00:00,67349.42
2026-02-16 20:00:00+00:00,63493.9
2026-02-16 21:00:00+00:00,59702.55
2026-02-16 22:00:00+00:00,56144.93
2026-02-16 23:00:00+00:00,52955.15
2026-02-17 00:00:00+00:00,51052.84
2026-02-17 01:00:00+00:00,50463.24
2026-02-17 02:00:00+00:00,50703.45
2026-02-17 03:00:00+00:00,52039.06
2026-02-17 04:00:00+00:00,54755.38
2026-02-17 05:00:00+00:00,62150.5
2026-02-17 06:00:00+00:00,67261.81
2026-02-17 07:00:00+00:00,69632.0
2026-02-17 08:00:00+00:00,70214.77
2026-02-17 09:00:00+00:00,70591.39
2026-02-17 10:00:00+00:00,70663.18
2026-02-17 11:00:00+00:00,69636.44
2026-02-17 12:00:00+00:00,68564.98
2026-02-17 13:00:00+00:00,67634.15
2026-02-17 14:00:00+00:00,66715.2
2026-02-17 15:00:00+00:00,66598.01
2026-02-17 16:00:00+00:00,68840.15
2026-02-17 17:00:00+00:00,71272.27
2026-02-17 18:00:00+00:00,70121.26
2026-02-17 19:00:00+00:00,66636.1
2026-02-17 20:00:00+00:00,63919.58
2026-02-17 21:00:00+00:00,59988.55
2026-02-17 22:00:00+00:00,56224.42
2026-02-17 23:00:00+00:00,53438.14
2026-02-18 00:00:00+00:00,52359.28
2026-02-18 01:00:00+00:00,51745.41
2026-02-18 02:00:00+00:00,51461.26
2026-02-18 03:00:00+00:00,52716.99
2026-02-18 04:00:00+00:00,56066.25
2026-02-18 05:00:00+00:00,62791.38
2026-02-18 06:00:00+00:00,68338.75
2026-02-18 07:00:00+00:00,70926.88
2026-02-18 08:00:00+00:00,71118.39
2026-02-18 09:00:00+00:00,71252.89
2026-02-18 10:00:00+00:00,71877.6
2026-02-18 11:00:00+00:00,70855.38
2026-02-18 12:00:00+00:00,67989.17
2026-02-18 13:00:00+00:00,66873.69
2026-02-18 14:00:00+00:00,66713.08
2026-02-18 15:00:00+00:00,67200.62
2026-02-18 16:00:00+00:00,69597.64
2026-02-18 17:00:00+00:00,71663.01
2026-02-18 18:00:00+00:00,70465.93
2026-02-18 19:00:00+00:00,66992.33
2026-02-18 20:00:00+00:00,63275.56
2026-02-18 21:00:00+00:00,60279.22
2026-02-18 22:00:00+00:00,56724.93
2026-02-18 23:00:00+00:00,53641.05
2026-02-19 00:00:00+00:00,52713.43
2026-02-19 01:00:00+00:00,52466.27
2026-02-19 02:00:00+00:00,52822.05
2026-02-19 03:00:00+00:00,54853.68
2026-02-19 04:00:00+00:00,57942.05
2026-02-19 05:00:00+00:00,64209.69
2026-02-19 06:00:00+00:00,70578.2
2026-02-19 07:00:00+00:00,73054.35
2026-02-19 08:00:00+00:00,72940.52
2026-02-19 09:00:00+00:00,72753.92
2026-02-19 10:00:00+00:00,73008.38
2026-02-19 11:00:00+00:00,72348.63
2026-02-19 12:00:00+00:00,72050.85
2026-02-19 13:00:00+00:00,69855.56
2026-02-19 14:00:00+00:00,69187.27
2026-02-19 15:00:00+00:00,69768.91
2026-02-19 16:00:00+00:00,72293.47
2026-02-19 17:00:00+00:00,73283.52
2026-02-19 18:00:00+00:00,72140.85
2026-02-19 19:00:00+00:00,68472.32
2026-02-19 20:00:00+00:00,64476.15
2026-02-19 21:00:00+00:00,61394.78
2026-02-19 22:00:00+00:00,58095.66
2026-02-19 23:00:00+00:00,55390.46
2026-02-20 00:00:00+00:00,53762.38
2026-02-20 01:00:00+00:00,52866.38
2026-02-20 02:00:00+00:00,53045.55
2026-02-20 03:00:00+00:00,54512.17
2026-02-20 04:00:00+00:00,58207.88
2026-02-20 05:00:00+00:00,65449.7
2026-02-20 06:00:00+00:00,70243.24
2026-02-20 07:00:00+00:00,72383.05
2026-02-20 08:00:00+00:00,72956.74
2026-02-20 09:00:00+00:00,72994.9
2026-02-20 10:00:00+00:00,72428.34
2026-02-20 11:00:00+00:00,70888.89
2026-02-20 12:00:00+00:00,69523.54
2026-02-20 13:00:00+00:00,68607.43
2026-02-20 14:00:00+00:00,68934.77
2026-02-20 15:00:00+00:00,69592.45
2026-02-20 16:00:00+00:00,72105.16
2026-02-20 17:00:00+00:00,73194.05
2026-02-20 18:00:00+00:00,71214.47
2026-02-20 19:00:00+00:00,66957.35
2026-02-20 20:00:00+00:00,63039.14
2026-02-20 21:00:00+00:00,60041.79
2026-02-20 22:00:00+00:00,56906.03
2026-02-20 23:00:00+00:00,53989.43
2026-02-21 00:00:00+00:00,52226.97
2026-02-21 01:00:00+00:00,50791.22
2026-02-21 02:00:00+00:00,50040.2
2026-02-21 03:00:00+00:00,50017.44
2026-02-21 04:00:00+00:00,50927.92
2026-02-21 05:00:00+00:00,52247.25
2026-02-21 06:00:00+00:00,54502.85
2026-02-21 07:00:00+00:00,58120.51
2026-02-21 08:00:00+00:00,59953.53
2026-02-21 09:00:00+00:00,61269.96
2026-02-21 10:00:00+00:00,62049.14
2026-02-21 11:00:00+00:00,61688.46
2026-02-21 12:00:00+00:00,60462.59
2026-02-21 13:00:00+00:00,59374.69
2026-02-21 14:00:00+00:00,58819.33
2026-02-21 15:00:00+00:00,59995.95
2026-02-21 16:00:00+00:00,62449.65
2026-02-21 17:00:00+00:00,63431.31
2026-02-21 18:00:00+00:00,61435.91
2026-02-21 19:00:00+00:00,57997.7
2026-02-21 20:00:00+00:00,55527.36
2026-02-21 21:00:00+00:00,52886.6
2026-02-21 22:00:00+00:00,48928.77
2026-02-21 23:00:00+00:00,45960.94
2026-02-22 00:00:00+00:00,43600.27
2026-02-22 01:00:00+00:00,41679.92
2026-02-22 02:00:00+00:00,41352.49
2026-02-22 03:00:00+00:00,41885.07
2026-02-22 04:00:00+00:00,42355.24
2026-02-22 05:00:00+00:00,42595.02
2026-02-22 06:00:00+00:00,44501.15
2026-02-22 07:00:00+00:00,47780.87
2026-02-22 08:00:00+00:00,50749.67
2026-02-22 09:00:00+00:00,53017.93
2026-02-22 10:00:00+00:00,55838.4
2026-02-22 11:00:00+00:00,55980.88
2026-02-22 12:00:00+00:00,55166.08
2026-02-22 13:00:00+00:00,53781.87
2026-02-22 14:00:00+00:00,53699.62
2026-02-22 15:00:00+00:00,54420.05
2026-02-22 16:00:00+00:00,57217.02
2026-02-22 17:00:00+00:00,58277.26
2026-02-22 18:00:00+00:00,56929.82
2026-02-22 19:00:00+00:00,54813.53
2026-02-22 20:00:00+00:00,53843.28
2026-02-22 21:00:00+00:00,52522.56
2026-02-22 22:00:00+00:00,50112.63
2026-02-22 23:00:00+00:00,47163.43
2026-02-23 00:00:00+00:00,45620.44
2026-02-23 01:00:00+00:00,45478.89
2026-02-23 02:00:00+00:00,46404.32
2026-02-23 03:00:00+00:00,48606.6
2026-02-23 04:00:00+00:00,52488.21
2026-02-23 05:00:00+00:00,60535.89
2026-02-23 06:00:00+00:00,66101.03
2026-02-23 07:00:00+00:00,68629.5
2026-02-23 08:00:00+00:00,68992.01
2026-02-23 09:00:00+00:00,69086.34
2026-02-23 10:00:00+00:00,69057.06
2026-02-23 11:00:00+00:00,68845.82
2026-02-23 12:00:00+00:00,68317.4
2026-02-23 13:00:00+00:00,66938.52
2026-02-23 14:00:00+00:00,66006.74
2026-02-23 15:00:00+00:00,66011.75
2026-02-23 16:00:00+00:00,68687.36
2026-02-23 17:00:00+00:00,69390.3
2026-02-23 18:00:00+00:00,67539.86
2026-02-23 19:00:00+00:00,63964.69
2026-02-23 20:00:00+00:00,60056.32
2026-02-23 21:00:00+00:00,56535.12
2026-02-23 22:00:00+00:00,53074.09
2026-02-23 23:00:00+00:00,50220.52
2026-02-24 00:00:00+00:00,48350.07
2026-02-24 01:00:00+00:00,47506.52
2026-02-24 02:00:00+00:00,47668.45
2026-02-24 03:00:00+00:00,49154.35
2026-02-24 04:00:00+00:00,52048.17
2026-02-24 05:00:00+00:00,60044.02
2026-02-24 06:00:00+00:00,65309.58
2026-02-24 07:00:00+00:00,67259.35
2026-02-24 08:00:00+00:00,66923.39
2026-02-24 09:00:00+00:00,67496.57
2026-02-24 10:00:00+00:00,66690.82
2026-02-24 11:00:00+00:00,66239.45
2026-02-24 12:00:00+00:00,65026.51
2026-02-24 13:00:00+00:00,63744.74
2026-02-24 14:00:00+00:00,63110.57
2026-02-24 15:00:00+00:00,63554.09
2026-02-24 16:00:00+00:00,66048.38
2026-02-24 17:00:00+00:00,67421.2
2026-02-24 18:00:00+00:00,66245.08
2026-02-24 19:00:00+00:00,62864.69
2026-02-24 20:00:00+00:00,59087.22
2026-02-24 21:00:00+00:00,55260.67
2026-02-24 22:00:00+00:00,51784.64
2026-02-24 23:00:00+00:00,48787.6
2026-02-25 00:00:00+00:00,46964.06
2026-02-25 01:00:00+00:00,46397.38
2026-02-25 02:00:00+00:00,46600.41
2026-02-25 03:00:00+00:00,48385.07
2026-02-25 04:00:00+00:00,52251.3
2026-02-25 05:00:00+00:00,59475.42
2026-02-25 06:00:00+00:00,64454.14
2026-02-25 07:00:00+00:00,66238.63
2026-02-25 08:00:00+00:00,66323.88
2026-02-25 09:00:00+00:00,65974.51
2026-02-25 10:00:00+00:00,65174.42
2026-02-25 11:00:00+00:00,63648.25
2026-02-25 12:00:00+00:00,61640.4
2026-02-25 13:00:00+00:00,60048.37
2026-02-25 14:00:00+00:00,59455.33
2026-02-25 15:00:00+00:00,60796.42
2026-02-25 16:00:00+00:00,64026.49
2026-02-25 17:00:00+00:00,66347.77
2026-02-25 18:00:00+00:00,66479.96
2026-02-25 19:00:00+00:00,64141.69
2026-02-25 20:00:00+00:00,61497.4
2026-02-25 21:00:00+00:00,57617.36
2026-02-25 22:00:00+00:00,54162.86
2026-02-25 23:00:00+00:00,51544.48
2026-02-26 00:00:00+00:00,49356.58
2026-02-26 01:00:00+00:00,48431.07
2026-02-26 02:00:00+00:00,48689.12
2026-02-26 03:00:00+00:00,50634.11
2026-02-26 04:00:00+00:00,54550.34
2026-02-26 05:00:00+00:00,61699.46
2026-02-26 06:00:00+00:00,66509.81
2026-02-26 07:00:00+00:00,68879.62
2026-02-26 08:00:00+00:00,68612.06
2026-02-26 09:00:00+00:00,67455.68
2026-02-26 10:00:00+00:00,65917.79
2026-02-26 11:00:00+00:00,64091.8
2026-02-26 12:00:00+00:00,61426.79
2026-02-26 13:00:00+00:00,59782.53
2026-02-26 14:00:00+00:00,59576.85
2026-02-26 15:00:00+00:00,60814.49
2026-02-26 16:00:00+00:00,64277.59
2026-02-26 17:00:00+00:00,66537.42
2026-02-26 18:00:00+00:00,65702.93
2026-02-26 19:00:00+00:00,62582.04
2026-02-26 20:00:00+00:00,59270.97
2026-02-26 21:00:00+00:00,56520.89
2026-02-26 22:00:00+00:00,52837.08
2026-02-26 23:00:00+00:00,49621.12
2026-02-27 00:00:00+00:00,47547.19
2026-02-27 01:00:00+00:00,46953.67
2026-02-27 02:00:00+00:00,47840.14
2026-02-27 03:00:00+00:00,49747.38
2026-02-27 04:00:00+00:00,53094.34
2026-02-27 05:00:00+00:00,60443.29
2026-02-27 06:00:00+00:00,65237.22
2026-02-27 07:00:00+00:00,67181.43
2026-02-27 08:00:00+00:00,66066.16
2026-02-27 09:00:00+00:00,65157.06
2026-02-27 10:00:00+00:00,63064.12
2026-02-27 11:00:00+00:00,60385.94
2026-02-27 12:00:00+00:00,58139.94
2026-02-27 13:00:00+00:00,56760.0
2026-02-27 14:00:00+00:00,55918.29
2026-02-27 15:00:00+00:00,57089.7
2026-02-27 16:00:00+00:00,60718.72
2026-02-27 17:00:00+00:00,63027.58
2026-02-27 18:00:00+00:00,61822.66
2026-02-27 19:00:00+00:00,59006.74
2026-02-27 20:00:00+00:00,55436.17
2026-02-27 21:00:00+00:00,51920.41
2026-02-27 22:00:00+00:00,48622.63
2026-02-27 23:00:00+00:00,45245.45
2026-02-28 00:00:00+00:00,43510.26
2026-02-28 01:00:00+00:00,42059.28
2026-02-28 02:00:00+00:00,41514.19
2026-02-28 03:00:00+00:00,42331.26
2026-02-28 04:00:00+00:00,42731.68
2026-02-28 05:00:00+00:00,44098.01
2026-02-28 06:00:00+00:00,46923.16
2026-02-28 07:00:00+00:00,50782.96
2026-02-28 08:00:00+00:00,53402.43
2026-02-28 09:00:00+00:00,53923.59
2026-02-28 10:00:00+00:00,53785.04
2026-02-28 11:00:00+00:00,52911.1
2026-02-28 12:00:00+00:00,51049.95
2026-02-28 13:00:00+00:00,50126.89
2026-02-28 14:00:00+00:00,51015.34
2026-02-28 15:00:00+00:00,51825.56
2026-02-28 16:00:00+00:00,54566.5
2026-02-28 17:00:00+00:00,56967.84
2026-02-28 18:00:00+00:00,55146.83
2026-02-28 19:00:00+00:00,52582.3
2026-02-28 20:00:00+00:00,51228.94
2026-02-28 21:00:00+00:00,49835.41
2026-02-28 22:00:00+00:00,47381.09
2026-02-28 23:00:00+00:00,44872.51
2026-03-01 00:00:00+00:00,43300.45
2026-03-01 01:00:00+00:00,41849.52
2026-03-01 02:00:00+00:00,41528.47
2026-03-01 03:00:00+00:00,41990.47
2026-03-01 04:00:00+00:00,42379.64
2026-03-01 05:00:00+00:00,42793.3
2026-03-01 06:00:00+00:00,44189.38
2026-03-01 07:00:00+00:00,47085.15
2026-03-01 08:00:00+00:00,50235.36
2026-03-01 09:00:00+00:00,51618.61
2026-03-01 10:00:00+00:00,51843.29
2026-03-01 11:00:00+00:00,50741.54
2026-03-01 12:00:00+00:00,49172.15
2026-03-01 13:00:00+00:00,47104.16
2026-03-01 14:00:00+00:00,46858.42
2026-03-01 15:00:00+00:00,48006.72
2026-03-01 16:00:00+00:00,51723.56
2026-03-01 17:00:00+00:00,54534.11
2026-03-01 18:00:00+00:00,54362.02
2026-03-01 19:00:00+00:00,52406.88
2026-03-01 20:00:00+00:00,50961.69
2026-03-01 21:00:00+00:00,49663.85
2026-03-01 22:00:00+00:00,47669.59
2026-03-01 23:00:00+00:00,45935.04
2026-03-02 00:00:00+00:00,43295.97
2026-03-02 01:00:00+00:00,44584.81
2026-03-02 02:00:00+00:00,45128.98
2026-03-02 03:00:00+00:00,46612.71
2026-03-02 04:00:00+00:00,50394.99
2026-03-02 05:00:00+00:00,58749.91
2026-03-02 06:00:00+00:00,63296.85
2026-03-02 07:00:00+00:00,64868.44
2026-03-02 08:00:00+00:00,64229.15
2026-03-02 09:00:00+00:00,62624.97
2026-03-02 10:00:00+00:00,60621.39
2026-03-02 11:00:00+00:00,59021.81
2026-03-02 12:00:00+00:00,57531.02
2026-03-02 13:00:00+00:00,56294.0
2026-03-02 14:00:00+00:00,56032.76
2026-03-02 15:00:00+00:00,57341.75
2026-03-02 16:00:00+00:00,61192.68
2026-03-02 17:00:00+00:00,64154.73
2026-03-02 18:00:00+00:00,63197.91
2026-03-02 19:00:00+00:00,59812.53
2026-03-02 20:00:00+00:00,56752.91
2026-03-02 21:00:00+00:00,53939.08
2026-03-02 22:00:00+00:00,50527.63
2026-03-02 23:00:00+00:00,46596.05
2026-03-03 00:00:00+00:00,45012.52
2026-03-03 01:00:00+00:00,44332.54
2026-03-03 02:00:00+00:00,44807.1
2026-03-03 03:00:00+00:00,46876.2
2026-03-03 04:00:00+00:00,51065.53
2026-03-03 05:00:00+00:00,58456.54
2026-03-03 06:00:00+00:00,63017.31
2026-03-03 07:00:00+00:00,64926.82
2026-03-03 08:00:00+00:00,64007.35
2026-03-03 09:00:00+00:00,62418.44
2026-03-03 10:00:00+00:00,60675.28
2026-03-03 11:00:00+00:00,59409.08
2026-03-03 12:00:00+00:00,58144.36
2026-03-03 13:00:00+00:00,57089.07
2026-03-03 14:00:00+00:00,57509.67
2026-03-03 15:00:00+00:00,58843.95
2026-03-03 16:00:00+00:00,62149.9
2026-03-03 17:00:00+00:00,64762.45
2026-03-03 18:00:00+00:00,63818.33
2026-03-03 19:00:00+00:00,60373.38
2026-03-03 20:00:00+00:00,56516.13
2026-03-03 21:00:00+00:00,53861.26
2026-03-03 22:00:00+00:00,50444.62
2026-03-03 23:00:00+00:00,48915.67
2026-03-04 00:00:00+00:00,47350.47
2026-03-04 01:00:00+00:00,46645.24
2026-03-04 02:00:00+00:00,46873.1
2026-03-04 03:00:00+00:00,49045.91
2026-03-04 04:00:00+00:00,52275.2
2026-03-04 05:00:00+00:00,60089.95
2026-03-04 06:00:00+00:00,64408.41
2026-03-04 07:00:00+00:00,66121.14
2026-03-04 08:00:00+00:00,65381.79
2026-03-04 09:00:00+00:00,63090.55
2026-03-04 10:00:00+00:00,61193.42
2026-03-04 11:00:00+00:00,59756.2
2026-03-04 12:00:00+00:00,58389.64
2026-03-04 13:00:00+00:00,56736.46
2026-03-04 14:00:00+00:00,57744.96
2026-03-04 15:00:00+00:00,59054.89
2026-03-04 16:00:00+00:00,62828.55
2026-03-04 17:00:00+00:00,64845.76
2026-03-04 18:00:00+00:00,64198.3
2026-03-04 19:00:00+00:00,61027.33
2026-03-04 20:00:00+00:00,57427.47
2026-03-04 21:00:00+00:00,54287.54
2026-03-04 22:00:00+00:00,50880.53
2026-03-04 23:00:00+00:00,47615.62
2026-03-05 00:00:00+00:00,45680.09
2026-03-05 01:00:00+00:00,45036.19
2026-03-05 02:00:00+00:00,45472.11
2026-03-05 03:00:00+00:00,47731.84
2026-03-05 04:00:00+00:00,51703.68
2026-03-05 05:00:00+00:00,58996.48
2026-03-05 06:00:00+00:00,63369.27
2026-03-05 07:00:00+00:00,65339.0
2026-03-05 08:00:00+00:00,64241.7
2026-03-05 09:00:00+00:00,61798.63
2026-03-05 10:00:00+00:00,59876.41
2026-03-05 11:00:00+00:00,57767.25
2026-03-05 12:00:00+00:00,57114.86
2026-03-05 13:00:00+00:00,55702.48
2026-03-05 14:00:00+00:00,55992.33
2026-03-05 15:00:00+00:00,57673.77
2026-03-05 16:00:00+00:00,61082.26
2026-03-05 17:00:00+00:00,63721.86
2026-03-05 18:00:00+00:00,63944.81
2026-03-05 19:00:00+00:00,61209.28
2026-03-05 20:00:00+00:00,57874.98
2026-03-05 21:00:00+00:00,54068.64
2026-03-05 22:00:00+00:00,50421.87
2026-03-05 23:00:00+00:00,48067.52
2026-03-06 00:00:00+00:00,46152.85
2026-03-06 01:00:00+00:00,45362.14
2026-03-06 02:00:00+00:00,46256.61
2026-03-06 03:00:00+00:00,47941.31
2026-03-06 04:00:00+00:00,52050.95
2026-03-06 05:00:00+00:00,59816.64
2026-03-06 06:00:00+00:00,63923.91
2026-03-06 07:00:00+00:00,65721.99
2026-03-06 08:00:00+00:00,64385.02
2026-03-06 09:00:00+00:00,62504.41
2026-03-06 10:00:00+00:00,61376.69
2026-03-06 11:00:00+00:00,59895.58
2026-03-06 12:00:00+00:00,57778.71
2026-03-06 13:00:00+00:00,55839.65
2026-03-06 14:00:00+00:00,55336.92
2026-03-06 15:00:00+00:00,56810.34
2026-03-06 16:00:00+00:00,59504.75
2026-03-06 17:00:00+00:00,61613.59
2026-03-06 18:00:00+00:00,60787.03
2026-03-06 19:00:00+00:00,57074.43
2026-03-06 20:00:00+00:00,53967.85
2026-03-06 21:00:00+00:00,51077.29
2026-03-06 22:00:00+00:00,48235.21
2026-03-06 23:00:00+00:00,45100.7
2026-03-07 00:00:00+00:00,43251.68
2026-03-07 01:00:00+00:00,42081.23
2026-03-07 02:00:00+00:00,41935.68
2026-03-07 03:00:00+00:00,42535.1
2026-03-07 04:00:00+00:00,43336.43
2026-03-07 05:00:00+00:00,45276.52
2026-03-07 06:00:00+00:00,47696.4
2026-03-07 07:00:00+00:00,50397.25
2026-03-07 08:00:00+00:00,52136.69
2026-03-07 09:00:00+00:00,52013.03
2026-03-07 10:00:00+00:00,50714.69
2026-03-07 11:00:00+00:00,49371.51
2026-03-07 12:00:00+00:00,47743.46
2026-03-07 13:00:00+00:00,46195.83
2026-03-07 14:00:00+00:00,45948.04
2026-03-07 15:00:00+00:00,47414.98
2026-03-07 16:00:00+00:00,50416.83
2026-03-07 17:00:00+00:00,52976.08
2026-03-07 18:00:00+00:00,52169.73
2026-03-07 19:00:00+00:00,49449.03
2026-03-07 20:00:00+00:00,47298.64
2026-03-07 21:00:00+00:00,45882.9
2026-03-07 22:00:00+00:00,43177.41
2026-03-07 23:00:00+00:00,40905.71
2026-03-08 00:00:00+00:00,39330.45
2026-03-08 01:00:00+00:00,38641.52
2026-03-08 02:00:00+00:00,38566.15
2026-03-08 03:00:00+00:00,39111.28
2026-03-08 04:00:00+00:00,39778.8
2026-03-08 05:00:00+00:00,40914.25
2026-03-08 06:00:00+00:00,42453.8
2026-03-08 07:00:00+00:00,45016.45
2026-03-08 08:00:00+00:00,47633.75
2026-03-08 09:00:00+00:00,48593.59
2026-03-08 10:00:00+00:00,48632.4
2026-03-08 11:00:00+00:00,46734.7
2026-03-08 12:00:00+00:00,44464.14
2026-03-08 13:00:00+00:00,43176.34
2026-03-08 14:00:00+00:00,43106.89
2026-03-08 15:00:00+00:00,44815.69
2026-03-08 16:00:00+00:00,49272.92
2026-03-08 17:00:00+00:00,53187.24
2026-03-08 18:00:00+00:00,53345.55
2026-03-08 19:00:00+00:00,51584.19
2026-03-08 20:00:00+00:00,50143.91
2026-03-08 21:00:00+00:00,49115.97
2026-03-08 22:00:00+00:00,46647.11
2026-03-08 23:00:00+00:00,44820.79
2026-03-09 00:00:00+00:00,43653.27
2026-03-09 01:00:00+00:00,42776.25
2026-03-09 02:00:00+00:00,42853.63
2026-03-09 03:00:00+00:00,44802.45
2026-03-09 04:00:00+00:00,48578.27
2026-03-09 05:00:00+00:00,57058.51
2026-03-09 06:00:00+00:00,61656.74
2026-03-09 07:00:00+00:00,63354.09
2026-03-09 08:00:00+00:00,62561.54
2026-03-09 09:00:00+00:00,60559.59
2026-03-09 10:00:00+00:00,59029.04
2026-03-09 11:00:00+00:00,58602.71
2026-03-09 12:00:00+00:00,57133.82
2026-03-09 13:00:00+00:00,56873.71
2026-03-09 14:00:00+00:00,57225.43
2026-03-09 15:00:00+00:00,58883.52
2026-03-09 16:00:00+00:00,61763.33
2026-03-09 17:00:00+00:00,64103.52
2026-03-09 18:00:00+00:00,63289.92
2026-03-09 19:00:00+00:00,59353.07
2026-03-09 20:00:00+00:00,55738.5
2026-03-09 21:00:00+00:00,52659.34
2026-03-09 22:00:00+00:00,49725.87
2026-03-09 23:00:00+00:00,46791.88
2026-03-10 00:00:00+00:00,45202.13
2026-03-10 01:00:00+00:00,44786.86
2026-03-10 02:00:00+00:00,45401.01
2026-03-10 03:00:00+00:00,46698.17
2026-03-10 04:00:00+00:00,50497.69
2026-03-10 05:00:00+00:00,57710.32
2026-03-10 06:00:00+00:00,62105.29
2026-03-10 07:00:00+00:00,63247.57
2026-03-10 08:00:00+00:00,62332.46
2026-03-10 09:00:00+00:00,60318.51
2026-03-10 10:00:00+00:00,58701.08
2026-03-10 11:00:00+00:00,57576.85
2026-03-10 12:00:00+00:00,56983.11
2026-03-10 13:00:00+00:00,56671.22
2026-03-10 14:00:00+00:00,56819.91
2026-03-10 15:00:00+00:00,57664.8
2026-03-10 16:00:00+00:00,60732.1
2026-03-10 17:00:00+00:00,63282.35
2026-03-10 18:00:00+00:00,62841.72
2026-03-10 19:00:00+00:00,59584.17
2026-03-10 20:00:00+00:00,55776.77
2026-03-10 21:00:00+00:00,51953.45
2026-03-10 22:00:00+00:00,49008.14
2026-03-10 23:00:00+00:00,45846.72
2026-03-11 00:00:00+00:00,44731.16
2026-03-11 01:00:00+00:00,44490.07
2026-03-11 02:00:00+00:00,46437.91
2026-03-11 03:00:00+00:00,48555.54
2026-03-11 04:00:00+00:00,52028.7
2026-03-11 05:00:00+00:00,58910.09
2026-03-11 06:00:00+00:00,63111.88
2026-03-11 07:00:00+00:00,64934.06
2026-03-11 08:00:00+00:00,64883.27
2026-03-11 09:00:00+00:00,64808.96
2026-03-11 10:00:00+00:00,64669.92
2026-03-11 11:00:00+00:00,63662.23
2026-03-11 12:00:00+00:00,63297.52
2026-03-11 13:00:00+00:00,61548.06
2026-03-11 14:00:00+00:00,62478.38
2026-03-11 15:00:00+00:00,63017.56
2026-03-11 16:00:00+00:00,65941.35
2026-03-11 17:00:00+00:00,67438.61
2026-03-11 18:00:00+00:00,65335.24
2026-03-11 19:00:00+00:00,62217.11
2026-03-11 20:00:00+00:00,58654.55
2026-03-11 21:00:00+00:00,54960.97
2026-03-11 22:00:00+00:00,51737.02
2026-03-11 23:00:00+00:00,49047.96
2026-03-12 00:00:00+00:00,47427.58
2026-03-12 01:00:00+00:00,46741.5
2026-03-12 02:00:00+00:00,47510.59
2026-03-12 03:00:00+00:00,48609.84
2026-03-12 04:00:00+00:00,52236.89
2026-03-12 05:00:00+00:00,59458.21
2026-03-12 06:00:00+00:00,64131.67
2026-03-12 07:00:00+00:00,66406.22
2026-03-12 08:00:00+00:00,65799.95
2026-03-12 09:00:00+00:00,64924.59
2026-03-12 10:00:00+00:00,64091.56
2026-03-12 11:00:00+00:00,62815.79
2026-03-12 12:00:00+00:00,61471.58
2026-03-12 13:00:00+00:00,59737.45
2026-03-12 14:00:00+00:00,60112.06
2026-03-12 15:00:00+00:00,60478.6
2026-03-12 16:00:00+00:00,62407.77
2026-03-12 17:00:00+00:00,65420.66
2026-03-12 18:00:00+00:00,66518.05
2026-03-12 19:00:00+00:00,63671.03
2026-03-12 20:00:00+00:00,60282.17
2026-03-12 21:00:00+00:00,57003.53
2026-03-12 22:00:00+00:00,53535.18
2026-03-12 23:00:00+00:00,51058.42
2026-03-13 00:00:00+00:00,49406.26
2026-03-13 01:00:00+00:00,48914.28
2026-03-13 02:00:00+00:00,49453.77
2026-03-13 03:00:00+00:00,50915.02
2026-03-13 04:00:00+00:00,54592.9
2026-03-13 05:00:00+00:00,61241.99
2026-03-13 06:00:00+00:00,63964.45
2026-03-13 07:00:00+00:00,65832.51
2026-03-13 08:00:00+00:00,65244.96
2026-03-13 09:00:00+00:00,63208.3
2026-03-13 10:00:00+00:00,61905.37
2026-03-13 11:00:00+00:00,61207.13
2026-03-13 12:00:00+00:00,59709.6
2026-03-13 13:00:00+00:00,58806.86
2026-03-13 14:00:00+00:00,59124.58
2026-03-13 15:00:00+00:00,62298.75
2026-03-13 16:00:00+00:00,63776.82
2026-03-13 17:00:00+00:00,64067.08
2026-03-13 18:00:00+00:00,62357.83
2026-03-13 19:00:00+00:00,58572.11
2026-03-13 20:00:00+00:00,55052.52
2026-03-13 21:00:00+00:00,52004.15
2026-03-13 22:00:00+00:00,49230.55
2026-03-13 23:00:00+00:00,47011.94
2026-03-14 00:00:00+00:00,44972.32
2026-03-14 01:00:00+00:00,44015.55
2026-03-14 02:00:00+00:00,43500.63
2026-03-14 03:00:00+00:00,43506.96
2026-03-14 04:00:00+00:00,43920.63
2026-03-14 05:00:00+00:00,45776.17
2026-03-14 06:00:00+00:00,48039.3
2026-03-14 07:00:00+00:00,50982.94
2026-03-14 08:00:00+00:00,53893.22
2026-03-14 09:00:00+00:00,54543.78
2026-03-14 10:00:00+00:00,54025.23
2026-03-14 11:00:00+00:00,53972.64
2026-03-14 12:00:00+00:00,53811.46
2026-03-14 13:00:00+00:00,52947.24
2026-03-14 14:00:00+00:00,52928.53
2026-03-14 15:00:00+00:00,53485.22
2026-03-14 16:00:00+00:00,55336.99
2026-03-14 17:00:00+00:00,57622.88
2026-03-14 18:00:00+00:00,56647.24
2026-03-14 19:00:00+00:00,53178.73
2026-03-14 20:00:00+00:00,50777.75
2026-03-14 21:00:00+00:00,49150.51
2026-03-14 22:00:00+00:00,46060.44
2026-03-14 23:00:00+00:00,43646.21
2026-03-15 00:00:00+00:00,42226.37
2026-03-15 01:00:00+00:00,41235.1
2026-03-15 02:00:00+00:00,41142.73
2026-03-15 03:00:00+00:00,41564.14
2026-03-15 04:00:00+00:00,42165.94
2026-03-15 05:00:00+00:00,42902.69
2026-03-15 06:00:00+00:00,44532.02
2026-03-15 07:00:00+00:00,46694.01
2026-03-15 08:00:00+00:00,48596.68
2026-03-15 09:00:00+00:00,50241.29
2026-03-15 10:00:00+00:00,51947.36
2026-03-15 11:00:00+00:00,51555.18
2026-03-15 12:00:00+00:00,50435.04
2026-03-15 13:00:00+00:00,49024.53
2026-03-15 14:00:00+00:00,48619.21
2026-03-15 15:00:00+00:00,49445.59
2026-03-15 16:00:00+00:00,52336.53
2026-03-15 17:00:00+00:00,55057.98
2026-03-15 18:00:00+00:00,54697.78
2026-03-15 19:00:00+00:00,52620.33
2026-03-15 20:00:00+00:00,51067.04
2026-03-15 21:00:00+00:00,50678.42
2026-03-15 22:00:00+00:00,48727.96
2026-03-15 23:00:00+00:00,46496.01
2026-03-16 00:00:00+00:00,46230.57
2026-03-16 01:00:00+00:00,45389.09
2026-03-16 02:00:00+00:00,45953.69
2026-03-16 03:00:00+00:00,48209.23
2026-03-16 04:00:00+00:00,52445.98
2026-03-16 05:00:00+00:00,59386.96
2026-03-16 06:00:00+00:00,64361.67
2026-03-16 07:00:00+00:00,66672.69
2026-03-16 08:00:00+00:00,67298.55
2026-03-16 09:00:00+00:00,67504.66
2026-03-16 10:00:00+00:00,67573.4
2026-03-16 11:00:00+00:00,65706.64
2026-03-16 12:00:00+00:00,63967.72
2026-03-16 13:00:00+00:00,61907.33
2026-03-16 14:00:00+00:00,61642.83
2026-03-16 15:00:00+00:00,61884.63
2026-03-16 16:00:00+00:00,63956.86
2026-03-16 17:00:00+00:00,66145.37
2026-03-16 18:00:00+00:00,65715.28
2026-03-16 19:00:00+00:00,61672.73
2026-03-16 20:00:00+00:00,58493.16
2026-03-16 21:00:00+00:00,55781.63
2026-03-16 22:00:00+00:00,52538.06
2026-03-16 23:00:00+00:00,50188.52
2026-03-17 00:00:00+00:00,48299.08
2026-03-17 01:00:00+00:00,46935.1
2026-03-17 02:00:00+00:00,47031.61
2026-03-17 03:00:00+00:00,47092.96
2026-03-17 04:00:00+00:00,50704.23
2026-03-17 05:00:00+00:00,58534.93
2026-03-17 06:00:00+00:00,62905.9
2026-03-17 07:00:00+00:00,65004.87
2026-03-17 08:00:00+00:00,64911.9
2026-03-17 09:00:00+00:00,64681.19
2026-03-17 10:00:00+00:00,64387.78
2026-03-17 11:00:00+00:00,64147.81
2026-03-17 12:00:00+00:00,63040.58
2026-03-17 13:00:00+00:00,61641.02
2026-03-17 14:00:00+00:00,60544.72
2026-03-17 15:00:00+00:00,60020.76
2026-03-17 16:00:00+00:00,62234.89
2026-03-17 17:00:00+00:00,64597.57
2026-03-17 18:00:00+00:00,65107.65
2026-03-17 19:00:00+00:00,61938.47
2026-03-17 20:00:00+00:00,58790.37
2026-03-17 21:00:00+00:00,55585.84
2026-03-17 22:00:00+00:00,51931.39
2026-03-17 23:00:00+00:00,49495.02
2026-03-18 00:00:00+00:00,47328.09
2026-03-18 01:00:00+00:00,46681.75
2026-03-18 02:00:00+00:00,47226.98
2026-03-18 03:00:00+00:00,48516.0
2026-03-18 04:00:00+00:00,52678.85
2026-03-18 05:00:00+00:00,59773.66
2026-03-18 06:00:00+00:00,63457.85
2026-03-18 07:00:00+00:00,64681.65
2026-03-18 08:00:00+00:00,63627.01
2026-03-18 09:00:00+00:00,61180.38
2026-03-18 10:00:00+00:00,59998.77
2026-03-18 11:00:00+00:00,58438.22
2026-03-18 12:00:00+00:00,56675.03
2026-03-18 13:00:00+00:00,54845.93
2026-03-18 14:00:00+00:00,55179.61
2026-03-18 15:00:00+00:00,56859.83
2026-03-18 16:00:00+00:00,59992.76
2026-03-18 17:00:00+00:00,62943.71
2026-03-18 18:00:00+00:00,62969.29
2026-03-18 19:00:00+00:00,59644.15
2026-03-18 20:00:00+00:00,56034.37
2026-03-18 21:00:00+00:00,53402.23
2026-03-18 22:00:00+00:00,50159.31
2026-03-18 23:00:00+00:00,47216.93
2026-03-19 00:00:00+00:00,45323.17
2026-03-19 01:00:00+00:00,44831.6
2026-03-19 02:00:00+00:00,45319.35
2026-03-19 03:00:00+00:00,46890.7
2026-03-19 04:00:00+00:00,50153.48
2026-03-19 05:00:00+00:00,57183.22
2026-03-19 06:00:00+00:00,61344.5
2026-03-19 07:00:00+00:00,63029.21
2026-03-19 08:00:00+00:00,61951.5
2026-03-19 09:00:00+00:00,59986.58
2026-03-19 10:00:00+00:00,57961.2
2026-03-19 11:00:00+00:00,57377.37
2026-03-19 12:00:00+00:00,55945.41
2026-03-19 13:00:00+00:00,54922.2
2026-03-19 14:00:00+00:00,55282.8
2026-03-19 15:00:00+00:00,56360.36
2026-03-19 16:00:00+00:00,59384.34
2026-03-19 17:00:00+00:00,62417.77
2026-03-19 18:00:00+00:00,63116.87
2026-03-19 19:00:00+00:00,60288.18
2026-03-19 20:00:00+00:00,56602.65
2026-03-19 21:00:00+00:00,53831.31
2026-03-19 22:00:00+00:00,50310.62
2026-03-19 23:00:00+00:00,47935.1
2026-03-20 00:00:00+00:00,46683.95
2026-03-20 01:00:00+00:00,46021.23
2026-03-20 02:00:00+00:00,46139.75
2026-03-20 03:00:00+00:00,47773.72
2026-03-20 04:00:00+00:00,51303.65
2026-03-20 05:00:00+00:00,57839.31
2026-03-20 06:00:00+00:00,61815.78
2026-03-20 07:00:00+00:00,64060.63
2026-03-20 08:00:00+00:00,63083.1
2026-03-20 09:00:00+00:00,61069.75
2026-03-20 10:00:00+00:00,59181.01
2026-03-20 11:00:00+00:00,57757.56
2026-03-20 12:00:00+00:00,55991.07
2026-03-20 13:00:00+00:00,54361.27
2026-03-20 14:00:00+00:00,54479.5
2026-03-20 15:00:00+00:00,55940.54
2026-03-20 16:00:00+00:00,58064.9
2026-03-20 17:00:00+00:00,60111.98
2026-03-20 18:00:00+00:00,60137.01
2026-03-20 19:00:00+00:00,56877.22
2026-03-20 20:00:00+00:00,53518.19
2026-03-20 21:00:00+00:00,50730.57
2026-03-20 22:00:00+00:00,47783.22
2026-03-20 23:00:00+00:00,45252.51
2026-03-21 00:00:00+00:00,43361.76
2026-03-21 01:00:00+00:00,42591.73
2026-03-21 02:00:00+00:00,42473.26
2026-03-21 03:00:00+00:00,42780.43
2026-03-21 04:00:00+00:00,43591.1
2026-03-21 05:00:00+00:00,45138.01
2026-03-21 06:00:00+00:00,47647.84
2026-03-21 07:00:00+00:00,50076.34
2026-03-21 08:00:00+00:00,52123.76
2026-03-21 09:00:00+00:00,53190.77
2026-03-21 10:00:00+00:00,53068.05
2026-03-21 11:00:00+00:00,51647.58
2026-03-21 12:00:00+00:00,50371.4
2026-03-21 13:00:00+00:00,48871.96
2026-03-21 14:00:00+00:00,49565.18
2026-03-21 15:00:00+00:00,49803.38
2026-03-21 16:00:00+00:00,51796.85
2026-03-21 17:00:00+00:00,53827.94
2026-03-21 18:00:00+00:00,54067.99
2026-03-21 19:00:00+00:00,51709.72
2026-03-21 20:00:00+00:00,49336.88
2026-03-21 21:00:00+00:00,47500.17
2026-03-21 22:00:00+00:00,44791.42
2026-03-21 23:00:00+00:00,42081.68
2026-03-22 00:00:00+00:00,39963.75
2026-03-22 01:00:00+00:00,39274.12
2026-03-22 02:00:00+00:00,38999.08
2026-03-22 03:00:00+00:00,39223.57
2026-03-22 04:00:00+00:00,39580.5
2026-03-22 05:00:00+00:00,39947.25
2026-03-22 06:00:00+00:00,42230.69
2026-03-22 07:00:00+00:00,45619.97
2026-03-22 08:00:00+00:00,47782.62
2026-03-22 09:00:00+00:00,47305.8
2026-03-22 10:00:00+00:00,47320.12
2026-03-22 11:00:00+00:00,46149.22
2026-03-22 12:00:00+00:00,43498.67
2026-03-22 13:00:00+00:00,41975.94
2026-03-22 14:00:00+00:00,41866.64
2026-03-22 15:00:00+00:00,43699.8
2026-03-22 16:00:00+00:00,47275.23
2026-03-22 17:00:00+00:00,51401.87
2026-03-22 18:00:00+00:00,52842.57
2026-03-22 19:00:00+00:00,51223.03
2026-03-22 20:00:00+00:00,49343.15
2026-03-22 21:00:00+00:00,48312.51
2026-03-22 22:00:00+00:00,45925.43
2026-03-22 23:00:00+00:00,44027.9
2026-03-23 00:00:00+00:00,42799.08
2026-03-23 01:00:00+00:00,42331.85
2026-03-23 02:00:00+00:00,43151.22
2026-03-23 03:00:00+00:00,44995.18
2026-03-23 04:00:00+00:00,49018.82
2026-03-23 05:00:00+00:00,56303.16
2026-03-23 06:00:00+00:00,60727.56
2026-03-23 07:00:00+00:00,62690.02
2026-03-23 08:00:00+00:00,61508.92
2026-03-23 09:00:00+00:00,60321.29
2026-03-23 10:00:00+00:00,59450.69
2026-03-23 11:00:00+00:00,57870.87
2026-03-23 12:00:00+00:00,56568.93
2026-03-23 13:00:00+00:00,56274.04
2026-03-23 14:00:00+00:00,56794.16
2026-03-23 15:00:00+00:00,57012.77
2026-03-23 16:00:00+00:00,58605.64
2026-03-23 17:00:00+00:00,60934.74
2026-03-23 18:00:00+00:00,61889.77
2026-03-23 19:00:00+00:00,58828.85
2026-03-23 20:00:00+00:00,55495.82
2026-03-23 21:00:00+00:00,51989.31
2026-03-23 22:00:00+00:00,48776.71
2026-03-23 23:00:00+00:00,45827.21
2026-03-24 00:00:00+00:00,44761.6
2026-03-24 01:00:00+00:00,44467.83
2026-03-24 02:00:00+00:00,45154.11
2026-03-24 03:00:00+00:00,46474.32
2026-03-24 04:00:00+00:00,50448.66
2026-03-24 05:00:00+00:00,57635.4
2026-03-24 06:00:00+00:00,61632.34
2026-03-24 07:00:00+00:00,63480.94
2026-03-24 08:00:00+00:00,63521.11
2026-03-24 09:00:00+00:00,62738.13
2026-03-24 10:00:00+00:00,61127.22
2026-03-24 11:00:00+00:00,59500.48
2026-03-24 12:00:00+00:00,58270.41
2026-03-24 13:00:00+00:00,57735.46
2026-03-24 14:00:00+00:00,59117.15
2026-03-24 15:00:00+00:00,59736.44
2026-03-24 16:00:00+00:00,61751.95
2026-03-24 17:00:00+00:00,65067.13
2026-03-24 18:00:00+00:00,66235.26
2026-03-24 19:00:00+00:00,62652.13
2026-03-24 20:00:00+00:00,59223.8
2026-03-24 21:00:00+00:00,56038.01
2026-03-24 22:00:00+00:00,52513.98
2026-03-24 23:00:00+00:00,49918.91
2026-03-25 00:00:00+00:00,48116.33
2026-03-25 01:00:00+00:00,47190.52
2026-03-25 02:00:00+00:00,47530.44
2026-03-25 03:00:00+00:00,49630.42
2026-03-25 04:00:00+00:00,53506.17
2026-03-25 05:00:00+00:00,60837.07
2026-03-25 06:00:00+00:00,65716.76
2026-03-25 07:00:00+00:00,67560.3
2026-03-25 08:00:00+00:00,67928.14
2026-03-25 09:00:00+00:00,69002.61
2026-03-25 10:00:00+00:00,69297.61
2026-03-25 11:00:00+00:00,69642.98
2026-03-25 12:00:00+00:00,67662.87
2026-03-25 13:00:00+00:00,67389.2
2026-03-25 14:00:00+00:00,66178.71
2026-03-25 15:00:00+00:00,64850.61
2026-03-25 16:00:00+00:00,65860.86
2026-03-25 17:00:00+00:00,66421.51
2026-03-25 18:00:00+00:00,66798.37
2026-03-25 19:00:00+00:00,63733.0
2026-03-25 20:00:00+00:00,60858.64
2026-03-25 21:00:00+00:00,57041.04
2026-03-25 22:00:00+00:00,53380.26
2026-03-25 23:00:00+00:00,51427.46
2026-03-26 00:00:00+00:00,49505.77
2026-03-26 01:00:00+00:00,49278.75
2026-03-26 02:00:00+00:00,49835.64
2026-03-26 03:00:00+00:00,50588.78
2026-03-26 04:00:00+00:00,54084.71
2026-03-26 05:00:00+00:00,61342.1
2026-03-26 06:00:00+00:00,65062.22
2026-03-26 07:00:00+00:00,67658.66
2026-03-26 08:00:00+00:00,67963.12
2026-03-26 09:00:00+00:00,68066.65
2026-03-26 10:00:00+00:00,67825.75
2026-03-26 11:00:00+00:00,66751.64
2026-03-26 12:00:00+00:00,65196.25
2026-03-26 13:00:00+00:00,62924.26
2026-03-26 14:00:00+00:00,62066.73
2026-03-26 15:00:00+00:00,62380.22
2026-03-26 16:00:00+00:00,64359.48
2026-03-26 17:00:00+00:00,66193.68
2026-03-26 18:00:00+00:00,66870.85
2026-03-26 19:00:00+00:00,64224.48
2026-03-26 20:00:00+00:00,61358.66
2026-03-26 21:00:00+00:00,57603.92
2026-03-26 22:00:00+00:00,54400.42
2026-03-26 23:00:00+00:00,51584.9
2026-03-27 00:00:00+00:00,49628.41
2026-03-27 01:00:00+00:00,49024.16
2026-03-27 02:00:00+00:00,49064.78
2026-03-27 03:00:00+00:00,50384.59
2026-03-27 04:00:00+00:00,53976.63
2026-03-27 05:00:00+00:00,59846.83
2026-03-27 06:00:00+00:00,63724.94
2026-03-27 07:00:00+00:00,66184.53
2026-03-27 08:00:00+00:00,65290.62
2026-03-27 09:00:00+00:00,63500.31
2026-03-27 10:00:00+00:00,62356.84
2026-03-27 11:00:00+00:00,61297.04
2026-03-27 12:00:00+00:00,59807.92
2026-03-27 13:00:00+00:00,57631.39
2026-03-27 14:00:00+00:00,57566.39
2026-03-27 15:00:00+00:00,58616.26
2026-03-27 16:00:00+00:00,60249.34
2026-03-27 17:00:00+00:00,62449.09
2026-03-27 18:00:00+00:00,63408.12
2026-03-27 19:00:00+00:00,60450.22
2026-03-27 20:00:00+00:00,56845.53
2026-03-27 21:00:00+00:00,54043.16
2026-03-27 22:00:00+00:00,51579.31
2026-03-27 23:00:00+00:00,49574.8
2026-03-28 00:00:00+00:00,45931.77
2026-03-28 01:00:00+00:00,46162.14
2026-03-28 02:00:00+00:00,46349.4
2026-03-28 03:00:00+00:00,46693.94
2026-03-28 04:00:00+00:00,47263.05
2026-03-28 05:00:00+00:00,48562.1
2026-03-28 06:00:00+00:00,50276.98
2026-03-28 07:00:00+00:00,52950.13
2026-03-28 08:00:00+00:00,55621.1
2026-03-28 09:00:00+00:00,56392.38
2026-03-28 10:00:00+00:00,56210.09
2026-03-28 11:00:00+00:00,55647.8
2026-03-28 12:00:00+00:00,53776.63
2026-03-28 13:00:00+00:00,52010.32
2026-03-28 14:00:00+00:00,52142.56
2026-03-28 15:00:00+00:00,52491.95
2026-03-28 16:00:00+00:00,54269.46
2026-03-28 17:00:00+00:00,56321.22
2026-03-28 18:00:00+00:00,56863.49
2026-03-28 19:00:00+00:00,54155.67
2026-03-28 20:00:00+00:00,52064.01
2026-03-28 21:00:00+00:00,50325.41
2026-03-28 22:00:00+00:00,47358.24
2026-03-28 23:00:00+00:00,44653.4
2026-03-29 00:00:00+00:00,42516.17
2026-03-29 01:00:00+00:00,42334.85
2026-03-29 02:00:00+00:00,42084.0
2026-03-29 03:00:00+00:00,42074.81
2026-03-29 04:00:00+00:00,42249.12
2026-03-29 05:00:00+00:00,43674.3
2026-03-29 06:00:00+00:00,45732.66
2026-03-29 07:00:00+00:00,48014.5
2026-03-29 08:00:00+00:00,49896.49
2026-03-29 09:00:00+00:00,51329.98
2026-03-29 10:00:00+00:00,51264.36
2026-03-29 11:00:00+00:00,49960.33
2026-03-29 12:00:00+00:00,47207.88
2026-03-29 13:00:00+00:00,46739.52
2026-03-29 14:00:00+00:00,47651.89
2026-03-29 15:00:00+00:00,49984.89
2026-03-29 16:00:00+00:00,52108.95
2026-03-29 17:00:00+00:00,53532.8
2026-03-29 18:00:00+00:00,53514.95
2026-03-29 19:00:00+00:00,52182.92
2026-03-29 20:00:00+00:00,52697.04
2026-03-29 21:00:00+00:00,51089.35
2026-03-29 22:00:00+00:00,49229.83
2026-03-29 23:00:00+00:00,47817.53
2026-03-30 00:00:00+00:00,46934.68
2026-03-30 01:00:00+00:00,47214.06
2026-03-30 02:00:00+00:00,48683.27
2026-03-30 03:00:00+00:00,52931.5
2026-03-30 04:00:00+00:00,58947.44
2026-03-30 05:00:00+00:00,63419.12
2026-03-30 06:00:00+00:00,66489.73
2026-03-30 07:00:00+00:00,67456.28
2026-03-30 08:00:00+00:00,65979.08
2026-03-30 09:00:00+00:00,65686.22
2026-03-30 10:00:00+00:00,65369.88
2026-03-30 11:00:00+00:00,64087.9
2026-03-30 12:00:00+00:00,61596.64
2026-03-30 13:00:00+00:00,60229.25
2026-03-30 14:00:00+00:00,59768.78
2026-03-30 15:00:00+00:00,60604.54
2026-03-30 16:00:00+00:00,62564.21
2026-03-30 17:00:00+00:00,63094.8
2026-03-30 18:00:00+00:00,62589.35
2026-03-30 19:00:00+00:00,59882.94
2026-03-30 20:00:00+00:00,56631.88
2026-03-30 21:00:00+00:00,53149.45
2026-03-30 22:00:00+00:00,50111.31
2026-03-30 23:00:00+00:00,48212.06
2026-03-31 00:00:00+00:00,47047.96
2026-03-31 01:00:00+00:00,47610.8
2026-03-31 02:00:00+00:00,48909.61
2026-03-31 03:00:00+00:00,52055.95
2026-03-31 04:00:00+00:00,58737.23
2026-03-31 05:00:00+00:00,63582.01
2026-03-31 06:00:00+00:00,65748.64
2026-03-31 07:00:00+00:00,65803.5
2026-03-31 08:00:00+00:00,65360.24
2026-03-31 09:00:00+00:00,65878.64
2026-03-31 10:00:00+00:00,64926.14
2026-03-31 11:00:00+00:00,63668.83
2026-03-31 12:00:00+00:00,62029.45
2026-03-31 13:00:00+00:00,61128.47
2026-03-31 14:00:00+00:00,60194.84
2026-03-31 15:00:00+00:00,60906.48
2026-03-31 16:00:00+00:00,61989.13
2026-03-31 17:00:00+00:00,62983.54
2026-03-31 18:00:00+00:00,62291.28
2026-03-31 19:00:00+00:00,59151.62
2026-03-31 20:00:00+00:00,55611.17
2026-03-31 21:00:00+00:00,52179.17
2026-03-31 22:00:00+00:00,49404.48
2026-03-31 23:00:00+00:00,48049.42
2026-04-01 00:00:00+00:00,47226.06
2026-04-01 01:00:00+00:00,47043.31
2026-04-01 02:00:00+00:00,48462.34
2026-04-01 03:00:00+00:00,51727.1
2026-04-01 04:00:00+00:00,58110.65
2026-04-01 05:00:00+00:00,62313.13
2026-04-01 06:00:00+00:00,64372.11
2026-04-01 07:00:00+00:00,65027.4
2026-04-01 08:00:00+00:00,63886.3
2026-04-01 09:00:00+00:00,62694.58
2026-04-01 10:00:00+00:00,61753.96
2026-04-01 11:00:00+00:00,60667.01
2026-04-01 12:00:00+00:00,57817.01
2026-04-01 13:00:00+00:00,57146.04
2026-04-01 14:00:00+00:00,57277.86
2026-04-01 15:00:00+00:00,58461.7
2026-04-01 16:00:00+00:00,59743.77
2026-04-01 17:00:00+00:00,61227.19
2026-04-01 18:00:00+00:00,61047.54
2026-04-01 19:00:00+00:00,58439.0
2026-04-01 20:00:00+00:00,55309.59
2026-04-01 21:00:00+00:00,51990.24
2026-04-01 22:00:00+00:00,49765.55
2026-04-01 23:00:00+00:00,48431.88
2026-04-02 00:00:00+00:00,47889.53
2026-04-02 01:00:00+00:00,48527.92
2026-04-02 02:00:00+00:00,49762.95
2026-04-02 03:00:00+00:00,53127.49
2026-04-02 04:00:00+00:00,59141.79
2026-04-02 05:00:00+00:00,63112.99
2026-04-02 06:00:00+00:00,65287.96
2026-04-02 07:00:00+00:00,64433.25
2026-04-02 08:00:00+00:00,63457.31
2026-04-02 09:00:00+00:00,62166.57
2026-04-02 10:00:00+00:00,60835.89
2026-04-02 11:00:00+00:00,59024.5
2026-04-02 12:00:00+00:00,57851.31
2026-04-02 13:00:00+00:00,57159.18
2026-04-02 14:00:00+00:00,56575.75
2026-04-02 15:00:00+00:00,57901.22
2026-04-02 16:00:00+00:00,58423.01
2026-04-02 17:00:00+00:00,58459.42
2026-04-02 18:00:00+00:00,57775.56
2026-04-02 19:00:00+00:00,55071.63
2026-04-02 20:00:00+00:00,52159.75
2026-04-02 21:00:00+00:00,49238.79
2026-04-02 22:00:00+00:00,46142.22
2026-04-02 23:00:00+00:00,44968.48
2026-04-03 00:00:00+00:00,44397.59
2026-04-03 01:00:00+00:00,44169.68
2026-04-03 02:00:00+00:00,43704.85
2026-04-03 03:00:00+00:00,43792.45
2026-04-03 04:00:00+00:00,44339.05
2026-04-03 05:00:00+00:00,44949.33
2026-04-03 06:00:00+00:00,47566.48
2026-04-03 07:00:00+00:00,49749.33
2026-04-03 08:00:00+00:00,50426.34
2026-04-03 09:00:00+00:00,51144.67
2026-04-03 10:00:00+00:00,50572.01
2026-04-03 11:00:00+00:00,49276.87
2026-04-03 12:00:00+00:00,46782.69
2026-04-03 13:00:00+00:00,44471.05
2026-04-03 14:00:00+00:00,44736.06
2026-04-03 15:00:00+00:00,46921.86
2026-04-03 16:00:00+00:00,48907.48
2026-04-03 17:00:00+00:00,49168.74
2026-04-03 18:00:00+00:00,49260.53
2026-04-03 19:00:00+00:00,48485.84
2026-04-03 20:00:00+00:00,47751.06
2026-04-03 21:00:00+00:00,46439.78
2026-04-03 22:00:00+00:00,44315.89
2026-04-03 23:00:00+00:00,42466.06
2026-04-04 00:00:00+00:00,41633.96
2026-04-04 01:00:00+00:00,41976.58
2026-04-04 02:00:00+00:00,42515.89
2026-04-04 03:00:00+00:00,43946.71
2026-04-04 04:00:00+00:00,45287.59
2026-04-04 05:00:00+00:00,46981.33
2026-04-04 06:00:00+00:00,49997.47
2026-04-04 07:00:00+00:00,51586.74
2026-04-04 08:00:00+00:00,51360.34
2026-04-04 09:00:00+00:00,52838.1
2026-04-04 10:00:00+00:00,52565.1
2026-04-04 11:00:00+00:00,51320.66
2026-04-04 12:00:00+00:00,49929.71
2026-04-04 13:00:00+00:00,50040.4
2026-04-04 14:00:00+00:00,49865.97
2026-04-04 15:00:00+00:00,50359.1
2026-04-04 16:00:00+00:00,50279.94
2026-04-04 17:00:00+00:00,49980.17
2026-04-04 18:00:00+00:00,49441.23
2026-04-04 19:00:00+00:00,47493.3
2026-04-04 20:00:00+00:00,45871.28
2026-04-04 21:00:00+00:00,43264.85
2026-04-04 22:00:00+00:00,41004.07
2026-04-04 23:00:00+00:00,39281.84
2026-04-05 00:00:00+00:00,38249.5
2026-04-05 01:00:00+00:00,38058.14
2026-04-05 02:00:00+00:00,38442.33
2026-04-05 03:00:00+00:00,38930.42
2026-04-05 04:00:00+00:00,39728.46
2026-04-05 05:00:00+00:00,41296.77
2026-04-05 06:00:00+00:00,44174.16
2026-04-05 07:00:00+00:00,45944.23
2026-04-05 08:00:00+00:00,46688.76
2026-04-05 09:00:00+00:00,47444.38
2026-04-05 10:00:00+00:00,45496.23
2026-04-05 11:00:00+00:00,42977.87
2026-04-05 12:00:00+00:00,40826.71
2026-04-05 13:00:00+00:00,40333.72
2026-04-05 14:00:00+00:00,41293.03
2026-04-05 15:00:00+00:00,43638.82
2026-04-05 16:00:00+00:00,46986.09
2026-04-05 17:00:00+00:00,48909.05
2026-04-05 18:00:00+00:00,48859.57
2026-04-05 19:00:00+00:00,47940.24
2026-04-05 20:00:00+00:00,46243.05
2026-04-05 21:00:00+00:00,44129.63
2026-04-05 22:00:00+00:00,41678.34
2026-04-05 23:00:00+00:00,40127.99
2026-04-06 00:00:00+00:00,39137.98
2026-04-06 01:00:00+00:00,39492.66
2026-04-06 02:00:00+00:00,40447.12
2026-04-06 03:00:00+00:00,41261.07
2026-04-06 04:00:00+00:00,41936.68
2026-04-06 05:00:00+00:00,43282.17
2026-04-06 06:00:00+00:00,44165.45
2026-04-06 07:00:00+00:00,46740.73
2026-04-06 08:00:00+00:00,47350.9
2026-04-06 09:00:00+00:00,46743.12
2026-04-06 10:00:00+00:00,44096.0
2026-04-06 11:00:00+00:00,41980.81
2026-04-06 12:00:00+00:00,39989.75
2026-04-06 13:00:00+00:00,38819.07
2026-04-06 14:00:00+00:00,39886.04
2026-04-06 15:00:00+00:00,42671.07
2026-04-06 16:00:00+00:00,48002.97
2026-04-06 17:00:00+00:00,49276.03
2026-04-06 18:00:00+00:00,50220.66
2026-04-06 19:00:00+00:00,49229.29
2026-04-06 20:00:00+00:00,47632.8
2026-04-06 21:00:00+00:00,45156.41
2026-04-06 22:00:00+00:00,42976.2
2026-04-06 23:00:00+00:00,41462.54
2026-04-07 00:00:00+00:00,41226.3
2026-04-07 01:00:00+00:00,41910.29
2026-04-07 02:00:00+00:00,43496.12
2026-04-07 03:00:00+00:00,47910.8
2026-04-07 04:00:00+00:00,55085.87
2026-04-07 05:00:00+00:00,60033.51
2026-04-07 06:00:00+00:00,62463.76
2026-04-07 07:00:00+00:00,61081.66
2026-04-07 08:00:00+00:00,59968.72
2026-04-07 09:00:00+00:00,59138.78
2026-04-07 10:00:00+00:00,56752.08
2026-04-07 11:00:00+00:00,55412.15
2026-04-07 12:00:00+00:00,54061.68
2026-04-07 13:00:00+00:00,52886.81
2026-04-07 14:00:00+00:00,53197.23
2026-04-07 15:00:00+00:00,54702.7
2026-04-07 16:00:00+00:00,57427.77
2026-04-07 17:00:00+00:00,59489.5
2026-04-07 18:00:00+00:00,59534.46
2026-04-07 19:00:00+00:00,56371.2
2026-04-07 20:00:00+00:00,52505.33
2026-04-07 21:00:00+00:00,48857.23
2026-04-07 22:00:00+00:00,46100.78
2026-04-07 23:00:00+00:00,44119.19
2026-04-08 00:00:00+00:00,43139.74
2026-04-08 01:00:00+00:00,43347.56
2026-04-08 02:00:00+00:00,45386.49
2026-04-08 03:00:00+00:00,49301.1
2026-04-08 04:00:00+00:00,55780.42
2026-04-08 05:00:00+00:00,59805.93
2026-04-08 06:00:00+00:00,62112.52
2026-04-08 07:00:00+00:00,61490.21
2026-04-08 08:00:00+00:00,59775.09
2026-04-08 09:00:00+00:00,57502.51
2026-04-08 10:00:00+00:00,55186.13
2026-04-08 11:00:00+00:00,54009.29
2026-04-08 12:00:00+00:00,52267.23
2026-04-08 13:00:00+00:00,51445.51
2026-04-08 14:00:00+00:00,52380.66
2026-04-08 15:00:00+00:00,54003.9
2026-04-08 16:00:00+00:00,56819.46
2026-04-08 17:00:00+00:00,58581.61
2026-04-08 18:00:00+00:00,58993.85
2026-04-08 19:00:00+00:00,56402.47
2026-04-08 20:00:00+00:00,52985.14
2026-04-08 21:00:00+00:00,49603.16
2026-04-08 22:00:00+00:00,47159.07
2026-04-08 23:00:00+00:00,45358.16
2026-04-09 00:00:00+00:00,44322.74
2026-04-09 01:00:00+00:00,44666.19
2026-04-09 02:00:00+00:00,46191.81
2026-04-09 03:00:00+00:00,49789.81
2026-04-09 04:00:00+00:00,56130.26
2026-04-09 05:00:00+00:00,60153.74
2026-04-09 06:00:00+00:00,62355.77
2026-04-09 07:00:00+00:00,62158.38
2026-04-09 08:00:00+00:00,60926.44
2026-04-09 09:00:00+00:00,59019.06
2026-04-09 10:00:00+00:00,56431.52
2026-04-09 11:00:00+00:00,55083.87
2026-04-09 12:00:00+00:00,53477.8
2026-04-09 13:00:00+00:00,53503.67
2026-04-09 14:00:00+00:00,54528.98
2026-04-09 15:00:00+00:00,55465.14
2026-04-09 16:00:00+00:00,57933.52
2026-04-09 17:00:00+00:00,59198.97
2026-04-09 18:00:00+00:00,59415.9
2026-04-09 19:00:00+00:00,57718.93
2026-04-09 20:00:00+00:00,54513.69
2026-04-09 21:00:00+00:00,50917.29
2026-04-09 22:00:00+00:00,47883.24
2026-04-09 23:00:00+00:00,46200.18
2026-04-10 00:00:00+00:00,45665.47
2026-04-10 01:00:00+00:00,46465.78
2026-04-10 02:00:00+00:00,48037.97
2026-04-10 03:00:00+00:00,50635.23
2026-04-10 04:00:00+00:00,57091.52
2026-04-10 05:00:00+00:00,61430.13
2026-04-10 06:00:00+00:00,63753.24
2026-04-10 07:00:00+00:00,64599.78
2026-04-10 08:00:00+00:00,64984.12
2026-04-10 09:00:00+00:00,64127.22
2026-04-10 10:00:00+00:00,62074.32
2026-04-10 11:00:00+00:00,60381.66
2026-04-10 12:00:00+00:00,57800.09
2026-04-10 13:00:00+00:00,55949.81
2026-04-10 14:00:00+00:00,55756.14
2026-04-10 15:00:00+00:00,55599.89
2026-04-10 16:00:00+00:00,56715.0
2026-04-10 17:00:00+00:00,57232.28
2026-04-10 18:00:00+00:00,56665.76
2026-04-10 19:00:00+00:00,53605.14
2026-04-10 20:00:00+00:00,50527.87
2026-04-10 21:00:00+00:00,47222.42
2026-04-10 22:00:00+00:00,44526.38
2026-04-10 23:00:00+00:00,42570.87
2026-04-11 00:00:00+00:00,42082.25
2026-04-11 01:00:00+00:00,41955.14
2026-04-11 02:00:00+00:00,42217.87
2026-04-11 03:00:00+00:00,42442.86
2026-04-11 04:00:00+00:00,44074.39
2026-04-11 05:00:00+00:00,45735.16
2026-04-11 06:00:00+00:00,48841.84
2026-04-11 07:00:00+00:00,51047.95
2026-04-11 08:00:00+00:00,51802.89
2026-04-11 09:00:00+00:00,49813.69
2026-04-11 10:00:00+00:00,47422.86
2026-04-11 11:00:00+00:00,46076.83
2026-04-11 12:00:00+00:00,44841.65
2026-04-11 13:00:00+00:00,44172.97
2026-04-11 14:00:00+00:00,45789.76
2026-04-11 15:00:00+00:00,48295.41
2026-04-11 16:00:00+00:00,50503.29
2026-04-11 17:00:00+00:00,52145.51
2026-04-11 18:00:00+00:00,51772.4
2026-04-11 19:00:00+00:00,49170.02
2026-04-11 20:00:00+00:00,47605.76
2026-04-11 21:00:00+00:00,44864.78
2026-04-11 22:00:00+00:00,43099.77
2026-04-11 23:00:00+00:00,40625.39
2026-04-12 00:00:00+00:00,39482.34
2026-04-12 01:00:00+00:00,38904.32
2026-04-12 02:00:00+00:00,38815.26
2026-04-12 03:00:00+00:00,39000.41
2026-04-12 04:00:00+00:00,39723.88
2026-04-12 05:00:00+00:00,41175.32
2026-04-12 06:00:00+00:00,44418.83
2026-04-12 07:00:00+00:00,47334.91
2026-04-12 08:00:00+00:00,49755.67
2026-04-12 09:00:00+00:00,51061.0
2026-04-12 10:00:00+00:00,50670.27
2026-04-12 11:00:00+00:00,48286.19
2026-04-12 12:00:00+00:00,47247.62
2026-04-12 13:00:00+00:00,45731.82
2026-04-12 14:00:00+00:00,45984.59
2026-04-12 15:00:00+00:00,47197.59
2026-04-12 16:00:00+00:00,49290.67
2026-04-12 17:00:00+00:00,49315.25
2026-04-12 18:00:00+00:00,49213.41
2026-04-12 19:00:00+00:00,47930.69
2026-04-12 20:00:00+00:00,47305.42
2026-04-12 21:00:00+00:00,44610.48
2026-04-12 22:00:00+00:00,42891.44
2026-04-12 23:00:00+00:00,41920.92
2026-04-13 00:00:00+00:00,41864.16
2026-04-13 01:00:00+00:00,42418.63
2026-04-13 02:00:00+00:00,43490.84
2026-04-13 03:00:00+00:00,47780.51
2026-04-13 04:00:00+00:00,55850.78
2026-04-13 05:00:00+00:00,60361.42
2026-04-13 06:00:00+00:00,63316.82
2026-04-13 07:00:00+00:00,63430.49
2026-04-13 08:00:00+00:00,63793.0
2026-04-13 09:00:00+00:00,65167.31
2026-04-13 10:00:00+00:00,64783.23
2026-04-13 11:00:00+00:00,63146.16
2026-04-13 12:00:00+00:00,61851.74
2026-04-13 13:00:00+00:00,61066.55
2026-04-13 14:00:00+00:00,61726.89
2026-04-13 15:00:00+00:00,63135.25
2026-04-13 16:00:00+00:00,64226.71
2026-04-13 17:00:00+00:00,63425.54
2026-04-13 18:00:00+00:00,62175.46
2026-04-13 19:00:00+00:00,59500.33
2026-04-13 20:00:00+00:00,55379.9
2026-04-13 21:00:00+00:00,50804.62
2026-04-13 22:00:00+00:00,48542.37
2026-04-13 23:00:00+00:00,47065.08
2026-04-14 00:00:00+00:00,45946.02
2026-04-14 01:00:00+00:00,46197.78
2026-04-14 02:00:00+00:00,47756.87
2026-04-14 03:00:00+00:00,50473.7
2026-04-14 04:00:00+00:00,57910.98
2026-04-14 05:00:00+00:00,62338.13
2026-04-14 06:00:00+00:00,64516.44
2026-04-14 07:00:00+00:00,64852.59
2026-04-14 08:00:00+00:00,64509.39
2026-04-14 09:00:00+00:00,64309.91
2026-04-14 10:00:00+00:00,63776.14
2026-04-14 11:00:00+00:00,62037.44
2026-04-14 12:00:00+00:00,59991.94
2026-04-14 13:00:00+00:00,58195.82
2026-04-14 14:00:00+00:00,57111.4
2026-04-14 15:00:00+00:00,56922.65
2026-04-14 16:00:00+00:00,57834.39
2026-04-14 17:00:00+00:00,58744.91
2026-04-14 18:00:00+00:00,58215.16
2026-04-14 19:00:00+00:00,55577.18
2026-04-14 20:00:00+00:00,52124.93
2026-04-14 21:00:00+00:00,48522.88
2026-04-14 22:00:00+00:00,45792.63
2026-04-14 23:00:00+00:00,44131.07
2026-04-15 00:00:00+00:00,43312.43
2026-04-15 01:00:00+00:00,43687.92
2026-04-15 02:00:00+00:00,45314.74
2026-04-15 03:00:00+00:00,48752.48
2026-04-15 04:00:00+00:00,55853.16
2026-04-15 05:00:00+00:00,60074.59
2026-04-15 06:00:00+00:00,61923.0
2026-04-15 07:00:00+00:00,60926.5
2026-04-15 08:00:00+00:00,60988.69
2026-04-15 09:00:00+00:00,59865.83
2026-04-15 10:00:00+00:00,58270.9
2026-04-15 11:00:00+00:00,56674.3
2026-04-15 12:00:00+00:00,55553.72
2026-04-15 13:00:00+00:00,55027.84
2026-04-15 14:00:00+00:00,54849.55
2026-04-15 15:00:00+00:00,55089.31
2026-04-15 16:00:00+00:00,57144.85
2026-04-15 17:00:00+00:00,58477.13
2026-04-15 18:00:00+00:00,57933.64
2026-04-15 19:00:00+00:00,55092.79
2026-04-15 20:00:00+00:00,51568.92
2026-04-15 21:00:00+00:00,48055.84
2026-04-15 22:00:00+00:00,44900.77
2026-04-15 23:00:00+00:00,43254.7
2026-04-16 00:00:00+00:00,42438.57
2026-04-16 01:00:00+00:00,42715.79
2026-04-16 02:00:00+00:00,43923.9
2026-04-16 03:00:00+00:00,47225.99
2026-04-16 04:00:00+00:00,54314.33
2026-04-16 05:00:00+00:00,58764.36
2026-04-16 06:00:00+00:00,61089.5
2026-04-16 07:00:00+00:00,61764.72
2026-04-16 08:00:00+00:00,61771.21
2026-04-16 09:00:00+00:00,60595.92
2026-04-16 10:00:00+00:00,58091.95
2026-04-16 11:00:00+00:00,56726.34
2026-04-16 12:00:00+00:00,55951.48
2026-04-16 13:00:00+00:00,54534.68
2026-04-16 14:00:00+00:00,54351.6
2026-04-16 15:00:00+00:00,55640.71
2026-04-16 16:00:00+00:00,57337.84
2026-04-16 17:00:00+00:00,58457.17
2026-04-16 18:00:00+00:00,57988.84
2026-04-16 19:00:00+00:00,55220.82
2026-04-16 20:00:00+00:00,51318.11
2026-04-16 21:00:00+00:00,47601.45
2026-04-16 22:00:00+00:00,44838.47
2026-04-16 23:00:00+00:00,43400.9
2026-04-17 00:00:00+00:00,42550.32
2026-04-17 01:00:00+00:00,42431.45
2026-04-17 02:00:00+00:00,44126.9
2026-04-17 03:00:00+00:00,47544.9
2026-04-17 04:00:00+00:00,54166.86
2026-04-17 05:00:00+00:00,59063.75
2026-04-17 06:00:00+00:00,61838.15
2026-04-17 07:00:00+00:00,60772.12
2026-04-17 08:00:00+00:00,58900.5
2026-04-17 09:00:00+00:00,58004.78
2026-04-17 10:00:00+00:00,56525.76
2026-04-17 11:00:00+00:00,54881.17
2026-04-17 12:00:00+00:00,53633.03
2026-04-17 13:00:00+00:00,53204.89
2026-04-17 14:00:00+00:00,53384.48
2026-04-17 15:00:00+00:00,54106.03
2026-04-17 16:00:00+00:00,54576.11
2026-04-17 17:00:00+00:00,55508.33
2026-04-17 18:00:00+00:00,54711.08
2026-04-17 19:00:00+00:00,52374.3
2026-04-17 20:00:00+00:00,48614.75
2026-04-17 21:00:00+00:00,45571.38
2026-04-17 22:00:00+00:00,43728.09
2026-04-17 23:00:00+00:00,42138.24
2026-04-18 00:00:00+00:00,40743.87
2026-04-18 01:00:00+00:00,40418.55
2026-04-18 02:00:00+00:00,40488.55
2026-04-18 03:00:00+00:00,41522.05
2026-04-18 04:00:00+00:00,43094.57
2026-04-18 05:00:00+00:00,45219.79
2026-04-18 06:00:00+00:00,48079.64
2026-04-18 07:00:00+00:00,50059.75
2026-04-18 08:00:00+00:00,49967.73
2026-04-18 09:00:00+00:00,49226.83
2026-04-18 10:00:00+00:00,47982.69
2026-04-18 11:00:00+00:00,46161.26
2026-04-18 12:00:00+00:00,45767.6
2026-04-18 13:00:00+00:00,46209.17
2026-04-18 14:00:00+00:00,47134.99
2026-04-18 15:00:00+00:00,47347.44
2026-04-18 16:00:00+00:00,48210.54
2026-04-18 17:00:00+00:00,48787.0
2026-04-18 18:00:00+00:00,47901.27
2026-04-18 19:00:00+00:00,46438.14
2026-04-18 20:00:00+00:00,44174.05
2026-04-18 21:00:00+00:00,41174.98
2026-04-18 22:00:00+00:00,38622.9
2026-04-18 23:00:00+00:00,37202.33
2026-04-19 00:00:00+00:00,36068.7
2026-04-19 01:00:00+00:00,35516.91
2026-04-19 02:00:00+00:00,35555.57
2026-04-19 03:00:00+00:00,36035.72
2026-04-19 04:00:00+00:00,37871.72
2026-04-19 05:00:00+00:00,39930.1
2026-04-19 06:00:00+00:00,42904.33
2026-04-19 07:00:00+00:00,44708.27
2026-04-19 08:00:00+00:00,46541.32
2026-04-19 09:00:00+00:00,48545.57
2026-04-19 10:00:00+00:00,47930.76
2026-04-19 11:00:00+00:00,47297.26
2026-04-19 12:00:00+00:00,46414.05
2026-04-19 13:00:00+00:00,45503.57
2026-04-19 14:00:00+00:00,45717.25
2026-04-19 15:00:00+00:00,47832.47
2026-04-19 16:00:00+00:00,50759.68
2026-04-19 17:00:00+00:00,52661.83
2026-04-19 18:00:00+00:00,53124.47
2026-04-19 19:00:00+00:00,52108.95
2026-04-19 20:00:00+00:00,50415.63
2026-04-19 21:00:00+00:00,47408.26
2026-04-19 22:00:00+00:00,44639.96
2026-04-19 23:00:00+00:00,43351.6
2026-04-20 00:00:00+00:00,43075.72
2026-04-20 01:00:00+00:00,43419.49
2026-04-20 02:00:00+00:00,44966.27
2026-04-20 03:00:00+00:00,49357.02
2026-04-20 04:00:00+00:00,57165.0
2026-04-20 05:00:00+00:00,62061.05
2026-04-20 06:00:00+00:00,64458.13
2026-04-20 07:00:00+00:00,64728.13
2026-04-20 08:00:00+00:00,63190.64
2026-04-20 09:00:00+00:00,62394.14
2026-04-20 10:00:00+00:00,60235.03
2026-04-20 11:00:00+00:00,59191.4
2026-04-20 12:00:00+00:00,57978.09
2026-04-20 13:00:00+00:00,57132.04
2026-04-20 14:00:00+00:00,56643.55
2026-04-20 15:00:00+00:00,58355.11
2026-04-20 16:00:00+00:00,60596.14
2026-04-20 17:00:00+00:00,61484.47
2026-04-20 18:00:00+00:00,60563.79
2026-04-20 19:00:00+00:00,58141.33
2026-04-20 20:00:00+00:00,53910.81
2026-04-20 21:00:00+00:00,49893.25
2026-04-20 22:00:00+00:00,47642.17
2026-04-20 23:00:00+00:00,46196.7
2026-04-21 00:00:00+00:00,45708.05
2026-04-21 01:00:00+00:00,45801.9
2026-04-21 02:00:00+00:00,47205.64
2026-04-21 03:00:00+00:00,51172.7
2026-04-21 04:00:00+00:00,58013.77
2026-04-21 05:00:00+00:00,61900.57
2026-04-21 06:00:00+00:00,63386.4
2026-04-21 07:00:00+00:00,62443.53
2026-04-21 08:00:00+00:00,61969.52
2026-04-21 09:00:00+00:00,61472.27
2026-04-21 10:00:00+00:00,59473.18
2026-04-21 11:00:00+00:00,57903.73
2026-04-21 12:00:00+00:00,56033.85
2026-04-21 13:00:00+00:00,55050.02
2026-04-21 14:00:00+00:00,54590.41
2026-04-21 15:00:00+00:00,56269.04
2026-04-21 16:00:00+00:00,58051.38
2026-04-21 17:00:00+00:00,59246.55
2026-04-21 18:00:00+00:00,58101.93
2026-04-21 19:00:00+00:00,55885.29
2026-04-21 20:00:00+00:00,52586.6
2026-04-21 21:00:00+00:00,48861.78
2026-04-21 22:00:00+00:00,45685.95
2026-04-21 23:00:00+00:00,44192.45
2026-04-22 00:00:00+00:00,43861.01
2026-04-22 01:00:00+00:00,44307.27
2026-04-22 02:00:00+00:00,45449.38
2026-04-22 03:00:00+00:00,49586.61
2026-04-22 04:00:00+00:00,56802.5
2026-04-22 05:00:00+00:00,61063.86
2026-04-22 06:00:00+00:00,62639.17
2026-04-22 07:00:00+00:00,59848.33
2026-04-22 08:00:00+00:00,58525.04
2026-04-22 09:00:00+00:00,56582.69
2026-04-22 10:00:00+00:00,55649.62
2026-04-22 11:00:00+00:00,54218.55
2026-04-22 12:00:00+00:00,52898.11
2026-04-22 13:00:00+00:00,52752.14
2026-04-22 14:00:00+00:00,53316.36
2026-04-22 15:00:00+00:00,55730.71
2026-04-22 16:00:00+00:00,57784.6
2026-04-22 17:00:00+00:00,59509.45
2026-04-22 18:00:00+00:00,59521.11
2026-04-22 19:00:00+00:00,57653.16
2026-04-22 20:00:00+00:00,54756.03
2026-04-22 21:00:00+00:00,51488.06
2026-04-22 22:00:00+00:00,48064.29
2026-04-22 23:00:00+00:00,46209.02
2026-04-23 00:00:00+00:00,45257.14
2026-04-23 01:00:00+00:00,45751.15
2026-04-23 02:00:00+00:00,47310.53
2026-04-23 03:00:00+00:00,51564.28
2026-04-23 04:00:00+00:00,58629.27
2026-04-23 05:00:00+00:00,62335.75
2026-04-23 06:00:00+00:00,63694.82
2026-04-23 07:00:00+00:00,60265.29
2026-04-23 08:00:00+00:00,58429.33
2026-04-23 09:00:00+00:00,56651.15
2026-04-23 10:00:00+00:00,54618.75
2026-04-23 11:00:00+00:00,53678.79
2026-04-23 12:00:00+00:00,52143.72
2026-04-23 13:00:00+00:00,51490.73
2026-04-23 14:00:00+00:00,52024.25
2026-04-23 15:00:00+00:00,55755.21
2026-04-23 16:00:00+00:00,58100.84
2026-04-23 17:00:00+00:00,60068.82
2026-04-23 18:00:00+00:00,59538.37
2026-04-23 19:00:00+00:00,57775.04
2026-04-23 20:00:00+00:00,53261.7
2026-04-23 21:00:00+00:00,49438.51
2026-04-23 22:00:00+00:00,46868.59
2026-04-23 23:00:00+00:00,45572.06
2026-04-24 00:00:00+00:00,44858.53
2026-04-24 01:00:00+00:00,44974.9
2026-04-24 02:00:00+00:00,46756.47
2026-04-24 03:00:00+00:00,50734.19
2026-04-24 04:00:00+00:00,56771.07
2026-04-24 05:00:00+00:00,60615.77
2026-04-24 06:00:00+00:00,63559.88
2026-04-24 07:00:00+00:00,62285.5
2026-04-24 08:00:00+00:00,60948.15
2026-04-24 09:00:00+00:00,58706.91
2026-04-24 10:00:00+00:00,56617.97
2026-04-24 11:00:00+00:00,55052.69
2026-04-24 12:00:00+00:00,52946.14
2026-04-24 13:00:00+00:00,52208.02
2026-04-24 14:00:00+00:00,51748.02
2026-04-24 15:00:00+00:00,53948.35
2026-04-24 16:00:00+00:00,55022.22
2026-04-24 17:00:00+00:00,55781.41
2026-04-24 18:00:00+00:00,55367.04
2026-04-24 19:00:00+00:00,53155.59
2026-04-24 20:00:00+00:00,49835.76
2026-04-24 21:00:00+00:00,47164.32
2026-04-24 22:00:00+00:00,44610.76
2026-04-24 23:00:00+00:00,42938.83
2026-04-25 00:00:00+00:00,42100.87
2026-04-25 01:00:00+00:00,41853.62
2026-04-25 02:00:00+00:00,42044.43
2026-04-25 03:00:00+00:00,43566.84
2026-04-25 04:00:00+00:00,45372.55
2026-04-25 05:00:00+00:00,47881.69
2026-04-25 06:00:00+00:00,50394.41
2026-04-25 07:00:00+00:00,51748.42
2026-04-25 08:00:00+00:00,50625.37
2026-04-25 09:00:00+00:00,48655.98
2026-04-25 10:00:00+00:00,46936.0
2026-04-25 11:00:00+00:00,44439.08
2026-04-25 12:00:00+00:00,42483.91
2026-04-25 13:00:00+00:00,42427.85
2026-04-25 14:00:00+00:00,42869.89
2026-04-25 15:00:00+00:00,46068.73
2026-04-25 16:00:00+00:00,49034.32
2026-04-25 17:00:00+00:00,49876.29
2026-04-25 18:00:00+00:00,49150.99
2026-04-25 19:00:00+00:00,49077.16
2026-04-25 20:00:00+00:00,47286.25
2026-04-25 21:00:00+00:00,44546.99
2026-04-25 22:00:00+00:00,41215.5
2026-04-25 23:00:00+00:00,39378.79
2026-04-26 00:00:00+00:00,38375.82
2026-04-26 01:00:00+00:00,37530.95
2026-04-26 02:00:00+00:00,37497.48
2026-04-26 03:00:00+00:00,37585.9
2026-04-26 04:00:00+00:00,38269.77
2026-04-26 05:00:00+00:00,38204.08
2026-04-26 06:00:00+00:00,41034.02
2026-04-26 07:00:00+00:00,43454.22
2026-04-26 08:00:00+00:00,43300.68
2026-04-26 09:00:00+00:00,43585.62
2026-04-26 10:00:00+00:00,42636.75
2026-04-26 11:00:00+00:00,41004.67
2026-04-26 12:00:00+00:00,39173.88
2026-04-26 13:00:00+00:00,38447.6
2026-04-26 14:00:00+00:00,39196.24
2026-04-26 15:00:00+00:00,42336.32
2026-04-26 16:00:00+00:00,44881.31
2026-04-26 17:00:00+00:00,46070.19
2026-04-26 18:00:00+00:00,46364.49
2026-04-26 19:00:00+00:00,46181.64
2026-04-26 20:00:00+00:00,44630.43
2026-04-26 21:00:00+00:00,42147.3
2026-04-26 22:00:00+00:00,40199.3
2026-04-26 23:00:00+00:00,39076.92
2026-04-27 00:00:00+00:00,38833.88
2026-04-27 01:00:00+00:00,39174.14
2026-04-27 02:00:00+00:00,41109.26
2026-04-27 03:00:00+00:00,45330.79
2026-04-27 04:00:00+00:00,52679.06
2026-04-27 05:00:00+00:00,57240.72
2026-04-27 06:00:00+00:00,59170.93
2026-04-27 07:00:00+00:00,57977.6
2026-04-27 08:00:00+00:00,56032.5
2026-04-27 09:00:00+00:00,55178.93
2026-04-27 10:00:00+00:00,54574.81
2026-04-27 11:00:00+00:00,53687.54
2026-04-27 12:00:00+00:00,52278.9
2026-04-27 13:00:00+00:00,51574.67
2026-04-27 14:00:00+00:00,52148.21
2026-04-27 15:00:00+00:00,53504.28
2026-04-27 16:00:00+00:00,55029.29
2026-04-27 17:00:00+00:00,56200.5
2026-04-27 18:00:00+00:00,55745.49
2026-04-27 19:00:00+00:00,54148.9
2026-04-27 20:00:00+00:00,50549.59
2026-04-27 21:00:00+00:00,47606.01
2026-04-27 22:00:00+00:00,44561.43
2026-04-27 23:00:00+00:00,43026.59
2026-04-28 00:00:00+00:00,42448.05
2026-04-28 01:00:00+00:00,42611.28
2026-04-28 02:00:00+00:00,44120.18
2026-04-28 03:00:00+00:00,48079.23
2026-04-28 04:00:00+00:00,55052.4
2026-04-28 05:00:00+00:00,58409.86
2026-04-28 06:00:00+00:00,60135.45
2026-04-28 07:00:00+00:00,58957.29
2026-04-28 08:00:00+00:00,58210.59
2026-04-28 09:00:00+00:00,55998.74
2026-04-28 10:00:00+00:00,54435.27
2026-04-28 11:00:00+00:00,53124.95
2026-04-28 12:00:00+00:00,51960.08
2026-04-28 13:00:00+00:00,51416.29
2026-04-28 14:00:00+00:00,51712.22
2026-04-28 15:00:00+00:00,54415.26
2026-04-28 16:00:00+00:00,56405.35
2026-04-28 17:00:00+00:00,57916.9
2026-04-28 18:00:00+00:00,57472.59
2026-04-28 19:00:00+00:00,55614.79
2026-04-28 20:00:00+00:00,51986.2
2026-04-28 21:00:00+00:00,48449.08
2026-04-28 22:00:00+00:00,45585.39
2026-04-28 23:00:00+00:00,43572.13
2026-04-29 00:00:00+00:00,42960.41
2026-04-29 01:00:00+00:00,43319.58
2026-04-29 02:00:00+00:00,44547.42
2026-04-29 03:00:00+00:00,48022.73
2026-04-29 04:00:00+00:00,54911.45
2026-04-29 05:00:00+00:00,59034.64
2026-04-29 06:00:00+00:00,60754.22
2026-04-29 07:00:00+00:00,60056.2
2026-04-29 08:00:00+00:00,57533.76
2026-04-29 09:00:00+00:00,55400.68
2026-04-29 10:00:00+00:00,54435.03
2026-04-29 11:00:00+00:00,53365.0
2026-04-29 12:00:00+00:00,51988.16
2026-04-29 13:00:00+00:00,51338.15
2026-04-29 14:00:00+00:00,52072.29
2026-04-29 15:00:00+00:00,53986.23
2026-04-29 16:00:00+00:00,55735.6
2026-04-29 17:00:00+00:00,57981.84
2026-04-29 18:00:00+00:00,57585.27
2026-04-29 19:00:00+00:00,55824.19
2026-04-29 20:00:00+00:00,52083.43
2026-04-29 21:00:00+00:00,48293.59
2026-04-29 22:00:00+00:00,45584.34
2026-04-29 23:00:00+00:00,43791.82
2026-04-30 00:00:00+00:00,43251.97
2026-04-30 01:00:00+00:00,43370.51
2026-04-30 02:00:00+00:00,45049.62
2026-04-30 03:00:00+00:00,48451.93
2026-04-30 04:00:00+00:00,55220.12
2026-04-30 05:00:00+00:00,59444.19
2026-04-30 06:00:00+00:00,60567.85
2026-04-30 07:00:00+00:00,59038.89
2026-04-30 08:00:00+00:00,57266.63
2026-04-30 09:00:00+00:00,56033.34
2026-04-30 10:00:00+00:00,54360.58
2026-04-30 11:00:00+00:00,53254.18
2026-04-30 12:00:00+00:00,52128.01
2026-04-30 13:00:00+00:00,51465.48
2026-04-30 14:00:00+00:00,51937.23
2026-04-30 15:00:00+00:00,53298.11
2026-04-30 16:00:00+00:00,53627.18
2026-04-30 17:00:00+00:00,54976.84
2026-04-30 18:00:00+00:00,54676.29
2026-04-30 19:00:00+00:00,52793.98
2026-04-30 20:00:00+00:00,48975.63
2026-04-30 21:00:00+00:00,45608.01
2026-04-30 22:00:00+00:00,42465.46
2026-04-30 23:00:00+00:00,40494.17
2026-05-01 00:00:00+00:00,38894.56
2026-05-01 01:00:00+00:00,38445.4
2026-05-01 02:00:00+00:00,38522.47
2026-05-01 03:00:00+00:00,38528.89
2026-05-01 04:00:00+00:00,38365.7
2026-05-01 05:00:00+00:00,40127.83
2026-05-01 06:00:00+00:00,42771.53
2026-05-01 07:00:00+00:00,44354.13
2026-05-01 08:00:00+00:00,43866.1
2026-05-01 09:00:00+00:00,43593.13
2026-05-01 10:00:00+00:00,41682.59
2026-05-01 11:00:00+00:00,40195.11
2026-05-01 12:00:00+00:00,39044.27
2026-05-01 13:00:00+00:00,37863.6
2026-05-01 14:00:00+00:00,38100.68
2026-05-01 15:00:00+00:00,40650.11
2026-05-01 16:00:00+00:00,42288.54
2026-05-01 17:00:00+00:00,43996.27
2026-05-01 18:00:00+00:00,44780.95
2026-05-01 19:00:00+00:00,44470.25
2026-05-01 20:00:00+00:00,42416.78
2026-05-01 21:00:00+00:00,39442.18
2026-05-01 22:00:00+00:00,37335.78
2026-05-01 23:00:00+00:00,35944.05
2026-05-02 00:00:00+00:00,35620.12
2026-05-02 01:00:00+00:00,35423.1
2026-05-02 02:00:00+00:00,36312.76
2026-05-02 03:00:00+00:00,37659.89
2026-05-02 04:00:00+00:00,39960.15
2026-05-02 05:00:00+00:00,42633.82
2026-05-02 06:00:00+00:00,45712.42
2026-05-02 07:00:00+00:00,47326.7
2026-05-02 08:00:00+00:00,46336.97
2026-05-02 09:00:00+00:00,45426.44
2026-05-02 10:00:00+00:00,44284.82
2026-05-02 11:00:00+00:00,43029.55
2026-05-02 12:00:00+00:00,41737.42
2026-05-02 13:00:00+00:00,41837.54
2026-05-02 14:00:00+00:00,43140.44
2026-05-02 15:00:00+00:00,44909.76
2026-05-02 16:00:00+00:00,46856.97
2026-05-02 17:00:00+00:00,47494.14
2026-05-02 18:00:00+00:00,46762.99
2026-05-02 19:00:00+00:00,45885.07
2026-05-02 20:00:00+00:00,43325.6
2026-05-02 21:00:00+00:00,42052.0
2026-05-02 22:00:00+00:00,40155.34
2026-05-02 23:00:00+00:00,38305.85
2026-05-03 00:00:00+00:00,35879.17
2026-05-03 01:00:00+00:00,35328.44
2026-05-03 02:00:00+00:00,35130.84
2026-05-03 03:00:00+00:00,35555.63
2026-05-03 04:00:00+00:00,35362.97
2026-05-03 05:00:00+00:00,36986.41
2026-05-03 06:00:00+00:00,39906.72
2026-05-03 07:00:00+00:00,42489.61
2026-05-03 08:00:00+00:00,43152.58
2026-05-03 09:00:00+00:00,43187.03
2026-05-03 10:00:00+00:00,43128.6
2026-05-03 11:00:00+00:00,42416.87
2026-05-03 12:00:00+00:00,41014.16
2026-05-03 13:00:00+00:00,40675.55
2026-05-03 14:00:00+00:00,42320.01
2026-05-03 15:00:00+00:00,44343.49
2026-05-03 16:00:00+00:00,46497.09
2026-05-03 17:00:00+00:00,46979.75
2026-05-03 18:00:00+00:00,46823.0
2026-05-03 19:00:00+00:00,46757.65
2026-05-03 20:00:00+00:00,46350.6
2026-05-03 21:00:00+00:00,43976.23
2026-05-03 22:00:00+00:00,41996.53
2026-05-03 23:00:00+00:00,41297.2
2026-05-04 00:00:00+00:00,40116.3
2026-05-04 01:00:00+00:00,39919.59
2026-05-04 02:00:00+00:00,41636.93
2026-05-04 03:00:00+00:00,46047.24
2026-05-04 04:00:00+00:00,52855.4
2026-05-04 05:00:00+00:00,58009.67
2026-05-04 06:00:00+00:00,61301.56
2026-05-04 07:00:00+00:00,60669.61
2026-05-04 08:00:00+00:00,58205.68
2026-05-04 09:00:00+00:00,57569.15
2026-05-04 10:00:00+00:00,57583.34
2026-05-04 11:00:00+00:00,56888.72
2026-05-04 12:00:00+00:00,56081.79
2026-05-04 13:00:00+00:00,56861.57
2026-05-04 14:00:00+00:00,56970.59
2026-05-04 15:00:00+00:00,57187.23
2026-05-04 16:00:00+00:00,57689.14
2026-05-04 17:00:00+00:00,57394.97
2026-05-04 18:00:00+00:00,55476.43
2026-05-04 19:00:00+00:00,53617.41
2026-05-04 20:00:00+00:00,49651.62
2026-05-04 21:00:00+00:00,45921.53
2026-05-04 22:00:00+00:00,43441.35
2026-05-04 23:00:00+00:00,42173.85
2026-05-05 00:00:00+00:00,41222.76
2026-05-05 01:00:00+00:00,41419.27
2026-05-05 02:00:00+00:00,42264.38
2026-05-05 03:00:00+00:00,45727.16
2026-05-05 04:00:00+00:00,52350.61
2026-05-05 05:00:00+00:00,57014.9
2026-05-05 06:00:00+00:00,59537.62
2026-05-05 07:00:00+00:00,59675.16
2026-05-05 08:00:00+00:00,58375.08
2026-05-05 09:00:00+00:00,58282.01
2026-05-05 10:00:00+00:00,58110.5
2026-05-05 11:00:00+00:00,57948.98
2026-05-05 12:00:00+00:00,57186.14
2026-05-05 13:00:00+00:00,56835.15
2026-05-05 14:00:00+00:00,56733.94
2026-05-05 15:00:00+00:00,57974.5
2026-05-05 16:00:00+00:00,58434.22
2026-05-05 17:00:00+00:00,58314.85
2026-05-05 18:00:00+00:00,56845.82
2026-05-05 19:00:00+00:00,54901.74
2026-05-05 20:00:00+00:00,51316.94
2026-05-05 21:00:00+00:00,47461.6
2026-05-05 22:00:00+00:00,44461.81
2026-05-05 23:00:00+00:00,42640.86
2026-05-06 00:00:00+00:00,41960.09
2026-05-06 01:00:00+00:00,42631.15
2026-05-06 02:00:00+00:00,43666.43
2026-05-06 03:00:00+00:00,47183.71
2026-05-06 04:00:00+00:00,54226.99
2026-05-06 05:00:00+00:00,58494.53
2026-05-06 06:00:00+00:00,61100.32
2026-05-06 07:00:00+00:00,62147.78
2026-05-06 08:00:00+00:00,63133.5
2026-05-06 09:00:00+00:00,63017.51
2026-05-06 10:00:00+00:00,62009.75
2026-05-06 11:00:00+00:00,61769.52
2026-05-06 12:00:00+00:00,60414.48
2026-05-06 13:00:00+00:00,60306.88
2026-05-06 14:00:00+00:00,60070.7
2026-05-06 15:00:00+00:00,60231.96
2026-05-06 16:00:00+00:00,60299.5
2026-05-06 17:00:00+00:00,59751.41
2026-05-06 18:00:00+00:00,57556.52
2026-05-06 19:00:00+00:00,55066.73
2026-05-06 20:00:00+00:00,51249.32
2026-05-06 21:00:00+00:00,47908.91
2026-05-06 22:00:00+00:00,45271.72
2026-05-06 23:00:00+00:00,43936.8
2026-05-07 00:00:00+00:00,42876.45
2026-05-07 01:00:00+00:00,43111.26
2026-05-07 02:00:00+00:00,44097.8
2026-05-07 03:00:00+00:00,47424.59
2026-05-07 04:00:00+00:00,53906.47
2026-05-07 05:00:00+00:00,58765.74
2026-05-07 06:00:00+00:00,61008.52
2026-05-07 07:00:00+00:00,61298.17
2026-05-07 08:00:00+00:00,61972.15
2026-05-07 09:00:00+00:00,61423.74
2026-05-07 10:00:00+00:00,60196.44
2026-05-07 11:00:00+00:00,59302.5
2026-05-07 12:00:00+00:00,57692.7
2026-05-07 13:00:00+00:00,56843.4
2026-05-07 14:00:00+00:00,56296.03
2026-05-07 15:00:00+00:00,56993.86
2026-05-07 16:00:00+00:00,57555.28
2026-05-07 17:00:00+00:00,58337.31
2026-05-07 18:00:00+00:00,56743.42
2026-05-07 19:00:00+00:00,55219.52
2026-05-07 20:00:00+00:00,51565.97
2026-05-07 21:00:00+00:00,47686.85
2026-05-07 22:00:00+00:00,44654.61
2026-05-07 23:00:00+00:00,42901.65
2026-05-08 00:00:00+00:00,41961.07
2026-05-08 01:00:00+00:00,42698.58
2026-05-08 02:00:00+00:00,43758.78
2026-05-08 03:00:00+00:00,46916.01
2026-05-08 04:00:00+00:00,53198.04
2026-05-08 05:00:00+00:00,57697.57
2026-05-08 06:00:00+00:00,59813.74
2026-05-08 07:00:00+00:00,59819.54
2026-05-08 08:00:00+00:00,59103.66
2026-05-08 09:00:00+00:00,58111.41
2026-05-08 10:00:00+00:00,56715.22
2026-05-08 11:00:00+00:00,55542.45
2026-05-08 12:00:00+00:00,54003.19
2026-05-08 13:00:00+00:00,53291.88
2026-05-08 14:00:00+00:00,53229.42
2026-05-08 15:00:00+00:00,53556.25
2026-05-08 16:00:00+00:00,54248.33
2026-05-08 17:00:00+00:00,54826.3
2026-05-08 18:00:00+00:00,54024.77
2026-05-08 19:00:00+00:00,52740.39
2026-05-08 20:00:00+00:00,49118.95
2026-05-08 21:00:00+00:00,45335.14
2026-05-08 22:00:00+00:00,42402.05
2026-05-08 23:00:00+00:00,40622.08
2026-05-09 00:00:00+00:00,39299.99
2026-05-09 01:00:00+00:00,38887.73
2026-05-09 02:00:00+00:00,39170.3
2026-05-09 03:00:00+00:00,39833.27
2026-05-09 04:00:00+00:00,41726.82
2026-05-09 05:00:00+00:00,44293.89
2026-05-09 06:00:00+00:00,46696.51
2026-05-09 07:00:00+00:00,48079.38
2026-05-09 08:00:00+00:00,48230.46
2026-05-09 09:00:00+00:00,47302.44
2026-05-09 10:00:00+00:00,46752.77
2026-05-09 11:00:00+00:00,45142.86
2026-05-09 12:00:00+00:00,43369.72
2026-05-09 13:00:00+00:00,43251.66
2026-05-09 14:00:00+00:00,43260.07
2026-05-09 15:00:00+00:00,44436.4
2026-05-09 16:00:00+00:00,45614.57
2026-05-09 17:00:00+00:00,46519.8
2026-05-09 18:00:00+00:00,46104.62
2026-05-09 19:00:00+00:00,45143.53
2026-05-09 20:00:00+00:00,43224.39
2026-05-09 21:00:00+00:00,40453.57
2026-05-09 22:00:00+00:00,38037.55
2026-05-09 23:00:00+00:00,36502.05
2026-05-10 00:00:00+00:00,35482.26
2026-05-10 01:00:00+00:00,35413.81
2026-05-10 02:00:00+00:00,35569.29
2026-05-10 03:00:00+00:00,36219.38
2026-05-10 04:00:00+00:00,37510.44
2026-05-10 05:00:00+00:00,38647.64
2026-05-10 06:00:00+00:00,41501.77
2026-05-10 07:00:00+00:00,43973.49
2026-05-10 08:00:00+00:00,44236.19
2026-05-10 09:00:00+00:00,43956.41
2026-05-10 10:00:00+00:00,43358.05
2026-05-10 11:00:00+00:00,41459.38
2026-05-10 12:00:00+00:00,40265.54
2026-05-10 13:00:00+00:00,39574.78
2026-05-10 14:00:00+00:00,40450.58
2026-05-10 15:00:00+00:00,42118.66
2026-05-10 16:00:00+00:00,44749.16
2026-05-10 17:00:00+00:00,46704.76
2026-05-10 18:00:00+00:00,46351.61
2026-05-10 19:00:00+00:00,45675.17
2026-05-10 20:00:00+00:00,44026.36
2026-05-10 21:00:00+00:00,41587.83
2026-05-10 22:00:00+00:00,40120.38
2026-05-10 23:00:00+00:00,38723.46
2026-05-11 00:00:00+00:00,37598.74
2026-05-11 01:00:00+00:00,37998.7
2026-05-11 02:00:00+00:00,39205.91
2026-05-11 03:00:00+00:00,43096.09
2026-05-11 04:00:00+00:00,50758.56
2026-05-11 05:00:00+00:00,55793.8
2026-05-11 06:00:00+00:00,58949.41
2026-05-11 07:00:00+00:00,59885.78
2026-05-11 08:00:00+00:00,61800.15
2026-05-11 09:00:00+00:00,62729.25
2026-05-11 10:00:00+00:00,63490.79
2026-05-11 11:00:00+00:00,62480.57
2026-05-11 12:00:00+00:00,60937.24
2026-05-11 13:00:00+00:00,61240.19
2026-05-11 14:00:00+00:00,60070.65
2026-05-11 15:00:00+00:00,60516.58
2026-05-11 16:00:00+00:00,60348.66
2026-05-11 17:00:00+00:00,59524.4
2026-05-11 18:00:00+00:00,57868.53
2026-05-11 19:00:00+00:00,55660.16
2026-05-11 20:00:00+00:00,52472.72
2026-05-11 21:00:00+00:00,48562.01
2026-05-11 22:00:00+00:00,45772.47
2026-05-11 23:00:00+00:00,44629.34
2026-05-12 00:00:00+00:00,43929.76
2026-05-12 01:00:00+00:00,44116.93
2026-05-12 02:00:00+00:00,45769.77
2026-05-12 03:00:00+00:00,48857.19
2026-05-12 04:00:00+00:00,55585.54
2026-05-12 05:00:00+00:00,59885.66
2026-05-12 06:00:00+00:00,62443.26
2026-05-12 07:00:00+00:00,61882.07
2026-05-12 08:00:00+00:00,61487.57
2026-05-12 09:00:00+00:00,61404.96
2026-05-12 10:00:00+00:00,60450.46
2026-05-12 11:00:00+00:00,59183.11
2026-05-12 12:00:00+00:00,57134.89
2026-05-12 13:00:00+00:00,55530.68
2026-05-12 14:00:00+00:00,54926.43
2026-05-12 15:00:00+00:00,56606.52
2026-05-12 16:00:00+00:00,58048.58
2026-05-12 17:00:00+00:00,57886.8
2026-05-12 18:00:00+00:00,56608.65
2026-05-12 19:00:00+00:00,54224.33
2026-05-12 20:00:00+00:00,50775.51
2026-05-12 21:00:00+00:00,47278.47
2026-05-12 22:00:00+00:00,45269.1
2026-05-12 23:00:00+00:00,43962.83
2026-05-13 00:00:00+00:00,42760.66
2026-05-13 01:00:00+00:00,42739.64
2026-05-13 02:00:00+00:00,44144.27
2026-05-13 03:00:00+00:00,47208.25
2026-05-13 04:00:00+00:00,53506.53
2026-05-13 05:00:00+00:00,57697.79
2026-05-13 06:00:00+00:00,59717.22
2026-05-13 07:00:00+00:00,59733.03
2026-05-13 08:00:00+00:00,59070.39
2026-05-13 09:00:00+00:00,60150.93
2026-05-13 10:00:00+00:00,59372.97
2026-05-13 11:00:00+00:00,58145.45
2026-05-13 12:00:00+00:00,57298.04
2026-05-13 13:00:00+00:00,56328.23
2026-05-13 14:00:00+00:00,54896.76
2026-05-13 15:00:00+00:00,54691.36
2026-05-13 16:00:00+00:00,54940.21
2026-05-13 17:00:00+00:00,55536.24
2026-05-13 18:00:00+00:00,54299.07
2026-05-13 19:00:00+00:00,52422.42
2026-05-13 20:00:00+00:00,48254.23
2026-05-13 21:00:00+00:00,44661.24
2026-05-13 22:00:00+00:00,41533.18
2026-05-13 23:00:00+00:00,40329.65
2026-05-14 00:00:00+00:00,39835.83
2026-05-14 01:00:00+00:00,39495.19
2026-05-14 02:00:00+00:00,39519.85
2026-05-14 03:00:00+00:00,39518.64
2026-05-14 04:00:00+00:00,39165.7
2026-05-14 05:00:00+00:00,40850.34
2026-05-14 06:00:00+00:00,44025.61
2026-05-14 07:00:00+00:00,46483.48
2026-05-14 08:00:00+00:00,48214.42
2026-05-14 09:00:00+00:00,49247.25
2026-05-14 10:00:00+00:00,48231.66
2026-05-14 11:00:00+00:00,46638.71
2026-05-14 12:00:00+00:00,44798.65
2026-05-14 13:00:00+00:00,43734.95
2026-05-14 14:00:00+00:00,43802.74
2026-05-14 15:00:00+00:00,44422.03
2026-05-14 16:00:00+00:00,46046.37
2026-05-14 17:00:00+00:00,46800.12
2026-05-14 18:00:00+00:00,46494.78
2026-05-14 19:00:00+00:00,46197.1
2026-05-14 20:00:00+00:00,44614.62
2026-05-14 21:00:00+00:00,41582.1
2026-05-14 22:00:00+00:00,39156.85
2026-05-14 23:00:00+00:00,37636.4
2026-05-15 00:00:00+00:00,36962.74
2026-05-15 01:00:00+00:00,37154.63
2026-05-15 02:00:00+00:00,38211.34
2026-05-15 03:00:00+00:00,40534.73
2026-05-15 04:00:00+00:00,44504.54
2026-05-15 05:00:00+00:00,47389.03
2026-05-15 06:00:00+00:00,50704.05
2026-05-15 07:00:00+00:00,51757.58
2026-05-15 08:00:00+00:00,52443.09
2026-05-15 09:00:00+00:00,52782.59
2026-05-15 10:00:00+00:00,51442.69
2026-05-15 11:00:00+00:00,50431.67
2026-05-15 12:00:00+00:00,48489.73
2026-05-15 13:00:00+00:00,47531.78
2026-05-15 14:00:00+00:00,47901.57
2026-05-15 15:00:00+00:00,48722.06
2026-05-15 16:00:00+00:00,49507.97
2026-05-15 17:00:00+00:00,50155.08
2026-05-15 18:00:00+00:00,49068.31
2026-05-15 19:00:00+00:00,47738.03
2026-05-15 20:00:00+00:00,45353.09
2026-05-15 21:00:00+00:00,42132.87
2026-05-15 22:00:00+00:00,39799.68
2026-05-15 23:00:00+00:00,38487.07
2026-05-16 00:00:00+00:00,37311.65
2026-05-16 01:00:00+00:00,37470.66
2026-05-16 02:00:00+00:00,37539.09
2026-05-16 03:00:00+00:00,37949.66
2026-05-16 04:00:00+00:00,38999.05
2026-05-16 05:00:00+00:00,41353.34
2026-05-16 06:00:00+00:00,45067.25
2026-05-16 07:00:00+00:00,47821.46
2026-05-16 08:00:00+00:00,48296.81
2026-05-16 09:00:00+00:00,48795.86
2026-05-16 10:00:00+00:00,48420.11
2026-05-16 11:00:00+00:00,46958.64
2026-05-16 12:00:00+00:00,45694.19
2026-05-16 13:00:00+00:00,44981.21
2026-05-16 14:00:00+00:00,44483.57
2026-05-16 15:00:00+00:00,45872.43
2026-05-16 16:00:00+00:00,47226.36
2026-05-16 17:00:00+00:00,47763.19
2026-05-16 18:00:00+00:00,46869.39
2026-05-16 19:00:00+00:00,45678.58
2026-05-16 20:00:00+00:00,44098.76
2026-05-16 21:00:00+00:00,41591.41
2026-05-16 22:00:00+00:00,39966.72
2026-05-16 23:00:00+00:00,37924.16
2026-05-17 00:00:00+00:00,36305.71
2026-05-17 01:00:00+00:00,35905.33
2026-05-17 02:00:00+00:00,36120.29
2026-05-17 03:00:00+00:00,36331.49
2026-05-17 04:00:00+00:00,36625.76
2026-05-17 05:00:00+00:00,38383.44
2026-05-17 06:00:00+00:00,41207.06
2026-05-17 07:00:00+00:00,43642.5
2026-05-17 08:00:00+00:00,44535.54
2026-05-17 09:00:00+00:00,45326.62
2026-05-17 10:00:00+00:00,44612.27
2026-05-17 11:00:00+00:00,43463.32
2026-05-17 12:00:00+00:00,42683.69
2026-05-17 13:00:00+00:00,43095.48
2026-05-17 14:00:00+00:00,43268.91
2026-05-17 15:00:00+00:00,44175.48
2026-05-17 16:00:00+00:00,46139.53
2026-05-17 17:00:00+00:00,47234.64
2026-05-17 18:00:00+00:00,46939.12
2026-05-17 19:00:00+00:00,47190.07
2026-05-17 20:00:00+00:00,46121.66
2026-05-17 21:00:00+00:00,43181.72
2026-05-17 22:00:00+00:00,40908.42
2026-05-17 23:00:00+00:00,39306.66
2026-05-18 00:00:00+00:00,38451.3
2026-05-18 01:00:00+00:00,38001.34
2026-05-18 02:00:00+00:00,39555.74
2026-05-18 03:00:00+00:00,42949.66
2026-05-18 04:00:00+00:00,50358.2
2026-05-18 05:00:00+00:00,55428.72
2026-05-18 06:00:00+00:00,59086.01
2026-05-18 07:00:00+00:00,58253.53
2026-05-18 08:00:00+00:00,57513.11
2026-05-18 09:00:00+00:00,58954.07
2026-05-18 10:00:00+00:00,58883.67
2026-05-18 11:00:00+00:00,56580.6
2026-05-18 12:00:00+00:00,55167.73
2026-05-18 13:00:00+00:00,54622.7
2026-05-18 14:00:00+00:00,54274.89
2026-05-18 15:00:00+00:00,54803.95
2026-05-18 16:00:00+00:00,55321.98
2026-05-18 17:00:00+00:00,55296.22
2026-05-18 18:00:00+00:00,54445.33
2026-05-18 19:00:00+00:00,52951.35
2026-05-18 20:00:00+00:00,49409.86
2026-05-18 21:00:00+00:00,45464.12
2026-05-18 22:00:00+00:00,42901.49
2026-05-18 23:00:00+00:00,41283.81
2026-05-19 00:00:00+00:00,40463.24
2026-05-19 01:00:00+00:00,40903.87
2026-05-19 02:00:00+00:00,42212.12
2026-05-19 03:00:00+00:00,45295.55
2026-05-19 04:00:00+00:00,51920.69
2026-05-19 05:00:00+00:00,56257.53
2026-05-19 06:00:00+00:00,57985.93
2026-05-19 07:00:00+00:00,56804.33
2026-05-19 08:00:00+00:00,56729.44
2026-05-19 09:00:00+00:00,57026.58
2026-05-19 10:00:00+00:00,56572.72
2026-05-19 11:00:00+00:00,55601.45
2026-05-19 12:00:00+00:00,54465.38
2026-05-19 13:00:00+00:00,54212.61
2026-05-19 14:00:00+00:00,53968.57
2026-05-19 15:00:00+00:00,55763.82
2026-05-19 16:00:00+00:00,56320.57
2026-05-19 17:00:00+00:00,56368.5
2026-05-19 18:00:00+00:00,55063.07
2026-05-19 19:00:00+00:00,53451.51
2026-05-19 20:00:00+00:00,50304.7
2026-05-19 21:00:00+00:00,46277.29
2026-05-19 22:00:00+00:00,43701.75
2026-05-19 23:00:00+00:00,42281.54
2026-05-20 00:00:00+00:00,41685.75
2026-05-20 01:00:00+00:00,41514.46
2026-05-20 02:00:00+00:00,42799.3
2026-05-20 03:00:00+00:00,46386.59
2026-05-20 04:00:00+00:00,53533.0
2026-05-20 05:00:00+00:00,58450.57
2026-05-20 06:00:00+00:00,61116.28
2026-05-20 07:00:00+00:00,61129.33
2026-05-20 08:00:00+00:00,62002.29
2026-05-20 09:00:00+00:00,62067.8
2026-05-20 10:00:00+00:00,60157.02
2026-05-20 11:00:00+00:00,59490.34
2026-05-20 12:00:00+00:00,57525.42
2026-05-20 13:00:00+00:00,56069.27
2026-05-20 14:00:00+00:00,56470.18
2026-05-20 15:00:00+00:00,56508.86
2026-05-20 16:00:00+00:00,57726.7
2026-05-20 17:00:00+00:00,58655.06
2026-05-20 18:00:00+00:00,56788.39
2026-05-20 19:00:00+00:00,54729.82
2026-05-20 20:00:00+00:00,51194.99
2026-05-20 21:00:00+00:00,47852.0
2026-05-20 22:00:00+00:00,45244.42
2026-05-20 23:00:00+00:00,43193.15
2026-05-21 00:00:00+00:00,42509.18
2026-05-21 01:00:00+00:00,42955.24
2026-05-21 02:00:00+00:00,43977.72
2026-05-21 03:00:00+00:00,47051.97
2026-05-21 04:00:00+00:00,53473.78
2026-05-21 05:00:00+00:00,57536.77
2026-05-21 06:00:00+00:00,59401.17
2026-05-21 07:00:00+00:00,58958.96
2026-05-21 08:00:00+00:00,57943.13
2026-05-21 09:00:00+00:00,57594.23
2026-05-21 10:00:00+00:00,56748.43
2026-05-21 11:00:00+00:00,56207.87
2026-05-21 12:00:00+00:00,55766.86
2026-05-21 13:00:00+00:00,55184.49
2026-05-21 14:00:00+00:00,55193.73
2026-05-21 15:00:00+00:00,55588.69
2026-05-21 16:00:00+00:00,56888.27
2026-05-21 17:00:00+00:00,57171.77
2026-05-21 18:00:00+00:00,56469.51
2026-05-21 19:00:00+00:00,54851.4
2026-05-21 20:00:00+00:00,51347.51
2026-05-21 21:00:00+00:00,47094.67
2026-05-21 22:00:00+00:00,43643.9
2026-05-21 23:00:00+00:00,41694.06
2026-05-22 00:00:00+00:00,40702.38
2026-05-22 01:00:00+00:00,40566.83
2026-05-22 02:00:00+00:00,41895.3
2026-05-22 03:00:00+00:00,44993.77
2026-05-22 04:00:00+00:00,51338.91
2026-05-22 05:00:00+00:00,55810.96
2026-05-22 06:00:00+00:00,57279.88
2026-05-22 07:00:00+00:00,56135.53
2026-05-22 08:00:00+00:00,55803.4
2026-05-22 09:00:00+00:00,56263.67
2026-05-22 10:00:00+00:00,55410.11
2026-05-22 11:00:00+00:00,54250.42
2026-05-22 12:00:00+00:00,52603.97
2026-05-22 13:00:00+00:00,51985.32
2026-05-22 14:00:00+00:00,51849.52
2026-05-22 15:00:00+00:00,52623.4
2026-05-22 16:00:00+00:00,53125.86
2026-05-22 17:00:00+00:00,53589.03
2026-05-22 18:00:00+00:00,52465.61
2026-05-22 19:00:00+00:00,51186.16
2026-05-22 20:00:00+00:00,48495.96
2026-05-22 21:00:00+00:00,44897.14
2026-05-22 22:00:00+00:00,41627.76
2026-05-22 23:00:00+00:00,39546.76
2026-05-23 00:00:00+00:00,38288.18
2026-05-23 01:00:00+00:00,37900.6
2026-05-23 02:00:00+00:00,38633.01
2026-05-23 03:00:00+00:00,39126.45
2026-05-23 04:00:00+00:00,40739.9
2026-05-23 05:00:00+00:00,42900.15
2026-05-23 06:00:00+00:00,45419.66
2026-05-23 07:00:00+00:00,46777.87
2026-05-23 08:00:00+00:00,46256.39
2026-05-23 09:00:00+00:00,46089.24
2026-05-23 10:00:00+00:00,45220.48
2026-05-23 11:00:00+00:00,44175.62
2026-05-23 12:00:00+00:00,42539.49
2026-05-23 13:00:00+00:00,42090.63
2026-05-23 14:00:00+00:00,42180.47
2026-05-23 15:00:00+00:00,43490.45
2026-05-23 16:00:00+00:00,44947.78
2026-05-23 17:00:00+00:00,45685.24
2026-05-23 18:00:00+00:00,44712.43
2026-05-23 19:00:00+00:00,43985.16
2026-05-23 20:00:00+00:00,42564.61
2026-05-23 21:00:00+00:00,40011.56
2026-05-23 22:00:00+00:00,37668.33
2026-05-23 23:00:00+00:00,35589.03
2026-05-24 00:00:00+00:00,34285.8
2026-05-24 01:00:00+00:00,34023.91
2026-05-24 02:00:00+00:00,34043.36
2026-05-24 03:00:00+00:00,34439.02
2026-05-24 04:00:00+00:00,34539.9
2026-05-24 05:00:00+00:00,37021.71
2026-05-24 06:00:00+00:00,40372.54
2026-05-24 07:00:00+00:00,41106.56
2026-05-24 08:00:00+00:00,41137.61
2026-05-24 09:00:00+00:00,41219.66
2026-05-24 10:00:00+00:00,40844.01
2026-05-24 11:00:00+00:00,39496.89
2026-05-24 12:00:00+00:00,38058.13
2026-05-24 13:00:00+00:00,37618.83
2026-05-24 14:00:00+00:00,38625.86
2026-05-24 15:00:00+00:00,41507.46
2026-05-24 16:00:00+00:00,43304.67
2026-05-24 17:00:00+00:00,44259.39
2026-05-24 18:00:00+00:00,44243.16
2026-05-24 19:00:00+00:00,44306.23
2026-05-24 20:00:00+00:00,42884.17
2026-05-24 21:00:00+00:00,39945.76
2026-05-24 22:00:00+00:00,37428.49
2026-05-24 23:00:00+00:00,35688.27
2026-05-25 00:00:00+00:00,34729.32
2026-05-25 01:00:00+00:00,34275.03
2026-05-25 02:00:00+00:00,34465.05
2026-05-25 03:00:00+00:00,34555.14
2026-05-25 04:00:00+00:00,35617.82
2026-05-25 05:00:00+00:00,37391.93
2026-05-25 06:00:00+00:00,40139.08
2026-05-25 07:00:00+00:00,42167.79
2026-05-25 08:00:00+00:00,42141.27
2026-05-25 09:00:00+00:00,42902.15
2026-05-25 10:00:00+00:00,41649.64
2026-05-25 11:00:00+00:00,40247.73
2026-05-25 12:00:00+00:00,39744.24
2026-05-25 13:00:00+00:00,39307.84
2026-05-25 14:00:00+00:00,40597.81
2026-05-25 15:00:00+00:00,43136.18
2026-05-25 16:00:00+00:00,44573.59
2026-05-25 17:00:00+00:00,45761.4
2026-05-25 18:00:00+00:00,46409.73
2026-05-25 19:00:00+00:00,46109.28
2026-05-25 20:00:00+00:00,45220.87
2026-05-25 21:00:00+00:00,42557.76
2026-05-25 22:00:00+00:00,40873.35
2026-05-25 23:00:00+00:00,39516.37
2026-05-26 00:00:00+00:00,38600.75
2026-05-26 01:00:00+00:00,38370.23
2026-05-26 02:00:00+00:00,39023.26
2026-05-26 03:00:00+00:00,42258.02
2026-05-26 04:00:00+00:00,49486.53
2026-05-26 05:00:00+00:00,54452.36
2026-05-26 06:00:00+00:00,57212.54
2026-05-26 07:00:00+00:00,56795.09
2026-05-26 08:00:00+00:00,57102.09
2026-05-26 09:00:00+00:00,56975.92
2026-05-26 10:00:00+00:00,56303.58
2026-05-26 11:00:00+00:00,55248.31
2026-05-26 12:00:00+00:00,54223.74
2026-05-26 13:00:00+00:00,53894.43
2026-05-26 14:00:00+00:00,53967.57
2026-05-26 15:00:00+00:00,54741.07
2026-05-26 16:00:00+00:00,54683.76
2026-05-26 17:00:00+00:00,55869.75
2026-05-26 18:00:00+00:00,55040.08
2026-05-26 19:00:00+00:00,54123.44
2026-05-26 20:00:00+00:00,51254.38
2026-05-26 21:00:00+00:00,47693.46
2026-05-26 22:00:00+00:00,45810.17
2026-05-26 23:00:00+00:00,44371.32
2026-05-27 00:00:00+00:00,43044.91
2026-05-27 01:00:00+00:00,43363.51
2026-05-27 02:00:00+00:00,44254.64
2026-05-27 03:00:00+00:00,47123.15
2026-05-27 04:00:00+00:00,52829.34
2026-05-27 05:00:00+00:00,57542.54
2026-05-27 06:00:00+00:00,59594.58
2026-05-27 07:00:00+00:00,59201.94
2026-05-27 08:00:00+00:00,58740.64
2026-05-27 09:00:00+00:00,57098.59
2026-05-27 10:00:00+00:00,56499.04
2026-05-27 11:00:00+00:00,55485.39
2026-05-27 12:00:00+00:00,54073.2
2026-05-27 13:00:00+00:00,53734.51
2026-05-27 14:00:00+00:00,54509.68
2026-05-27 15:00:00+00:00,56316.4
2026-05-27 16:00:00+00:00,56838.84
2026-05-27 17:00:00+00:00,57497.45
2026-05-27 18:00:00+00:00,55710.69
2026-05-27 19:00:00+00:00,53594.65
2026-05-27 20:00:00+00:00,51511.76
2026-05-27 21:00:00+00:00,47906.06
2026-05-27 22:00:00+00:00,44367.52
2026-05-27 23:00:00+00:00,42248.4
2026-05-28 00:00:00+00:00,41189.97
2026-05-28 01:00:00+00:00,41591.4
2026-05-28 02:00:00+00:00,42016.09
2026-05-28 03:00:00+00:00,44709.46
2026-05-28 04:00:00+00:00,50773.79
2026-05-28 05:00:00+00:00,54770.77
2026-05-28 06:00:00+00:00,56658.15
2026-05-28 07:00:00+00:00,55579.25
2026-05-28 08:00:00+00:00,55444.64
2026-05-28 09:00:00+00:00,54928.03
2026-05-28 10:00:00+00:00,54470.27
2026-05-28 11:00:00+00:00,53594.82
2026-05-28 12:00:00+00:00,52511.7
2026-05-28 13:00:00+00:00,52134.9
2026-05-28 14:00:00+00:00,52637.6
2026-05-28 15:00:00+00:00,53480.69
2026-05-28 16:00:00+00:00,53878.9
2026-05-28 17:00:00+00:00,54992.58
2026-05-28 18:00:00+00:00,54144.74
2026-05-28 19:00:00+00:00,52267.03
2026-05-28 20:00:00+00:00,49895.05
2026-05-28 21:00:00+00:00,46584.14
2026-05-28 22:00:00+00:00,43559.3
2026-05-28 23:00:00+00:00,41809.25
2026-05-29 00:00:00+00:00,40825.89
2026-05-29 01:00:00+00:00,40735.73
2026-05-29 02:00:00+00:00,41983.97
2026-05-29 03:00:00+00:00,44265.37
2026-05-29 04:00:00+00:00,50397.59
2026-05-29 05:00:00+00:00,54777.58
2026-05-29 06:00:00+00:00,57551.07
2026-05-29 07:00:00+00:00,57136.77
2026-05-29 08:00:00+00:00,56397.35
2026-05-29 09:00:00+00:00,55866.87
2026-05-29 10:00:00+00:00,54443.59
2026-05-29 11:00:00+00:00,53426.84
2026-05-29 12:00:00+00:00,51896.32
2026-05-29 13:00:00+00:00,52179.88
2026-05-29 14:00:00+00:00,53005.96
2026-05-29 15:00:00+00:00,52842.46
2026-05-29 16:00:00+00:00,53276.59
2026-05-29 17:00:00+00:00,53861.87
2026-05-29 18:00:00+00:00,53436.48
2026-05-29 19:00:00+00:00,51895.11
2026-05-29 20:00:00+00:00,50669.85
2026-05-29 21:00:00+00:00,47148.5
2026-05-29 22:00:00+00:00,44017.92
2026-05-29 23:00:00+00:00,42229.07
2026-05-30 00:00:00+00:00,40874.04
2026-05-30 01:00:00+00:00,39721.13
2026-05-30 02:00:00+00:00,39752.28
2026-05-30 03:00:00+00:00,40085.14
2026-05-30 04:00:00+00:00,42236.77
2026-05-30 05:00:00+00:00,43458.5
2026-05-30 06:00:00+00:00,46454.2
2026-05-30 07:00:00+00:00,48276.41
2026-05-30 08:00:00+00:00,48147.57
2026-05-30 09:00:00+00:00,48030.08
2026-05-30 10:00:00+00:00,46977.04
2026-05-30 11:00:00+00:00,45837.96
2026-05-30 12:00:00+00:00,44784.98
2026-05-30 13:00:00+00:00,44703.27
2026-05-30 14:00:00+00:00,45713.8
2026-05-30 15:00:00+00:00,46634.5
2026-05-30 16:00:00+00:00,47281.56
2026-05-30 17:00:00+00:00,47671.83
2026-05-30 18:00:00+00:00,46776.52
2026-05-30 19:00:00+00:00,45630.19
2026-05-30 20:00:00+00:00,43852.01
2026-05-30 21:00:00+00:00,41090.08
2026-05-30 22:00:00+00:00,38576.62
2026-05-30 23:00:00+00:00,36661.57
2026-05-31 00:00:00+00:00,35498.62
2026-05-31 01:00:00+00:00,35313.67
2026-05-31 02:00:00+00:00,35216.13
2026-05-31 03:00:00+00:00,34997.59
2026-05-31 04:00:00+00:00,35755.24
2026-05-31 05:00:00+00:00,37143.2
2026-05-31 06:00:00+00:00,39642.47
2026-05-31 07:00:00+00:00,42548.48
2026-05-31 08:00:00+00:00,43879.78
2026-05-31 09:00:00+00:00,45100.78
2026-05-31 10:00:00+00:00,44879.41
2026-05-31 11:00:00+00:00,43856.19
2026-05-31 12:00:00+00:00,42200.81
2026-05-31 13:00:00+00:00,41707.33
2026-05-31 14:00:00+00:00,42167.29
2026-05-31 15:00:00+00:00,43235.72
2026-05-31 16:00:00+00:00,45046.88
2026-05-31 17:00:00+00:00,45563.43
2026-05-31 18:00:00+00:00,45191.31
2026-05-31 19:00:00+00:00,44764.58
2026-05-31 20:00:00+00:00,43970.59
2026-05-31 21:00:00+00:00,41211.5
2026-05-31 22:00:00+00:00,40639.46
2026-05-31 23:00:00+00:00,39354.31
2026-06-01 00:00:00+00:00,38879.39
2026-06-01 01:00:00+00:00,39739.34
2026-06-01 02:00:00+00:00,40870.46
2026-06-01 03:00:00+00:00,43825.27
2026-06-01 04:00:00+00:00,50396.71
2026-06-01 05:00:00+00:00,55388.66
2026-06-01 06:00:00+00:00,57458.7
2026-06-01 07:00:00+00:00,57004.66
2026-06-01 08:00:00+00:00,56170.94
2026-06-01 09:00:00+00:00,56095.91
2026-06-01 10:00:00+00:00,55378.26
2026-06-01 11:00:00+00:00,54452.51
2026-06-01 12:00:00+00:00,54026.71
2026-06-01 13:00:00+00:00,53363.57
2026-06-01 14:00:00+00:00,53298.79
2026-06-01 15:00:00+00:00,54515.71
2026-06-01 16:00:00+00:00,56292.63
2026-06-01 17:00:00+00:00,57351.95
2026-06-01 18:00:00+00:00,55880.47
2026-06-01 19:00:00+00:00,54481.67
2026-06-01 20:00:00+00:00,52331.68
2026-06-01 21:00:00+00:00,49462.58
2026-06-01 22:00:00+00:00,47226.45
2026-06-01 23:00:00+00:00,44901.1
2026-06-02 00:00:00+00:00,43856.19
2026-06-02 01:00:00+00:00,44506.01
2026-06-02 02:00:00+00:00,45242.67
2026-06-02 03:00:00+00:00,47719.43
2026-06-02 04:00:00+00:00,53632.27
2026-06-02 05:00:00+00:00,57480.8
2026-06-02 06:00:00+00:00,58622.42
2026-06-02 07:00:00+00:00,58247.02
2026-06-02 08:00:00+00:00,57427.21
2026-06-02 09:00:00+00:00,57517.68
2026-06-02 10:00:00+00:00,57727.52
2026-06-02 11:00:00+00:00,57407.27
2026-06-02 12:00:00+00:00,56111.04
2026-06-02 13:00:00+00:00,55341.45
2026-06-02 14:00:00+00:00,56324.02
2026-06-02 15:00:00+00:00,57959.1
2026-06-02 16:00:00+00:00,59309.52
2026-06-02 17:00:00+00:00,59401.75
2026-06-02 18:00:00+00:00,58799.85
2026-06-02 19:00:00+00:00,56157.03
2026-06-02 20:00:00+00:00,52720.23
2026-06-02 21:00:00+00:00,49387.2
2026-06-02 22:00:00+00:00,46194.8
2026-06-02 23:00:00+00:00,44393.72
2026-06-03 00:00:00+00:00,43410.15
2026-06-03 01:00:00+00:00,43842.54
2026-06-03 02:00:00+00:00,45221.66
2026-06-03 03:00:00+00:00,48065.06
2026-06-03 04:00:00+00:00,53757.92
2026-06-03 05:00:00+00:00,57381.95
2026-06-03 06:00:00+00:00,60619.26
2026-06-03 07:00:00+00:00,60431.43
2026-06-03 08:00:00+00:00,59312.43
2026-06-03 09:00:00+00:00,58796.78
2026-06-03 10:00:00+00:00,57295.86
2026-06-03 11:00:00+00:00,55640.44
2026-06-03 12:00:00+00:00,55081.05
2026-06-03 13:00:00+00:00,54468.66
2026-06-03 14:00:00+00:00,53283.7
2026-06-03 15:00:00+00:00,53472.79
2026-06-03 16:00:00+00:00,55440.19
2026-06-03 17:00:00+00:00,55733.95
2026-06-03 18:00:00+00:00,54656.8
2026-06-03 19:00:00+00:00,53115.6
2026-06-03 20:00:00+00:00,50245.98
2026-06-03 21:00:00+00:00,47453.18
2026-06-03 22:00:00+00:00,45061.44
2026-06-03 23:00:00+00:00,43406.11
2026-06-04 00:00:00+00:00,41549.25
2026-06-04 01:00:00+00:00,41785.83
2026-06-04 02:00:00+00:00,42345.07
2026-06-04 03:00:00+00:00,43013.91
2026-06-04 04:00:00+00:00,44118.24
2026-06-04 05:00:00+00:00,45300.35
2026-06-04 06:00:00+00:00,47541.59
2026-06-04 07:00:00+00:00,50209.13
2026-06-04 08:00:00+00:00,51670.22
2026-06-04 09:00:00+00:00,52535.29
2026-06-04 10:00:00+00:00,51928.61
2026-06-04 11:00:00+00:00,50772.41
2026-06-04 12:00:00+00:00,49567.72
2026-06-04 13:00:00+00:00,48516.2
2026-06-04 14:00:00+00:00,49123.21
2026-06-04 15:00:00+00:00,49887.45
2026-06-04 16:00:00+00:00,50349.19
2026-06-04 17:00:00+00:00,51003.48
2026-06-04 18:00:00+00:00,49392.04
2026-06-04 19:00:00+00:00,47721.56
2026-06-04 20:00:00+00:00,47528.22
2026-06-04 21:00:00+00:00,44860.05
2026-06-04 22:00:00+00:00,42892.77
2026-06-04 23:00:00+00:00,41456.15
2026-06-05 00:00:00+00:00,40884.13
2026-06-05 01:00:00+00:00,39880.62
2026-06-05 02:00:00+00:00,40344.24
2026-06-05 03:00:00+00:00,42434.28
2026-06-05 04:00:00+00:00,46834.84
2026-06-05 05:00:00+00:00,50984.32
2026-06-05 06:00:00+00:00,53408.15
2026-06-05 07:00:00+00:00,53907.33
2026-06-05 08:00:00+00:00,54433.03
2026-06-05 09:00:00+00:00,53876.87
2026-06-05 10:00:00+00:00,52328.83
2026-06-05 11:00:00+00:00,51317.02
2026-06-05 12:00:00+00:00,49355.34
2026-06-05 13:00:00+00:00,48932.62
2026-06-05 14:00:00+00:00,48460.62
2026-06-05 15:00:00+00:00,49362.8
2026-06-05 16:00:00+00:00,51573.4
2026-06-05 17:00:00+00:00,52210.02
2026-06-05 18:00:00+00:00,51259.89
2026-06-05 19:00:00+00:00,49197.43
2026-06-05 20:00:00+00:00,47655.56
2026-06-05 21:00:00+00:00,44829.17
2026-06-05 22:00:00+00:00,42770.93
2026-06-05 23:00:00+00:00,41249.0
2026-06-06 00:00:00+00:00,40160.86
2026-06-06 01:00:00+00:00,40137.4
2026-06-06 02:00:00+00:00,39517.17
2026-06-06 03:00:00+00:00,40234.28
2026-06-06 04:00:00+00:00,42384.94
2026-06-06 05:00:00+00:00,43124.79
2026-06-06 06:00:00+00:00,43954.76
2026-06-06 07:00:00+00:00,45082.54
2026-06-06 08:00:00+00:00,44898.07
2026-06-06 09:00:00+00:00,45113.7
2026-06-06 10:00:00+00:00,45197.41
2026-06-06 11:00:00+00:00,43851.24
2026-06-06 12:00:00+00:00,42196.69
2026-06-06 13:00:00+00:00,41710.06
2026-06-06 14:00:00+00:00,42761.97
2026-06-06 15:00:00+00:00,44507.84
2026-06-06 16:00:00+00:00,46828.26
2026-06-06 17:00:00+00:00,47463.34
2026-06-06 18:00:00+00:00,46948.14
2026-06-06 19:00:00+00:00,46120.14
2026-06-06 20:00:00+00:00,44131.33
2026-06-06 21:00:00+00:00,40997.0
2026-06-06 22:00:00+00:00,38612.42
2026-06-06 23:00:00+00:00,37778.31
2026-06-07 00:00:00+00:00,36791.18
2026-06-07 01:00:00+00:00,35981.26
2026-06-07 02:00:00+00:00,36344.57
2026-06-07 03:00:00+00:00,36867.55
2026-06-07 04:00:00+00:00,36863.73
2026-06-07 05:00:00+00:00,37850.21
2026-06-07 06:00:00+00:00,40716.63
2026-06-07 07:00:00+00:00,42058.17
2026-06-07 08:00:00+00:00,43662.68
2026-06-07 09:00:00+00:00,43825.36
2026-06-07 10:00:00+00:00,43774.91
2026-06-07 11:00:00+00:00,42534.23
2026-06-07 12:00:00+00:00,41370.9
2026-06-07 13:00:00+00:00,40599.06
2026-06-07 14:00:00+00:00,40470.45
2026-06-07 15:00:00+00:00,41284.85
2026-06-07 16:00:00+00:00,43817.85
2026-06-07 17:00:00+00:00,45771.07
2026-06-07 18:00:00+00:00,46165.82
2026-06-07 19:00:00+00:00,46428.39
2026-06-07 20:00:00+00:00,45726.0
2026-06-07 21:00:00+00:00,43476.87
2026-06-07 22:00:00+00:00,42884.44
2026-06-07 23:00:00+00:00,41969.52
2026-06-08 00:00:00+00:00,41237.43
2026-06-08 01:00:00+00:00,41351.66
2026-06-08 02:00:00+00:00,42309.05
2026-06-08 03:00:00+00:00,44752.92
2026-06-08 04:00:00+00:00,51685.7
2026-06-08 05:00:00+00:00,55422.06
2026-06-08 06:00:00+00:00,58126.47
2026-06-08 07:00:00+00:00,57136.23
2026-06-08 08:00:00+00:00,57151.59
2026-06-08 09:00:00+00:00,56952.77
2026-06-08 10:00:00+00:00,55635.46
2026-06-08 11:00:00+00:00,56645.62
2026-06-08 12:00:00+00:00,56034.4
2026-06-08 13:00:00+00:00,56407.74
2026-06-08 14:00:00+00:00,56120.6
2026-06-08 15:00:00+00:00,55930.53
2026-06-08 16:00:00+00:00,56588.65
2026-06-08 17:00:00+00:00,56966.27
2026-06-08 18:00:00+00:00,55422.2
2026-06-08 19:00:00+00:00,52764.41
2026-06-08 20:00:00+00:00,50037.61
2026-06-08 21:00:00+00:00,48641.98
2026-06-08 22:00:00+00:00,46069.96
2026-06-08 23:00:00+00:00,45159.4
2026-06-09 00:00:00+00:00,44582.47
2026-06-09 01:00:00+00:00,45004.77
2026-06-09 02:00:00+00:00,46114.02
2026-06-09 03:00:00+00:00,48763.69
2026-06-09 04:00:00+00:00,54822.71
2026-06-09 05:00:00+00:00,57189.37
2026-06-09 06:00:00+00:00,59954.71
2026-06-09 07:00:00+00:00,60526.47
2026-06-09 08:00:00+00:00,60530.0
2026-06-09 09:00:00+00:00,59821.22
2026-06-09 10:00:00+00:00,57866.53
2026-06-09 11:00:00+00:00,56548.6
2026-06-09 12:00:00+00:00,55261.58
2026-06-09 13:00:00+00:00,55034.43
2026-06-09 14:00:00+00:00,54832.4
2026-06-09 15:00:00+00:00,55750.34
2026-06-09 16:00:00+00:00,57348.16
2026-06-09 17:00:00+00:00,57356.75
2026-06-09 18:00:00+00:00,56576.43
2026-06-09 19:00:00+00:00,54839.82
2026-06-09 20:00:00+00:00,52604.47
2026-06-09 21:00:00+00:00,49383.76
2026-06-09 22:00:00+00:00,47084.14
2026-06-09 23:00:00+00:00,45741.54
2026-06-10 00:00:00+00:00,43948.94
2026-06-10 01:00:00+00:00,44207.25
2026-06-10 02:00:00+00:00,45155.58
2026-06-10 03:00:00+00:00,47097.92
2026-06-10 04:00:00+00:00,53460.64
2026-06-10 05:00:00+00:00,57084.84
2026-06-10 06:00:00+00:00,59717.2
2026-06-10 07:00:00+00:00,58706.22
2026-06-10 08:00:00+00:00,59240.85
2026-06-10 09:00:00+00:00,58786.0
2026-06-10 10:00:00+00:00,58727.91
2026-06-10 11:00:00+00:00,57709.19
2026-06-10 12:00:00+00:00,56094.74
2026-06-10 13:00:00+00:00,56316.25
2026-06-10 14:00:00+00:00,56911.56
2026-06-10 15:00:00+00:00,57929.32
2026-06-10 16:00:00+00:00,59385.25
2026-06-10 17:00:00+00:00,57805.57
2026-06-10 18:00:00+00:00,55901.59
2026-06-10 19:00:00+00:00,54281.71
2026-06-10 20:00:00+00:00,51554.42
2026-06-10 21:00:00+00:00,48360.26
2026-06-10 22:00:00+00:00,45134.14
2026-06-10 23:00:00+00:00,43871.02
2026-06-11 00:00:00+00:00,43881.98
2026-06-11 01:00:00+00:00,44115.59
2026-06-11 02:00:00+00:00,45256.87
2026-06-11 03:00:00+00:00,48124.33
2026-06-11 04:00:00+00:00,53105.4
2026-06-11 05:00:00+00:00,57408.08
2026-06-11 06:00:00+00:00,59341.78
2026-06-11 07:00:00+00:00,58978.28
2026-06-11 08:00:00+00:00,58417.46
2026-06-11 09:00:00+00:00,58652.61
2026-06-11 10:00:00+00:00,57711.41
2026-06-11 11:00:00+00:00,55509.92
2026-06-11 12:00:00+00:00,53256.26
2026-06-11 13:00:00+00:00,52210.4
2026-06-11 14:00:00+00:00,52769.48
2026-06-11 15:00:00+00:00,54576.82
2026-06-11 16:00:00+00:00,56293.42
2026-06-11 17:00:00+00:00,56854.62
2026-06-11 18:00:00+00:00,56179.07
2026-06-11 19:00:00+00:00,54410.18
2026-06-11 20:00:00+00:00,52513.83
2026-06-11 21:00:00+00:00,48788.7
2026-06-11 22:00:00+00:00,46753.99
2026-06-11 23:00:00+00:00,44213.2
2026-06-12 00:00:00+00:00,44330.45
2026-06-12 01:00:00+00:00,44198.94
2026-06-12 02:00:00+00:00,44951.46
2026-06-12 03:00:00+00:00,47444.36
2026-06-12 04:00:00+00:00,53610.85
2026-06-12 05:00:00+00:00,57789.86
2026-06-12 06:00:00+00:00,61160.54
2026-06-12 07:00:00+00:00,61752.52
2026-06-12 08:00:00+00:00,62599.69
2026-06-12 09:00:00+00:00,62647.71
2026-06-12 10:00:00+00:00,62018.14
2026-06-12 11:00:00+00:00,61113.07
2026-06-12 12:00:00+00:00,58760.8
2026-06-12 13:00:00+00:00,58400.93
2026-06-12 14:00:00+00:00,58185.6
2026-06-12 15:00:00+00:00,57784.97
2026-06-12 16:00:00+00:00,57253.39
2026-06-12 17:00:00+00:00,55756.28
2026-06-12 18:00:00+00:00,53224.82
2026-06-12 19:00:00+00:00,51032.17
2026-06-12 20:00:00+00:00,48518.0
2026-06-12 21:00:00+00:00,45572.42
2026-06-12 22:00:00+00:00,42501.3
2026-06-12 23:00:00+00:00,41099.53
2026-06-13 00:00:00+00:00,40430.55
2026-06-13 01:00:00+00:00,39881.84
2026-06-13 02:00:00+00:00,40291.42
2026-06-13 03:00:00+00:00,41077.41
2026-06-13 04:00:00+00:00,41926.48
2026-06-13 05:00:00+00:00,43675.99
2026-06-13 06:00:00+00:00,46032.95
2026-06-13 07:00:00+00:00,47760.29
2026-06-13 08:00:00+00:00,48161.14
2026-06-13 09:00:00+00:00,48934.96
2026-06-13 10:00:00+00:00,48420.96
2026-06-13 11:00:00+00:00,46227.66
2026-06-13 12:00:00+00:00,45429.41
2026-06-13 13:00:00+00:00,44199.31
2026-06-13 14:00:00+00:00,43725.57
2026-06-13 15:00:00+00:00,44661.54
2026-06-13 16:00:00+00:00,45881.24
2026-06-13 17:00:00+00:00,47319.52
2026-06-13 18:00:00+00:00,46386.49
2026-06-13 19:00:00+00:00,43974.15
2026-06-13 20:00:00+00:00,42804.79
2026-06-13 21:00:00+00:00,40225.91
2026-06-13 22:00:00+00:00,37907.23
2026-06-13 23:00:00+00:00,36033.82
2026-06-14 00:00:00+00:00,36246.81
2026-06-14 01:00:00+00:00,35735.58
2026-06-14 02:00:00+00:00,35361.68
2026-06-14 03:00:00+00:00,35232.81
2026-06-14 04:00:00+00:00,36054.98
2026-06-14 05:00:00+00:00,37919.83
2026-06-14 06:00:00+00:00,39578.95
2026-06-14 07:00:00+00:00,42318.13
2026-06-14 08:00:00+00:00,43437.56
2026-06-14 09:00:00+00:00,44356.9
2026-06-14 10:00:00+00:00,44446.57
2026-06-14 11:00:00+00:00,42902.01
2026-06-14 12:00:00+00:00,41813.09
2026-06-14 13:00:00+00:00,41516.74
2026-06-14 14:00:00+00:00,41019.36
2026-06-14 15:00:00+00:00,42382.96
2026-06-14 16:00:00+00:00,44607.17
2026-06-14 17:00:00+00:00,44783.52
2026-06-14 18:00:00+00:00,44468.09
2026-06-14 19:00:00+00:00,44337.85
2026-06-14 20:00:00+00:00,43718.73
2026-06-14 21:00:00+00:00,41622.84
2026-06-14 22:00:00+00:00,39444.11
2026-06-14 23:00:00+00:00,38742.04
2026-06-15 00:00:00+00:00,37805.63
2026-06-15 01:00:00+00:00,38378.22
2026-06-15 02:00:00+00:00,40246.18
2026-06-15 03:00:00+00:00,43302.21
2026-06-15 04:00:00+00:00,50436.25
2026-06-15 05:00:00+00:00,54887.03
2026-06-15 06:00:00+00:00,56885.56
2026-06-15 07:00:00+00:00,57895.81
2026-06-15 08:00:00+00:00,59251.77
2026-06-15 09:00:00+00:00,59568.41
2026-06-15 10:00:00+00:00,58648.88
2026-06-15 11:00:00+00:00,58830.26
2026-06-15 12:00:00+00:00,57160.89
2026-06-15 13:00:00+00:00,55048.77
2026-06-15 14:00:00+00:00,54498.95
2026-06-15 15:00:00+00:00,54319.29
2026-06-15 16:00:00+00:00,54796.54
2026-06-15 17:00:00+00:00,55760.14
2026-06-15 18:00:00+00:00,54249.78
2026-06-15 19:00:00+00:00,51827.85
2026-06-15 20:00:00+00:00,49840.81
2026-06-15 21:00:00+00:00,46945.43
2026-06-15 22:00:00+00:00,45216.42
2026-06-15 23:00:00+00:00,43757.86
2026-06-16 00:00:00+00:00,42930.64
2026-06-16 01:00:00+00:00,43309.65
2026-06-16 02:00:00+00:00,44184.19
2026-06-16 03:00:00+00:00,46916.46
2026-06-16 04:00:00+00:00,52473.25
2026-06-16 05:00:00+00:00,56348.72
2026-06-16 06:00:00+00:00,58142.68
2026-06-16 07:00:00+00:00,59244.89
2026-06-16 08:00:00+00:00,60014.97
2026-06-16 09:00:00+00:00,59563.97
2026-06-16 10:00:00+00:00,57985.71
2026-06-16 11:00:00+00:00,56930.6
2026-06-16 12:00:00+00:00,55790.46
2026-06-16 13:00:00+00:00,54756.11
2026-06-16 14:00:00+00:00,53999.76
2026-06-16 15:00:00+00:00,55571.55
2026-06-16 16:00:00+00:00,57409.71
2026-06-16 17:00:00+00:00,57412.31
2026-06-16 18:00:00+00:00,55404.03
2026-06-16 19:00:00+00:00,52914.88
2026-06-16 20:00:00+00:00,50764.24
2026-06-16 21:00:00+00:00,47599.44
2026-06-16 22:00:00+00:00,45096.37
2026-06-16 23:00:00+00:00,44213.55
2026-06-17 00:00:00+00:00,43222.73
2026-06-17 01:00:00+00:00,43431.64
2026-06-17 02:00:00+00:00,44228.78
2026-06-17 03:00:00+00:00,46853.45
2026-06-17 04:00:00+00:00,53317.57
2026-06-17 05:00:00+00:00,58111.98
2026-06-17 06:00:00+00:00,59669.62
2026-06-17 07:00:00+00:00,58075.84
2026-06-17 08:00:00+00:00,58066.69
2026-06-17 09:00:00+00:00,57850.35
2026-06-17 10:00:00+00:00,57148.04
2026-06-17 11:00:00+00:00,56796.06
2026-06-17 12:00:00+00:00,55357.95
2026-06-17 13:00:00+00:00,54327.13
2026-06-17 14:00:00+00:00,55415.5
2026-06-17 15:00:00+00:00,56597.21
2026-06-17 16:00:00+00:00,59037.91
2026-06-17 17:00:00+00:00,59861.58
2026-06-17 18:00:00+00:00,58281.23
2026-06-17 19:00:00+00:00,55541.84
2026-06-17 20:00:00+00:00,53010.51
2026-06-17 21:00:00+00:00,49756.79
2026-06-17 22:00:00+00:00,46978.07
2026-06-17 23:00:00+00:00,45277.97
2026-06-18 00:00:00+00:00,43985.13
2026-06-18 01:00:00+00:00,44119.85
2026-06-18 02:00:00+00:00,44977.68
2026-06-18 03:00:00+00:00,46788.88
2026-06-18 04:00:00+00:00,53333.02
2026-06-18 05:00:00+00:00,58332.43
2026-06-18 06:00:00+00:00,59894.38
2026-06-18 07:00:00+00:00,58769.64
2026-06-18 08:00:00+00:00,58088.7
2026-06-18 09:00:00+00:00,58619.94
2026-06-18 10:00:00+00:00,58269.68
2026-06-18 11:00:00+00:00,58385.93
2026-06-18 12:00:00+00:00,56864.98
2026-06-18 13:00:00+00:00,55925.04
2026-06-18 14:00:00+00:00,55294.84
2026-06-18 15:00:00+00:00,55914.58
2026-06-18 16:00:00+00:00,58138.53
2026-06-18 17:00:00+00:00,58707.73
2026-06-18 18:00:00+00:00,57112.48
2026-06-18 19:00:00+00:00,55256.63
2026-06-18 20:00:00+00:00,53219.67
2026-06-18 21:00:00+00:00,49586.31
2026-06-18 22:00:00+00:00,46342.52
2026-06-18 23:00:00+00:00,44355.89
2026-06-19 00:00:00+00:00,44026.39
2026-06-19 01:00:00+00:00,44464.28
2026-06-19 02:00:00+00:00,45934.81
2026-06-19 03:00:00+00:00,48273.4
2026-06-19 04:00:00+00:00,54283.07
2026-06-19 05:00:00+00:00,58619.76
2026-06-19 06:00:00+00:00,60930.18
2026-06-19 07:00:00+00:00,60445.83
2026-06-19 08:00:00+00:00,60405.37
2026-06-19 09:00:00+00:00,59845.4
2026-06-19 10:00:00+00:00,59764.02
2026-06-19 11:00:00+00:00,57975.56
2026-06-19 12:00:00+00:00,57222.31
2026-06-19 13:00:00+00:00,55360.87
2026-06-19 14:00:00+00:00,54687.92
2026-06-19 15:00:00+00:00,56192.02
2026-06-19 16:00:00+00:00,57882.53
2026-06-19 17:00:00+00:00,57205.86
2026-06-19 18:00:00+00:00,54812.39
2026-06-19 19:00:00+00:00,51992.76
2026-06-19 20:00:00+00:00,50418.94
2026-06-19 21:00:00+00:00,47954.79
2026-06-19 22:00:00+00:00,45834.52
2026-06-19 23:00:00+00:00,45296.79
2026-06-20 00:00:00+00:00,43650.72
2026-06-20 01:00:00+00:00,43440.85
2026-06-20 02:00:00+00:00,40746.24
2026-06-20 03:00:00+00:00,40692.55
2026-06-20 04:00:00+00:00,43885.61
2026-06-20 05:00:00+00:00,44740.06
2026-06-20 06:00:00+00:00,47829.93
2026-06-20 07:00:00+00:00,49857.87
2026-06-20 08:00:00+00:00,50243.13
2026-06-20 09:00:00+00:00,49850.29
2026-06-20 10:00:00+00:00,48519.16
2026-06-20 11:00:00+00:00,47308.54
2026-06-20 12:00:00+00:00,45051.61
2026-06-20 13:00:00+00:00,44479.01
2026-06-20 14:00:00+00:00,45495.67
2026-06-20 15:00:00+00:00,46411.0
2026-06-20 16:00:00+00:00,48196.91
2026-06-20 17:00:00+00:00,49970.37
2026-06-20 18:00:00+00:00,49197.77
2026-06-20 19:00:00+00:00,47091.08
2026-06-20 20:00:00+00:00,45958.24
2026-06-20 21:00:00+00:00,43710.45
2026-06-20 22:00:00+00:00,42680.37
2026-06-20 23:00:00+00:00,41034.73
2026-06-21 00:00:00+00:00,39403.03
2026-06-21 01:00:00+00:00,38737.96
2026-06-21 02:00:00+00:00,37513.98
2026-06-21 03:00:00+00:00,38214.21
2026-06-21 04:00:00+00:00,39233.92
2026-06-21 05:00:00+00:00,39235.0
2026-06-21 06:00:00+00:00,41814.78
2026-06-21 07:00:00+00:00,45454.79
2026-06-21 08:00:00+00:00,45792.77
2026-06-21 09:00:00+00:00,46435.62
2026-06-21 10:00:00+00:00,45356.17
2026-06-21 11:00:00+00:00,43647.93
2026-06-21 12:00:00+00:00,42459.13
2026-06-21 13:00:00+00:00,41633.76
2026-06-21 14:00:00+00:00,42437.63
2026-06-21 15:00:00+00:00,44869.21
2026-06-21 16:00:00+00:00,47619.05
2026-06-21 17:00:00+00:00,49477.55
2026-06-21 18:00:00+00:00,49192.9
2026-06-21 19:00:00+00:00,48775.55
2026-06-21 20:00:00+00:00,48712.17
2026-06-21 21:00:00+00:00,46473.44
2026-06-21 22:00:00+00:00,44622.77
2026-06-21 23:00:00+00:00,43062.95
2026-06-22 00:00:00+00:00,42554.84
2026-06-22 01:00:00+00:00,43533.7
2026-06-22 02:00:00+00:00,44169.76
2026-06-22 03:00:00+00:00,46502.41
2026-06-22 04:00:00+00:00,53021.21
2026-06-22 05:00:00+00:00,58360.18
2026-06-22 06:00:00+00:00,61328.4
2026-06-22 07:00:00+00:00,60804.33
2026-06-22 08:00:00+00:00,60124.74
2026-06-22 09:00:00+00:00,59669.99
2026-06-22 10:00:00+00:00,59529.25
2026-06-22 11:00:00+00:00,58816.14
2026-06-22 12:00:00+00:00,57635.05
2026-06-22 13:00:00+00:00,56561.51
2026-06-22 14:00:00+00:00,56619.61
2026-06-22 15:00:00+00:00,58035.48
2026-06-22 16:00:00+00:00,59201.67
2026-06-22 17:00:00+00:00,59344.91
2026-06-22 18:00:00+00:00,57944.34
2026-06-22 19:00:00+00:00,55775.62
2026-06-22 20:00:00+00:00,53776.5
2026-06-22 21:00:00+00:00,50323.22
2026-06-22 22:00:00+00:00,48547.49
2026-06-22 23:00:00+00:00,46956.96
2026-06-23 00:00:00+00:00,46122.47
2026-06-23 01:00:00+00:00,45841.99
2026-06-23 02:00:00+00:00,46840.32
2026-06-23 03:00:00+00:00,49025.84
2026-06-23 04:00:00+00:00,54565.48
2026-06-23 05:00:00+00:00,60101.9
2026-06-23 06:00:00+00:00,62824.26
2026-06-23 07:00:00+00:00,61424.72
2026-06-23 08:00:00+00:00,60959.62
2026-06-23 09:00:00+00:00,60789.5
2026-06-23 10:00:00+00:00,59658.95
2026-06-23 11:00:00+00:00,59396.15
2026-06-23 12:00:00+00:00,58191.24
2026-06-23 13:00:00+00:00,57187.52
2026-06-23 14:00:00+00:00,56832.16
2026-06-23 15:00:00+00:00,58001.15
2026-06-23 16:00:00+00:00,59638.74
2026-06-23 17:00:00+00:00,59892.86
2026-06-23 18:00:00+00:00,57693.23
2026-06-23 19:00:00+00:00,55415.98
2026-06-23 20:00:00+00:00,53602.37
2026-06-23 21:00:00+00:00,50914.28
2026-06-23 22:00:00+00:00,48167.81
2026-06-23 23:00:00+00:00,46819.18
2026-06-24 00:00:00+00:00,46258.34
2026-06-24 01:00:00+00:00,46024.0
2026-06-24 02:00:00+00:00,46504.09
2026-06-24 03:00:00+00:00,48658.63
2026-06-24 04:00:00+00:00,54672.83
2026-06-24 05:00:00+00:00,59732.37
2026-06-24 06:00:00+00:00,62206.32
2026-06-24 07:00:00+00:00,61974.44
2026-06-24 08:00:00+00:00,61048.15
2026-06-24 09:00:00+00:00,60440.72
2026-06-24 10:00:00+00:00,59697.27
2026-06-24 11:00:00+00:00,59770.27
2026-06-24 12:00:00+00:00,59677.16
2026-06-24 13:00:00+00:00,58503.63
2026-06-24 14:00:00+00:00,59071.34
2026-06-24 15:00:00+00:00,59139.6
2026-06-24 16:00:00+00:00,60437.32
2026-06-24 17:00:00+00:00,61324.56
2026-06-24 18:00:00+00:00,59833.37
2026-06-24 19:00:00+00:00,58057.53
2026-06-24 20:00:00+00:00,56070.48
2026-06-24 21:00:00+00:00,52552.7
2026-06-24 22:00:00+00:00,50520.78
2026-06-24 23:00:00+00:00,48745.65
2026-06-25 00:00:00+00:00,47486.76
2026-06-25 01:00:00+00:00,47336.47
2026-06-25 02:00:00+00:00,48355.4
2026-06-25 03:00:00+00:00,50459.51
2026-06-25 04:00:00+00:00,56603.42
2026-06-25 05:00:00+00:00,61800.0
2026-06-25 06:00:00+00:00,64572.7
2026-06-25 07:00:00+00:00,63744.99
2026-06-25 08:00:00+00:00,63996.31
2026-06-25 09:00:00+00:00,63626.59
2026-06-25 10:00:00+00:00,62597.17
2026-06-25 11:00:00+00:00,62029.88
2026-06-25 12:00:00+00:00,60215.91
2026-06-25 13:00:00+00:00,58868.53
2026-06-25 14:00:00+00:00,59124.72
2026-06-25 15:00:00+00:00,60042.92
2026-06-25 16:00:00+00:00,61601.04
2026-06-25 17:00:00+00:00,62159.56
2026-06-25 18:00:00+00:00,60216.84
2026-06-25 19:00:00+00:00,58090.44
2026-06-25 20:00:00+00:00,55923.73
2026-06-25 21:00:00+00:00,53002.13
2026-06-25 22:00:00+00:00,51022.22
2026-06-25 23:00:00+00:00,49138.75
2026-06-26 00:00:00+00:00,47780.79
2026-06-26 01:00:00+00:00,48347.82
2026-06-26 02:00:00+00:00,48914.46
2026-06-26 03:00:00+00:00,50807.43
2026-06-26 04:00:00+00:00,56417.0
2026-06-26 05:00:00+00:00,61487.67
2026-06-26 06:00:00+00:00,64190.08
2026-06-26 07:00:00+00:00,64837.92
2026-06-26 08:00:00+00:00,63374.7
2026-06-26 09:00:00+00:00,61815.91
2026-06-26 10:00:00+00:00,61257.41
2026-06-26 11:00:00+00:00,59484.74
2026-06-26 12:00:00+00:00,57115.82
2026-06-26 13:00:00+00:00,55431.21
2026-06-26 14:00:00+00:00,55942.43
2026-06-26 15:00:00+00:00,57800.73
2026-06-26 16:00:00+00:00,59444.7
2026-06-26 17:00:00+00:00,59851.06
2026-06-26 18:00:00+00:00,58374.58
2026-06-26 19:00:00+00:00,57472.18
2026-06-26 20:00:00+00:00,55531.34
2026-06-26 21:00:00+00:00,52420.61
2026-06-26 22:00:00+00:00,49010.06
2026-06-26 23:00:00+00:00,47369.61
2026-06-27 00:00:00+00:00,45625.78
2026-06-27 01:00:00+00:00,45037.1
2026-06-27 02:00:00+00:00,44351.85
2026-06-27 03:00:00+00:00,44124.19
2026-06-27 04:00:00+00:00,46302.1
2026-06-27 05:00:00+00:00,48230.57
2026-06-27 06:00:00+00:00,49597.56
2026-06-27 07:00:00+00:00,51051.24
2026-06-27 08:00:00+00:00,51899.15
2026-06-27 09:00:00+00:00,52366.29
2026-06-27 10:00:00+00:00,51215.29
2026-06-27 11:00:00+00:00,50105.61
2026-06-27 12:00:00+00:00,48249.95
2026-06-27 13:00:00+00:00,48176.26
2026-06-27 14:00:00+00:00,49638.22
2026-06-27 15:00:00+00:00,50939.26
2026-06-27 16:00:00+00:00,52926.82
2026-06-27 17:00:00+00:00,53184.16
2026-06-27 18:00:00+00:00,52318.46
2026-06-27 19:00:00+00:00,50816.87
2026-06-27 20:00:00+00:00,49888.97
2026-06-27 21:00:00+00:00,48337.26
2026-06-27 22:00:00+00:00,45525.11
2026-06-27 23:00:00+00:00,44584.25
2026-06-28 00:00:00+00:00,42382.18
2026-06-28 01:00:00+00:00,42356.62
2026-06-28 02:00:00+00:00,40873.41
2026-06-28 03:00:00+00:00,42199.56
2026-06-28 04:00:00+00:00,42358.73
2026-06-28 05:00:00+00:00,44354.0
2026-06-28 06:00:00+00:00,44755.1
2026-06-28 07:00:00+00:00,46456.06
2026-06-28 08:00:00+00:00,47560.65
2026-06-28 09:00:00+00:00,48366.32
2026-06-28 10:00:00+00:00,48132.98
2026-06-28 11:00:00+00:00,47109.65
2026-06-28 12:00:00+00:00,45464.39
2026-06-28 13:00:00+00:00,45386.32
2026-06-28 14:00:00+00:00,46457.89
2026-06-28 15:00:00+00:00,49480.76
2026-06-28 16:00:00+00:00,52001.48
2026-06-28 17:00:00+00:00,53149.51
2026-06-28 18:00:00+00:00,52970.72
2026-06-28 19:00:00+00:00,51869.91
2026-06-28 20:00:00+00:00,50962.09
2026-06-28 21:00:00+00:00,48503.62
2026-06-28 22:00:00+00:00,46809.34
2026-06-28 23:00:00+00:00,45444.56
2026-06-29 00:00:00+00:00,44457.46
2026-06-29 01:00:00+00:00,44865.87
2026-06-29 02:00:00+00:00,44785.56
2026-06-29 03:00:00+00:00,47954.97
2026-06-29 04:00:00+00:00,54780.52
2026-06-29 05:00:00+00:00,59914.83
2026-06-29 06:00:00+00:00,63496.39
2026-06-29 07:00:00+00:00,65854.45
2026-06-29 08:00:00+00:00,66841.82
2026-06-29 09:00:00+00:00,65847.63
2026-06-29 10:00:00+00:00,64109.54
2026-06-29 11:00:00+00:00,62496.66
2026-06-29 12:00:00+00:00,60772.94
2026-06-29 13:00:00+00:00,58997.52
2026-06-29 14:00:00+00:00,58625.1
2026-06-29 15:00:00+00:00,59540.54
2026-06-29 16:00:00+00:00,59912.5
2026-06-29 17:00:00+00:00,59929.79
2026-06-29 18:00:00+00:00,57967.36
2026-06-29 19:00:00+00:00,55815.42
2026-06-29 20:00:00+00:00,54100.79
2026-06-29 21:00:00+00:00,51161.84
2026-06-29 22:00:00+00:00,49316.57
2026-06-29 23:00:00+00:00,47684.7
2026-06-30 00:00:00+00:00,46087.77
2026-06-30 01:00:00+00:00,45914.26
2026-06-30 02:00:00+00:00,46622.12
2026-06-30 03:00:00+00:00,48614.66
2026-06-30 04:00:00+00:00,54268.23
2026-06-30 05:00:00+00:00,58083.33
2026-06-30 06:00:00+00:00,60985.72
2026-06-30 07:00:00+00:00,60946.39
2026-06-30 08:00:00+00:00,60573.16
2026-06-30 09:00:00+00:00,60396.1
2026-06-30 10:00:00+00:00,59663.65
2026-06-30 11:00:00+00:00,59079.77
2026-06-30 12:00:00+00:00,57966.03
2026-06-30 13:00:00+00:00,58541.74
2026-06-30 14:00:00+00:00,58791.14
2026-06-30 15:00:00+00:00,59525.68
2026-06-30 16:00:00+00:00,60007.24
2026-06-30 17:00:00+00:00,59762.51
2026-06-30 18:00:00+00:00,57799.0
2026-06-30 19:00:00+00:00,55240.01
2026-06-30 20:00:00+00:00,53483.78
2026-06-30 21:00:00+00:00,50718.69
2026-06-30 22:00:00+00:00,48369.02
2026-06-30 23:00:00+00:00,46794.81
2026-07-01 00:00:00+00:00,45965.74
2026-07-01 01:00:00+00:00,45295.16
2026-07-01 02:00:00+00:00,46007.71
2026-07-01 03:00:00+00:00,48738.93
2026-07-01 04:00:00+00:00,53960.08
2026-07-01 05:00:00+00:00,59111.82
2026-07-01 06:00:00+00:00,62499.98
2026-07-01 07:00:00+00:00,62876.26
2026-07-01 08:00:00+00:00,62309.51
2026-07-01 09:00:00+00:00,61868.72
2026-07-01 10:00:00+00:00,60969.86
2026-07-01 11:00:00+00:00,59766.31
2026-07-01 12:00:00+00:00,58303.34
2026-07-01 13:00:00+00:00,57129.33
2026-07-01 14:00:00+00:00,56481.17
2026-07-01 15:00:00+00:00,57000.98
2026-07-01 16:00:00+00:00,59376.98
2026-07-01 17:00:00+00:00,59024.66
2026-07-01 18:00:00+00:00,56781.03
2026-07-01 19:00:00+00:00,54875.41
2026-07-01 20:00:00+00:00,52259.1
2026-07-01 21:00:00+00:00,49571.45
2026-07-01 22:00:00+00:00,46600.84
2026-07-01 23:00:00+00:00,45445.56
2026-07-02 00:00:00+00:00,44467.29
2026-07-02 01:00:00+00:00,45216.49
2026-07-02 02:00:00+00:00,46798.17
2026-07-02 03:00:00+00:00,49747.47
2026-07-02 04:00:00+00:00,55710.12
2026-07-02 05:00:00+00:00,59850.82
2026-07-02 06:00:00+00:00,60966.87
2026-07-02 07:00:00+00:00,58836.08
2026-07-02 08:00:00+00:00,58940.9
2026-07-02 09:00:00+00:00,60390.5
2026-07-02 10:00:00+00:00,59008.08
2026-07-02 11:00:00+00:00,58604.89
2026-07-02 12:00:00+00:00,57610.94
2026-07-02 13:00:00+00:00,57579.65
2026-07-02 14:00:00+00:00,56641.65
2026-07-02 15:00:00+00:00,57454.44
2026-07-02 16:00:00+00:00,58703.61
2026-07-02 17:00:00+00:00,57177.4
2026-07-02 18:00:00+00:00,55312.54
2026-07-02 19:00:00+00:00,52774.57
2026-07-02 20:00:00+00:00,51133.71
2026-07-02 21:00:00+00:00,46808.09
2026-07-02 22:00:00+00:00,44176.47
2026-07-02 23:00:00+00:00,42832.52
2026-07-03 00:00:00+00:00,42275.89
2026-07-03 01:00:00+00:00,42145.91
2026-07-03 02:00:00+00:00,42727.81
2026-07-03 03:00:00+00:00,45019.92
2026-07-03 04:00:00+00:00,51088.69
2026-07-03 05:00:00+00:00,55383.79
2026-07-03 06:00:00+00:00,57827.5
2026-07-03 07:00:00+00:00,57058.75
2026-07-03 08:00:00+00:00,57679.6
2026-07-03 09:00:00+00:00,57642.12
2026-07-03 10:00:00+00:00,56130.41
2026-07-03 11:00:00+00:00,55255.3
2026-07-03 12:00:00+00:00,53778.79
2026-07-03 13:00:00+00:00,52688.43
2026-07-03 14:00:00+00:00,52664.28
2026-07-03 15:00:00+00:00,52100.97
2026-07-03 16:00:00+00:00,53369.25
2026-07-03 17:00:00+00:00,53344.06
2026-07-03 18:00:00+00:00,51598.92
2026-07-03 19:00:00+00:00,48894.59
2026-07-03 20:00:00+00:00,47673.13
2026-07-03 21:00:00+00:00,45220.11
2026-07-03 22:00:00+00:00,43212.77
2026-07-03 23:00:00+00:00,42186.61
2026-07-04 00:00:00+00:00,41238.52
2026-07-04 01:00:00+00:00,40896.96
2026-07-04 02:00:00+00:00,41285.83
2026-07-04 03:00:00+00:00,40761.37
2026-07-04 04:00:00+00:00,43369.25
2026-07-04 05:00:00+00:00,44631.65
2026-07-04 06:00:00+00:00,46542.95
2026-07-04 07:00:00+00:00,46620.91
2026-07-04 08:00:00+00:00,48523.15
2026-07-04 09:00:00+00:00,48984.21
2026-07-04 10:00:00+00:00,49396.64
2026-07-04 11:00:00+00:00,47873.52
2026-07-04 12:00:00+00:00,46335.93
2026-07-04 13:00:00+00:00,45900.17
2026-07-04 14:00:00+00:00,45481.35
2026-07-04 15:00:00+00:00,45649.39
2026-07-04 16:00:00+00:00,47392.63
2026-07-04 17:00:00+00:00,47480.98
2026-07-04 18:00:00+00:00,46123.1
2026-07-04 19:00:00+00:00,44062.98
2026-07-04 20:00:00+00:00,43556.03
2026-07-04 21:00:00+00:00,41924.22
2026-07-04 22:00:00+00:00,40057.07
2026-07-04 23:00:00+00:00,38811.62
2026-07-05 00:00:00+00:00,36979.1
2026-07-05 01:00:00+00:00,36018.25
2026-07-05 02:00:00+00:00,36199.02
2026-07-05 03:00:00+00:00,35819.52
2026-07-05 04:00:00+00:00,36867.31
2026-07-05 05:00:00+00:00,39641.83
2026-07-05 06:00:00+00:00,42318.01
2026-07-05 07:00:00+00:00,43516.84
2026-07-05 08:00:00+00:00,44333.15
2026-07-05 09:00:00+00:00,45533.19
2026-07-05 10:00:00+00:00,44516.02
2026-07-05 11:00:00+00:00,43853.86
2026-07-05 12:00:00+00:00,43025.01
2026-07-05 13:00:00+00:00,41580.14
2026-07-05 14:00:00+00:00,42782.99
2026-07-05 15:00:00+00:00,43861.05
2026-07-05 16:00:00+00:00,45053.24
2026-07-05 17:00:00+00:00,46003.19
2026-07-05 18:00:00+00:00,45482.63
2026-07-05 19:00:00+00:00,45080.69
2026-07-05 20:00:00+00:00,46136.65
2026-07-05 21:00:00+00:00,44310.24
2026-07-05 22:00:00+00:00,43011.99
2026-07-05 23:00:00+00:00,41852.55
2026-07-06 00:00:00+00:00,41107.67
2026-07-06 01:00:00+00:00,40637.36
2026-07-06 02:00:00+00:00,42562.35
2026-07-06 03:00:00+00:00,45604.64
2026-07-06 04:00:00+00:00,51954.94
2026-07-06 05:00:00+00:00,56378.23
2026-07-06 06:00:00+00:00,58850.61
2026-07-06 07:00:00+00:00,61315.69
2026-07-06 08:00:00+00:00,61711.86
2026-07-06 09:00:00+00:00,61441.97
2026-07-06 10:00:00+00:00,59607.45
2026-07-06 11:00:00+00:00,59244.21
2026-07-06 12:00:00+00:00,58219.09
2026-07-06 13:00:00+00:00,57795.08
2026-07-06 14:00:00+00:00,58005.97
2026-07-06 15:00:00+00:00,56977.73
2026-07-06 16:00:00+00:00,57844.15
2026-07-06 17:00:00+00:00,57922.33
2026-07-06 18:00:00+00:00,56219.51
2026-07-06 19:00:00+00:00,52874.58
2026-07-06 20:00:00+00:00,50858.03
2026-07-06 21:00:00+00:00,47192.55
2026-07-06 22:00:00+00:00,44090.02
2026-07-06 23:00:00+00:00,43295.55
2026-07-07 00:00:00+00:00,42236.96
2026-07-07 01:00:00+00:00,42995.05
2026-07-07 02:00:00+00:00,43460.82
2026-07-07 03:00:00+00:00,45850.34
2026-07-07 04:00:00+00:00,50921.04
2026-07-07 05:00:00+00:00,55435.61
2026-07-07 06:00:00+00:00,58793.87
2026-07-07 07:00:00+00:00,60124.88
2026-07-07 08:00:00+00:00,61513.96
2026-07-07 09:00:00+00:00,61683.43
2026-07-07 10:00:00+00:00,62214.69
2026-07-07 11:00:00+00:00,61337.98
2026-07-07 12:00:00+00:00,60580.46
2026-07-07 13:00:00+00:00,60123.77
2026-07-07 14:00:00+00:00,59150.15
2026-07-07 15:00:00+00:00,58289.85
2026-07-07 16:00:00+00:00,58774.57
2026-07-07 17:00:00+00:00,57600.58
2026-07-07 18:00:00+00:00,54276.59
2026-07-07 19:00:00+00:00,52379.65
2026-07-07 20:00:00+00:00,49477.39
2026-07-07 21:00:00+00:00,46930.13
2026-07-07 22:00:00+00:00,45912.51
2026-07-07 23:00:00+00:00,44423.32
2026-07-08 00:00:00+00:00,43081.35
2026-07-08 01:00:00+00:00,42792.28
2026-07-08 02:00:00+00:00,43601.85
2026-07-08 03:00:00+00:00,46377.5
2026-07-08 04:00:00+00:00,52218.85
2026-07-08 05:00:00+00:00,56516.69
2026-07-08 06:00:00+00:00,59408.93
2026-07-08 07:00:00+00:00,59772.97
2026-07-08 08:00:00+00:00,60628.12
2026-07-08 09:00:00+00:00,60571.67
2026-07-08 10:00:00+00:00,59574.65
2026-07-08 11:00:00+00:00,59350.27
2026-07-08 12:00:00+00:00,58160.13
2026-07-08 13:00:00+00:00,58152.11
2026-07-08 14:00:00+00:00,57591.97
2026-07-08 15:00:00+00:00,57365.19
2026-07-08 16:00:00+00:00,57877.91
2026-07-08 17:00:00+00:00,57718.8
2026-07-08 18:00:00+00:00,55204.72
2026-07-08 19:00:00+00:00,52887.25
2026-07-08 20:00:00+00:00,52140.26
2026-07-08 21:00:00+00:00,49489.05
2026-07-08 22:00:00+00:00,46842.59
2026-07-08 23:00:00+00:00,45092.42
2026-07-09 00:00:00+00:00,44266.54
2026-07-09 01:00:00+00:00,44804.3
2026-07-09 02:00:00+00:00,45205.22
2026-07-09 03:00:00+00:00,47378.78
2026-07-09 04:00:00+00:00,53360.91
2026-07-09 05:00:00+00:00,58216.07
2026-07-09 06:00:00+00:00,61095.71
2026-07-09 07:00:00+00:00,61079.45
2026-07-09 08:00:00+00:00,61443.11
2026-07-09 09:00:00+00:00,61055.91
2026-07-09 10:00:00+00:00,59562.29
2026-07-09 11:00:00+00:00,58817.06
2026-07-09 12:00:00+00:00,56915.86
2026-07-09 13:00:00+00:00,55173.88
2026-07-09 14:00:00+00:00,54237.75
2026-07-09 15:00:00+00:00,55440.35
2026-07-09 16:00:00+00:00,57044.99
2026-07-09 17:00:00+00:00,57264.49
2026-07-09 18:00:00+00:00,56482.58
2026-07-09 19:00:00+00:00,53907.38
2026-07-09 20:00:00+00:00,51405.69
2026-07-09 21:00:00+00:00,48619.5
2026-07-09 22:00:00+00:00,46481.79
2026-07-09 23:00:00+00:00,44989.29
2026-07-10 00:00:00+00:00,44488.3
2026-07-10 01:00:00+00:00,44298.6
2026-07-10 02:00:00+00:00,44810.84
2026-07-10 03:00:00+00:00,46656.07
2026-07-10 04:00:00+00:00,53170.45
2026-07-10 05:00:00+00:00,57710.93
2026-07-10 06:00:00+00:00,60518.91
2026-07-10 07:00:00+00:00,59111.05
2026-07-10 08:00:00+00:00,57349.71
2026-07-10 09:00:00+00:00,55989.72
2026-07-10 10:00:00+00:00,54749.03
2026-07-10 11:00:00+00:00,54197.56
2026-07-10 12:00:00+00:00,52917.75
2026-07-10 13:00:00+00:00,51724.58
2026-07-10 14:00:00+00:00,52480.74
2026-07-10 15:00:00+00:00,53622.27
2026-07-10 16:00:00+00:00,55611.26
2026-07-10 17:00:00+00:00,56078.62
2026-07-10 18:00:00+00:00,54589.38
2026-07-10 19:00:00+00:00,52075.41
2026-07-10 20:00:00+00:00,49920.51
2026-07-10 21:00:00+00:00,47493.95
2026-07-10 22:00:00+00:00,44616.15
2026-07-10 23:00:00+00:00,42633.56
2026-07-11 00:00:00+00:00,41684.12
2026-07-11 01:00:00+00:00,42014.53
2026-07-11 02:00:00+00:00,41608.49
2026-07-11 03:00:00+00:00,42120.97
2026-07-11 04:00:00+00:00,44497.32
2026-07-11 05:00:00+00:00,45934.51
2026-07-11 06:00:00+00:00,46471.18
2026-07-11 07:00:00+00:00,46897.78
2026-07-11 08:00:00+00:00,46697.08
2026-07-11 09:00:00+00:00,46463.52
2026-07-11 10:00:00+00:00,46945.03
2026-07-11 11:00:00+00:00,45623.02
2026-07-11 12:00:00+00:00,44107.31
2026-07-11 13:00:00+00:00,43984.08
2026-07-11 14:00:00+00:00,43523.2
2026-07-11 15:00:00+00:00,44726.77
2026-07-11 16:00:00+00:00,47399.78
2026-07-11 17:00:00+00:00,47904.96
2026-07-11 18:00:00+00:00,47890.61
2026-07-11 19:00:00+00:00,45955.48
2026-07-11 20:00:00+00:00,45183.76
2026-07-11 21:00:00+00:00,43036.66
2026-07-11 22:00:00+00:00,40709.05
2026-07-11 23:00:00+00:00,38803.65
2026-07-12 00:00:00+00:00,38055.8
2026-07-12 01:00:00+00:00,37375.73
2026-07-12 02:00:00+00:00,37096.9
2026-07-12 03:00:00+00:00,37133.55
2026-07-12 04:00:00+00:00,38179.1
2026-07-12 05:00:00+00:00,39582.06
2026-07-12 06:00:00+00:00,40936.26
2026-07-12 07:00:00+00:00,41317.58
2026-07-12 08:00:00+00:00,42280.97
2026-07-12 09:00:00+00:00,43404.55
2026-07-12 10:00:00+00:00,43776.08
2026-07-12 11:00:00+00:00,42193.84
2026-07-12 12:00:00+00:00,41082.14
2026-07-12 13:00:00+00:00,41076.96
2026-07-12 14:00:00+00:00,41127.6
2026-07-12 15:00:00+00:00,43270.29
2026-07-12 16:00:00+00:00,45801.19
2026-07-12 17:00:00+00:00,48736.47
2026-07-12 18:00:00+00:00,49795.65
2026-07-12 19:00:00+00:00,49297.53
2026-07-12 20:00:00+00:00,49332.97
2026-07-12 21:00:00+00:00,46726.11
2026-07-12 22:00:00+00:00,44955.99
2026-07-12 23:00:00+00:00,43317.41
2026-07-13 00:00:00+00:00,42222.33
2026-07-13 01:00:00+00:00,42643.53
2026-07-13 02:00:00+00:00,43291.89
2026-07-13 03:00:00+00:00,45942.04
2026-07-13 04:00:00+00:00,52754.77
2026-07-13 05:00:00+00:00,57563.92
2026-07-13 06:00:00+00:00,60759.65
2026-07-13 07:00:00+00:00,59938.61
2026-07-13 08:00:00+00:00,58831.1
2026-07-13 09:00:00+00:00,57976.88
2026-07-13 10:00:00+00:00,56982.28
2026-07-13 11:00:00+00:00,56808.66
2026-07-13 12:00:00+00:00,55979.67
2026-07-13 13:00:00+00:00,55595.34
2026-07-13 14:00:00+00:00,56714.83
2026-07-13 15:00:00+00:00,58231.01
2026-07-13 16:00:00+00:00,60377.03
2026-07-13 17:00:00+00:00,61278.84
2026-07-13 18:00:00+00:00,59885.37
2026-07-13 19:00:00+00:00,57783.62
2026-07-13 20:00:00+00:00,54960.73
2026-07-13 21:00:00+00:00,50523.42
2026-07-13 22:00:00+00:00,47994.29
2026-07-13 23:00:00+00:00,46841.56
2026-07-14 00:00:00+00:00,46085.3
2026-07-14 01:00:00+00:00,46108.68
2026-07-14 02:00:00+00:00,46741.42
2026-07-14 03:00:00+00:00,48828.75
2026-07-14 04:00:00+00:00,55259.55
2026-07-14 05:00:00+00:00,60462.33
2026-07-14 06:00:00+00:00,62737.77
2026-07-14 07:00:00+00:00,61834.7
2026-07-14 08:00:00+00:00,60706.04
2026-07-14 09:00:00+00:00,59576.57
2026-07-14 10:00:00+00:00,57909.93
2026-07-14 11:00:00+00:00,56711.01
2026-07-14 12:00:00+00:00,55631.96
2026-07-14 13:00:00+00:00,55576.26
2026-07-14 14:00:00+00:00,56313.43
2026-07-14 15:00:00+00:00,58011.87
2026-07-14 16:00:00+00:00,59998.36
2026-07-14 17:00:00+00:00,59787.06
2026-07-14 18:00:00+00:00,58245.87
2026-07-14 19:00:00+00:00,55484.23
2026-07-14 20:00:00+00:00,53860.47
2026-07-14 21:00:00+00:00,50938.08
2026-07-14 22:00:00+00:00,48547.4
2026-07-14 23:00:00+00:00,47101.78
2026-07-15 00:00:00+00:00,45935.45
2026-07-15 01:00:00+00:00,46241.1
2026-07-15 02:00:00+00:00,47373.94
2026-07-15 03:00:00+00:00,49726.39
2026-07-15 04:00:00+00:00,55549.54
2026-07-15 05:00:00+00:00,59455.01
2026-07-15 06:00:00+00:00,61631.04
2026-07-15 07:00:00+00:00,61081.69
2026-07-15 08:00:00+00:00,59285.47
2026-07-15 09:00:00+00:00,58984.25
2026-07-15 10:00:00+00:00,58051.46
2026-07-15 11:00:00+00:00,57639.86
2026-07-15 12:00:00+00:00,56372.0
2026-07-15 13:00:00+00:00,56455.78
2026-07-15 14:00:00+00:00,57526.73
2026-07-15 15:00:00+00:00,58857.52
2026-07-15 16:00:00+00:00,60446.66
2026-07-15 17:00:00+00:00,60559.86
2026-07-15 18:00:00+00:00,58798.54
2026-07-15 19:00:00+00:00,56980.7
2026-07-15 20:00:00+00:00,55028.4
2026-07-15 21:00:00+00:00,51376.06
2026-07-15 22:00:00+00:00,49523.35
2026-07-15 23:00:00+00:00,48558.65
2026-07-16 00:00:00+00:00,47228.34
2026-07-16 01:00:00+00:00,47490.28
2026-07-16 02:00:00+00:00,48531.71
2026-07-16 03:00:00+00:00,50444.43
2026-07-16 04:00:00+00:00,55917.63
2026-07-16 05:00:00+00:00,60466.93
2026-07-16 06:00:00+00:00,62673.49
2026-07-16 07:00:00+00:00,62209.09
2026-07-16 08:00:00+00:00,60879.58
2026-07-16 09:00:00+00:00,60013.64
2026-07-16 10:00:00+00:00,58318.9
2026-07-16 11:00:00+00:00,58374.23
2026-07-16 12:00:00+00:00,57599.25
2026-07-16 13:00:00+00:00,57922.63
2026-07-16 14:00:00+00:00,58457.23
2026-07-16 15:00:00+00:00,59410.26
2026-07-16 16:00:00+00:00,60329.98
2026-07-16 17:00:00+00:00,59907.79
2026-07-16 18:00:00+00:00,57741.88
2026-07-16 19:00:00+00:00,55654.99
2026-07-16 20:00:00+00:00,53024.77
2026-07-16 21:00:00+00:00,49902.54
2026-07-16 22:00:00+00:00,47992.12
2026-07-16 23:00:00+00:00,46726.38
2026-07-17 00:00:00+00:00,46534.47
2026-07-17 01:00:00+00:00,46304.02
2026-07-17 02:00:00+00:00,47742.68
2026-07-17 03:00:00+00:00,49099.4
2026-07-17 04:00:00+00:00,54397.04
2026-07-17 05:00:00+00:00,58653.37
2026-07-17 06:00:00+00:00,61715.97
2026-07-17 07:00:00+00:00,62284.82
2026-07-17 08:00:00+00:00,62272.51
2026-07-17 09:00:00+00:00,61583.49
2026-07-17 10:00:00+00:00,59872.81
2026-07-17 11:00:00+00:00,58425.79
2026-07-17 12:00:00+00:00,57000.54
2026-07-17 13:00:00+00:00,56835.14
2026-07-17 14:00:00+00:00,57304.54
2026-07-17 15:00:00+00:00,57758.89
2026-07-17 16:00:00+00:00,58346.38
2026-07-17 17:00:00+00:00,56923.03
2026-07-17 18:00:00+00:00,54581.64
2026-07-17 19:00:00+00:00,52668.82
2026-07-17 20:00:00+00:00,50850.48
2026-07-17 21:00:00+00:00,48306.21
2026-07-17 22:00:00+00:00,45561.5
2026-07-17 23:00:00+00:00,43822.93
2026-07-18 00:00:00+00:00,43027.93
2026-07-18 01:00:00+00:00,42188.36
2026-07-18 02:00:00+00:00,41916.2
2026-07-18 03:00:00+00:00,41924.31
2026-07-18 04:00:00+00:00,42777.85
2026-07-18 05:00:00+00:00,44927.36
2026-07-18 06:00:00+00:00,47662.51
2026-07-18 07:00:00+00:00,49853.09
2026-07-18 08:00:00+00:00,50574.95
2026-07-18 09:00:00+00:00,50236.63
2026-07-18 10:00:00+00:00,49074.06
2026-07-18 11:00:00+00:00,47637.24
2026-07-18 12:00:00+00:00,46334.47
2026-07-18 13:00:00+00:00,45531.53
2026-07-18 14:00:00+00:00,45999.14
2026-07-18 15:00:00+00:00,46734.88
2026-07-18 16:00:00+00:00,47149.97
2026-07-18 17:00:00+00:00,47099.75
2026-07-18 18:00:00+00:00,46021.25
2026-07-18 19:00:00+00:00,44283.23
2026-07-18 20:00:00+00:00,43610.78
2026-07-18 21:00:00+00:00,42215.94
2026-07-18 22:00:00+00:00,40612.29
2026-07-18 23:00:00+00:00,38648.12
2026-07-19 00:00:00+00:00,37615.04
2026-07-19 01:00:00+00:00,37448.88
2026-07-19 02:00:00+00:00,37486.21
2026-07-19 03:00:00+00:00,37576.26
2026-07-19 04:00:00+00:00,39208.39
2026-07-19 05:00:00+00:00,40135.85
2026-07-19 06:00:00+00:00,41979.37
2026-07-19 07:00:00+00:00,44171.36
2026-07-19 08:00:00+00:00,45726.27
2026-07-19 09:00:00+00:00,46861.29
2026-07-19 10:00:00+00:00,45962.68
2026-07-19 11:00:00+00:00,44159.77
2026-07-19 12:00:00+00:00,41812.98
2026-07-19 13:00:00+00:00,41391.01
2026-07-19 14:00:00+00:00,41779.88
2026-07-19 15:00:00+00:00,42709.25
2026-07-19 16:00:00+00:00,44544.59
2026-07-19 17:00:00+00:00,44192.62
2026-07-19 18:00:00+00:00,44290.6
2026-07-19 19:00:00+00:00,43766.65
2026-07-19 20:00:00+00:00,44487.83
2026-07-19 21:00:00+00:00,41908.86
2026-07-19 22:00:00+00:00,40901.11
2026-07-19 23:00:00+00:00,39892.65
2026-07-20 00:00:00+00:00,38717.95
2026-07-20 01:00:00+00:00,39199.97
2026-07-20 02:00:00+00:00,40310.86
2026-07-20 03:00:00+00:00,43057.52
2026-07-20 04:00:00+00:00,49029.68
2026-07-20 05:00:00+00:00,54071.44
2026-07-20 06:00:00+00:00,57943.75
2026-07-20 07:00:00+00:00,59420.58
2026-07-20 08:00:00+00:00,59003.01
2026-07-20 09:00:00+00:00,58992.58
2026-07-20 10:00:00+00:00,57261.28
2026-07-20 11:00:00+00:00,57211.05
2026-07-20 12:00:00+00:00,55936.49
2026-07-20 13:00:00+00:00,55075.72
2026-07-20 14:00:00+00:00,54036.39
2026-07-20 15:00:00+00:00,53784.96
2026-07-20 16:00:00+00:00,54383.42
2026-07-20 17:00:00+00:00,55355.38
2026-07-20 18:00:00+00:00,54198.24
2026-07-20 19:00:00+00:00,52239.59
2026-07-20 20:00:00+00:00,50367.0
2026-07-20 21:00:00+00:00,47623.7
2026-07-20 22:00:00+00:00,45118.72
2026-07-20 23:00:00+00:00,43715.69
2026-07-21 00:00:00+00:00,42900.33
2026-07-21 01:00:00+00:00,42981.1
2026-07-21 02:00:00+00:00,44067.09
2026-07-21 03:00:00+00:00,46690.46
2026-07-21 04:00:00+00:00,52521.98
2026-07-21 05:00:00+00:00,57262.84
2026-07-21 06:00:00+00:00,58516.3
2026-07-21 07:00:00+00:00,57498.92
2026-07-21 08:00:00+00:00,56512.14
2026-07-21 09:00:00+00:00,55983.09
2026-07-21 10:00:00+00:00,54578.66
2026-07-21 11:00:00+00:00,53651.18
2026-07-21 12:00:00+00:00,52372.79
2026-07-21 13:00:00+00:00,52213.13
2026-07-21 14:00:00+00:00,52784.51
2026-07-21 15:00:00+00:00,53854.62
2026-07-21 16:00:00+00:00,55005.65
2026-07-21 17:00:00+00:00,55189.0
2026-07-21 18:00:00+00:00,53773.88
2026-07-21 19:00:00+00:00,52071.28
2026-07-21 20:00:00+00:00,49396.39
2026-07-21 21:00:00+00:00,46855.91
2026-07-21 22:00:00+00:00,45246.77
2026-07-21 23:00:00+00:00,43978.22
2026-07-22 00:00:00+00:00,43617.03
2026-07-22 01:00:00+00:00,43552.04
2026-07-22 02:00:00+00:00,44262.64
2026-07-22 03:00:00+00:00,46731.45
2026-07-22 04:00:00+00:00,52324.63
2026-07-22 05:00:00+00:00,56651.66
2026-07-22 06:00:00+00:00,59882.09
2026-07-22 07:00:00+00:00,59447.98
2026-07-22 08:00:00+00:00,60132.37
2026-07-22 09:00:00+00:00,60256.97
2026-07-22 10:00:00+00:00,60237.66
2026-07-22 11:00:00+00:00,58913.59
2026-07-22 12:00:00+00:00,57166.61
2026-07-22 13:00:00+00:00,54898.73
2026-07-22 14:00:00+00:00,54620.25
2026-07-22 15:00:00+00:00,55614.71
2026-07-22 16:00:00+00:00,56229.59
2026-07-22 17:00:00+00:00,56151.9
2026-07-22 18:00:00+00:00,54460.78
2026-07-22 19:00:00+00:00,52934.51
2026-07-22 20:00:00+00:00,50946.92
2026-07-22 21:00:00+00:00,47850.57
2026-07-22 22:00:00+00:00,46077.49
2026-07-22 23:00:00+00:00,44484.75
2026-07-23 00:00:00+00:00,43024.22
2026-07-23 01:00:00+00:00,42527.71
2026-07-23 02:00:00+00:00,43223.45
2026-07-23 03:00:00+00:00,46372.34
2026-07-23 04:00:00+00:00,51635.05
2026-07-23 05:00:00+00:00,56405.61
2026-07-23 06:00:00+00:00,58834.6
2026-07-23 07:00:00+00:00,60075.21
2026-07-23 08:00:00+00:00,60663.21
2026-07-23 09:00:00+00:00,60084.27
2026-07-23 10:00:00+00:00,58426.14
2026-07-23 11:00:00+00:00,56107.66
2026-07-23 12:00:00+00:00,54623.81
2026-07-23 13:00:00+00:00,52782.57
2026-07-23 14:00:00+00:00,52163.76
2026-07-23 15:00:00+00:00,52473.16
2026-07-23 16:00:00+00:00,55290.65
2026-07-23 17:00:00+00:00,56732.41
2026-07-23 18:00:00+00:00,55084.41
2026-07-23 19:00:00+00:00,53551.88
2026-07-23 20:00:00+00:00,51300.09
2026-07-23 21:00:00+00:00,48436.81
2026-07-23 22:00:00+00:00,46360.45
2026-07-23 23:00:00+00:00,44725.66
2026-07-24 00:00:00+00:00,44098.49
2026-07-24 01:00:00+00:00,44277.47
2026-07-24 02:00:00+00:00,45297.79
2026-07-24 03:00:00+00:00,47644.94
2026-07-24 04:00:00+00:00,52804.89
2026-07-24 05:00:00+00:00,57525.61
2026-07-24 06:00:00+00:00,60145.23
2026-07-24 07:00:00+00:00,58896.55
2026-07-24 08:00:00+00:00,57845.29
2026-07-24 09:00:00+00:00,56799.46
2026-07-24 10:00:00+00:00,55973.55
2026-07-24 11:00:00+00:00,54043.34
2026-07-24 12:00:00+00:00,52012.42
2026-07-24 13:00:00+00:00,51165.07
2026-07-24 14:00:00+00:00,51247.4
2026-07-24 15:00:00+00:00,52432.44
2026-07-24 16:00:00+00:00,54406.47
2026-07-24 17:00:00+00:00,55330.06
2026-07-24 18:00:00+00:00,53433.63
2026-07-24 19:00:00+00:00,51478.32
2026-07-24 20:00:00+00:00,49215.5
2026-07-24 21:00:00+00:00,46302.48
2026-07-24 22:00:00+00:00,44538.19
2026-07-24 23:00:00+00:00,42813.12
2026-07-25 00:00:00+00:00,41881.56
2026-07-25 01:00:00+00:00,41577.58
2026-07-25 02:00:00+00:00,40993.27
2026-07-25 03:00:00+00:00,41201.12
2026-07-25 04:00:00+00:00,42513.01
2026-07-25 05:00:00+00:00,44720.92
2026-07-25 06:00:00+00:00,46193.02
2026-07-25 07:00:00+00:00,46892.01
2026-07-25 08:00:00+00:00,47639.03
2026-07-25 09:00:00+00:00,47365.89
2026-07-25 10:00:00+00:00,46197.88
2026-07-25 11:00:00+00:00,45508.37
2026-07-25 12:00:00+00:00,44586.86
2026-07-25 13:00:00+00:00,44290.21
2026-07-25 14:00:00+00:00,44573.94
2026-07-25 15:00:00+00:00,45176.75
2026-07-25 16:00:00+00:00,47110.99
2026-07-25 17:00:00+00:00,48186.95
2026-07-25 18:00:00+00:00,47551.2
2026-07-25 19:00:00+00:00,45064.23
2026-07-25 20:00:00+00:00,44077.37
2026-07-25 21:00:00+00:00,42368.53
2026-07-25 22:00:00+00:00,40769.74
2026-07-25 23:00:00+00:00,39101.15
2026-07-26 00:00:00+00:00,38343.42
2026-07-26 01:00:00+00:00,37894.94
2026-07-26 02:00:00+00:00,37442.7
2026-07-26 03:00:00+00:00,37331.88
2026-07-26 04:00:00+00:00,38437.87
2026-07-26 05:00:00+00:00,39743.72
2026-07-26 06:00:00+00:00,42618.4
2026-07-26 07:00:00+00:00,43136.13
2026-07-26 08:00:00+00:00,44019.01
2026-07-26 09:00:00+00:00,45900.3
2026-07-26 10:00:00+00:00,46482.59
2026-07-26 11:00:00+00:00,45207.46
2026-07-26 12:00:00+00:00,45592.22
2026-07-26 13:00:00+00:00,44785.72
2026-07-26 14:00:00+00:00,44340.92
2026-07-26 15:00:00+00:00,46636.3
2026-07-26 16:00:00+00:00,47497.46
2026-07-26 17:00:00+00:00,47228.27
2026-07-26 18:00:00+00:00,46186.12
2026-07-26 19:00:00+00:00,45306.28
2026-07-26 20:00:00+00:00,43957.2
2026-07-26 21:00:00+00:00,42379.08
2026-07-26 22:00:00+00:00,40785.15
2026-07-26 23:00:00+00:00,39083.13
2026-07-27 00:00:00+00:00,38231.05
2026-07-27 01:00:00+00:00,38440.98
2026-07-27 02:00:00+00:00,38934.94
2026-07-27 03:00:00+00:00,42859.13
2026-07-27 04:00:00+00:00,48731.7
2026-07-27 05:00:00+00:00,52900.16
2026-07-27 06:00:00+00:00,56532.51
2026-07-27 07:00:00+00:00,58499.79
2026-07-27 08:00:00+00:00,59011.29
2026-07-27 09:00:00+00:00,58662.86
2026-07-27 10:00:00+00:00,57963.47
2026-07-27 11:00:00+00:00,56983.68
2026-07-27 12:00:00+00:00,56514.67
2026-07-27 13:00:00+00:00,55302.39
2026-07-27 14:00:00+00:00,54986.38
2026-07-27 15:00:00+00:00,54433.48
2026-07-27 16:00:00+00:00,55316.87
2026-07-27 17:00:00+00:00,55615.86
2026-07-27 18:00:00+00:00,54204.66
2026-07-27 19:00:00+00:00,52773.22
2026-07-27 20:00:00+00:00,50334.11
2026-07-27 21:00:00+00:00,47544.73
2026-07-27 22:00:00+00:00,45560.25
2026-07-27 23:00:00+00:00,44432.34
2026-07-28 00:00:00+00:00,43631.03
2026-07-28 01:00:00+00:00,43513.73
2026-07-28 02:00:00+00:00,44192.9
2026-07-28 03:00:00+00:00,46998.94
2026-07-28 04:00:00+00:00,51546.08
2026-07-28 05:00:00+00:00,56878.19
2026-07-28 06:00:00+00:00,59061.64
2026-07-28 07:00:00+00:00,59041.62
2026-07-28 08:00:00+00:00,57449.91
2026-07-28 09:00:00+00:00,56834.27
2026-07-28 10:00:00+00:00,56984.08
2026-07-28 11:00:00+00:00,55958.32
2026-07-28 12:00:00+00:00,54226.08
2026-07-28 13:00:00+00:00,52944.44
2026-07-28 14:00:00+00:00,52406.94
2026-07-28 15:00:00+00:00,54096.26
2026-07-28 16:00:00+00:00,57472.32
2026-07-28 17:00:00+00:00,58661.15
2026-07-28 18:00:00+00:00,57131.55
2026-07-28 19:00:00+00:00,55060.51
2026-07-28 20:00:00+00:00,52391.69
2026-07-28 21:00:00+00:00,49093.06
2026-07-28 22:00:00+00:00,46976.13
2026-07-28 23:00:00+00:00,45981.63
2026-07-29 00:00:00+00:00,45527.87
2026-07-29 01:00:00+00:00,44722.68
2026-07-29 02:00:00+00:00,45438.94
2026-07-29 03:00:00+00:00,48063.57
2026-07-29 04:00:00+00:00,53306.89
2026-07-29 05:00:00+00:00,57845.97
2026-07-29 06:00:00+00:00,59114.07
2026-07-29 07:00:00+00:00,58497.64
2026-07-29 08:00:00+00:00,57360.69
2026-07-29 09:00:00+00:00,56981.15
2026-07-29 10:00:00+00:00,57085.09
2026-07-29 11:00:00+00:00,56630.57
2026-07-29 12:00:00+00:00,55222.46
2026-07-29 13:00:00+00:00,54103.56
2026-07-29 14:00:00+00:00,54852.69
2026-07-29 15:00:00+00:00,56635.75
2026-07-29 16:00:00+00:00,59394.83
2026-07-29 17:00:00+00:00,59421.65
2026-07-29 18:00:00+00:00,57160.38
2026-07-29 19:00:00+00:00,56088.88
2026-07-29 20:00:00+00:00,53954.95
2026-07-29 21:00:00+00:00,50981.37
2026-07-29 22:00:00+00:00,47951.35
2026-07-29 23:00:00+00:00,46134.39
2026-07-30 00:00:00+00:00,44736.02
2026-07-30 01:00:00+00:00,45057.9
2026-07-30 02:00:00+00:00,45191.07
2026-07-30 03:00:00+00:00,48387.12
2026-07-30 04:00:00+00:00,53780.88
2026-07-30 05:00:00+00:00,57281.57
2026-07-30 06:00:00+00:00,59842.83
2026-07-30 07:00:00+00:00,60622.94
2026-07-30 08:00:00+00:00,59980.8
2026-07-30 09:00:00+00:00,60130.32
2026-07-30 10:00:00+00:00,60034.64
2026-07-30 11:00:00+00:00,59184.52
2026-07-30 12:00:00+00:00,57554.54
2026-07-30 13:00:00+00:00,56807.53
2026-07-30 14:00:00+00:00,59034.46
2026-07-30 15:00:00+00:00,60232.81
2026-07-30 16:00:00+00:00,61942.71
2026-07-30 17:00:00+00:00,60621.04
2026-07-30 18:00:00+00:00,58255.91
2026-07-30 19:00:00+00:00,57213.91
2026-07-30 20:00:00+00:00,52997.25
2026-07-30 21:00:00+00:00,49435.12
2026-07-30 22:00:00+00:00,47030.98
2026-07-30 23:00:00+00:00,45815.44
2026-07-31 00:00:00+00:00,45220.8
2026-07-31 01:00:00+00:00,45294.01
2026-07-31 02:00:00+00:00,46072.61
2026-07-31 03:00:00+00:00,47904.79
2026-07-31 04:00:00+00:00,53170.31
2026-07-31 05:00:00+00:00,57118.28
2026-07-31 06:00:00+00:00,59628.6
2026-07-31 07:00:00+00:00,59323.96
2026-07-31 08:00:00+00:00,58067.76
2026-07-31 09:00:00+00:00,56474.53
2026-07-31 10:00:00+00:00,54961.01
2026-07-31 11:00:00+00:00,53952.75
2026-07-31 12:00:00+00:00,53246.27
2026-07-31 13:00:00+00:00,53663.83
2026-07-31 14:00:00+00:00,54636.0
2026-07-31 15:00:00+00:00,56814.22
2026-07-31 16:00:00+00:00,57447.79
2026-07-31 17:00:00+00:00,56194.42
2026-07-31 18:00:00+00:00,54657.06
2026-07-31 19:00:00+00:00,53106.46
2026-07-31 20:00:00+00:00,50134.69
2026-07-31 21:00:00+00:00,47066.58
2026-07-31 22:00:00+00:00,45216.75
2026-07-31 23:00:00+00:00,43993.81
2026-08-01 00:00:00+00:00,43276.31
2026-08-01 01:00:00+00:00,41819.17
2026-08-01 02:00:00+00:00,41856.61
2026-08-01 03:00:00+00:00,41817.77
2026-08-01 04:00:00+00:00,42120.88
2026-08-01 05:00:00+00:00,44202.43
2026-08-01 06:00:00+00:00,47389.55
2026-08-01 07:00:00+00:00,49736.63
2026-08-01 08:00:00+00:00,49350.0
2026-08-01 09:00:00+00:00,49231.2
2026-08-01 10:00:00+00:00,47624.81
2026-08-01 11:00:00+00:00,46540.45
2026-08-01 12:00:00+00:00,44645.59
2026-08-01 13:00:00+00:00,43195.75
2026-08-01 14:00:00+00:00,43248.56
2026-08-01 15:00:00+00:00,44444.88
2026-08-01 16:00:00+00:00,47119.64
2026-08-01 17:00:00+00:00,48006.03
2026-08-01 18:00:00+00:00,46744.48
2026-08-01 19:00:00+00:00,45639.98
2026-08-01 20:00:00+00:00,44234.94
2026-08-01 21:00:00+00:00,41920.14
2026-08-01 22:00:00+00:00,40182.09
2026-08-01 23:00:00+00:00,38275.34
2026-08-02 00:00:00+00:00,37369.94
2026-08-02 01:00:00+00:00,36929.51
2026-08-02 02:00:00+00:00,36845.84
2026-08-02 03:00:00+00:00,36842.26
2026-08-02 04:00:00+00:00,37387.98
2026-08-02 05:00:00+00:00,38647.45
2026-08-02 06:00:00+00:00,40336.27
2026-08-02 07:00:00+00:00,42203.77
2026-08-02 08:00:00+00:00,42545.19
2026-08-02 09:00:00+00:00,43569.85
2026-08-02 10:00:00+00:00,43478.77
2026-08-02 11:00:00+00:00,42755.03
2026-08-02 12:00:00+00:00,40871.43
2026-08-02 13:00:00+00:00,40063.51
2026-08-02 14:00:00+00:00,40208.24
2026-08-02 15:00:00+00:00,41703.15
2026-08-02 16:00:00+00:00,44315.02
2026-08-02 17:00:00+00:00,45944.59
2026-08-02 18:00:00+00:00,46175.49
2026-08-02 19:00:00+00:00,44797.69
2026-08-02 20:00:00+00:00,44072.05
2026-08-02 21:00:00+00:00,41725.44
2026-08-02 22:00:00+00:00,39649.5
2026-08-02 23:00:00+00:00,38676.94
2026-08-03 00:00:00+00:00,38232.7
2026-08-03 01:00:00+00:00,38176.7
2026-08-03 02:00:00+00:00,39060.67
2026-08-03 03:00:00+00:00,42285.46
2026-08-03 04:00:00+00:00,48641.09
2026-08-03 05:00:00+00:00,53412.72
2026-08-03 06:00:00+00:00,56391.94
2026-08-03 07:00:00+00:00,56773.33
2026-08-03 08:00:00+00:00,56314.25
2026-08-03 09:00:00+00:00,56545.23
2026-08-03 10:00:00+00:00,55627.17
2026-08-03 11:00:00+00:00,55322.97
2026-08-03 12:00:00+00:00,54644.16
2026-08-03 13:00:00+00:00,54948.32
2026-08-03 14:00:00+00:00,55756.7
2026-08-03 15:00:00+00:00,57062.07
2026-08-03 16:00:00+00:00,57769.09
2026-08-03 17:00:00+00:00,57057.21
2026-08-03 18:00:00+00:00,55037.64
2026-08-03 19:00:00+00:00,53325.93
2026-08-03 20:00:00+00:00,49845.34
2026-08-03 21:00:00+00:00,47036.83
2026-08-03 22:00:00+00:00,45208.85
2026-08-03 23:00:00+00:00,44315.61
2026-08-04 00:00:00+00:00,43881.06
2026-08-04 01:00:00+00:00,43326.35
2026-08-04 02:00:00+00:00,43513.78
2026-08-04 03:00:00+00:00,45344.95
2026-08-04 04:00:00+00:00,50002.0
2026-08-04 05:00:00+00:00,55987.54
2026-08-04 06:00:00+00:00,60148.4
2026-08-04 07:00:00+00:00,60791.68
2026-08-04 08:00:00+00:00,59921.28
2026-08-04 09:00:00+00:00,59057.77
2026-08-04 10:00:00+00:00,59324.27
2026-08-04 11:00:00+00:00,58136.52
2026-08-04 12:00:00+00:00,56471.6
2026-08-04 13:00:00+00:00,54771.73
2026-08-04 14:00:00+00:00,54975.56
2026-08-04 15:00:00+00:00,55671.69
2026-08-04 16:00:00+00:00,56644.7
2026-08-04 17:00:00+00:00,55915.16
2026-08-04 18:00:00+00:00,54195.99
2026-08-04 19:00:00+00:00,53379.0
2026-08-04 20:00:00+00:00,49825.49
2026-08-04 21:00:00+00:00,46372.29
2026-08-04 22:00:00+00:00,44350.44
2026-08-04 23:00:00+00:00,42857.8
2026-08-05 00:00:00+00:00,42245.57
2026-08-05 01:00:00+00:00,41400.76
2026-08-05 02:00:00+00:00,42651.74
2026-08-05 03:00:00+00:00,45027.85
2026-08-05 04:00:00+00:00,49077.17
2026-08-05 05:00:00+00:00,54045.04
2026-08-05 06:00:00+00:00,57046.71
2026-08-05 07:00:00+00:00,58684.16
2026-08-05 08:00:00+00:00,59167.09
2026-08-05 09:00:00+00:00,59380.41
2026-08-05 10:00:00+00:00,60393.51
2026-08-05 11:00:00+00:00,60579.5
2026-08-05 12:00:00+00:00,58747.1
2026-08-05 13:00:00+00:00,57279.58
2026-08-05 14:00:00+00:00,57122.29
2026-08-05 15:00:00+00:00,56819.87
2026-08-05 16:00:00+00:00,56348.87
2026-08-05 17:00:00+00:00,55710.98
2026-08-05 18:00:00+00:00,53964.17
2026-08-05 19:00:00+00:00,51730.05
2026-08-05 20:00:00+00:00,48770.22
2026-08-05 21:00:00+00:00,45920.18
2026-08-05 22:00:00+00:00,43969.2
2026-08-05 23:00:00+00:00,42564.67
2026-08-06 00:00:00+00:00,41972.42
2026-08-06 01:00:00+00:00,41843.86
2026-08-06 02:00:00+00:00,42310.76
2026-08-06 03:00:00+00:00,44385.28
2026-08-06 04:00:00+00:00,48446.2
2026-08-06 05:00:00+00:00,54026.22
2026-08-06 06:00:00+00:00,57820.56
2026-08-06 07:00:00+00:00,58885.57
2026-08-06 08:00:00+00:00,59247.17
2026-08-06 09:00:00+00:00,59756.26
2026-08-06 10:00:00+00:00,59597.12
2026-08-06 11:00:00+00:00,58268.27
2026-08-06 12:00:00+00:00,57187.67
2026-08-06 13:00:00+00:00,55950.88
2026-08-06 14:00:00+00:00,54784.66
2026-08-06 15:00:00+00:00,55150.78
2026-08-06 16:00:00+00:00,54138.7
2026-08-06 17:00:00+00:00,53538.56
2026-08-06 18:00:00+00:00,49968.43
2026-08-06 19:00:00+00:00,48531.74
2026-08-06 20:00:00+00:00,45952.14
2026-08-06 21:00:00+00:00,42723.44
2026-08-06 22:00:00+00:00,41018.99
2026-08-06 23:00:00+00:00,40560.29
2026-08-07 00:00:00+00:00,39718.77
2026-08-07 01:00:00+00:00,39757.95
2026-08-07 02:00:00+00:00,40841.98
2026-08-07 03:00:00+00:00,42860.15
2026-08-07 04:00:00+00:00,47270.33
2026-08-07 05:00:00+00:00,51867.76
2026-08-07 06:00:00+00:00,54665.33
2026-08-07 07:00:00+00:00,57553.12
2026-08-07 08:00:00+00:00,57194.21
2026-08-07 09:00:00+00:00,55680.32
2026-08-07 10:00:00+00:00,54873.14
2026-08-07 11:00:00+00:00,53331.14
2026-08-07 12:00:00+00:00,52385.8
2026-08-07 13:00:00+00:00,51357.85
2026-08-07 14:00:00+00:00,51579.24
2026-08-07 15:00:00+00:00,51494.09
2026-08-07 16:00:00+00:00,52632.52
2026-08-07 17:00:00+00:00,53669.47
2026-08-07 18:00:00+00:00,48589.05
2026-08-07 19:00:00+00:00,46515.57
2026-08-07 20:00:00+00:00,43657.88
2026-08-07 21:00:00+00:00,41529.24
2026-08-07 22:00:00+00:00,40236.39
2026-08-07 23:00:00+00:00,39278.68
2026-08-08 00:00:00+00:00,38080.91
2026-08-08 01:00:00+00:00,37632.79
2026-08-08 02:00:00+00:00,37829.68
2026-08-08 03:00:00+00:00,38715.27
2026-08-08 04:00:00+00:00,39939.0
2026-08-08 05:00:00+00:00,42134.64
2026-08-08 06:00:00+00:00,44691.48
2026-08-08 07:00:00+00:00,45268.51
2026-08-08 08:00:00+00:00,45253.09
2026-08-08 09:00:00+00:00,46351.4
2026-08-08 10:00:00+00:00,45555.05
2026-08-08 11:00:00+00:00,44665.87
2026-08-08 12:00:00+00:00,43697.27
2026-08-08 13:00:00+00:00,43037.59
2026-08-08 14:00:00+00:00,43398.46
2026-08-08 15:00:00+00:00,44059.98
2026-08-08 16:00:00+00:00,45415.3
2026-08-08 17:00:00+00:00,46703.52
2026-08-08 18:00:00+00:00,45338.66
2026-08-08 19:00:00+00:00,43296.52
2026-08-08 20:00:00+00:00,41203.28
2026-08-08 21:00:00+00:00,39352.99
2026-08-08 22:00:00+00:00,37451.99
2026-08-08 23:00:00+00:00,36562.34
2026-08-09 00:00:00+00:00,35733.91
2026-08-09 01:00:00+00:00,35206.54
2026-08-09 02:00:00+00:00,35316.3
2026-08-09 03:00:00+00:00,35309.09
2026-08-09 04:00:00+00:00,35907.13
2026-08-09 05:00:00+00:00,37825.34
2026-08-09 06:00:00+00:00,39868.54
2026-08-09 07:00:00+00:00,41661.41
2026-08-09 08:00:00+00:00,42434.49
2026-08-09 09:00:00+00:00,43802.09
2026-08-09 10:00:00+00:00,43318.79
2026-08-09 11:00:00+00:00,42602.06
2026-08-09 12:00:00+00:00,40681.5
2026-08-09 13:00:00+00:00,40343.55
2026-08-09 14:00:00+00:00,41397.26
2026-08-09 15:00:00+00:00,42831.1
2026-08-09 16:00:00+00:00,45744.12
2026-08-09 17:00:00+00:00,45499.48
2026-08-09 18:00:00+00:00,44956.98
2026-08-09 19:00:00+00:00,43845.68
2026-08-09 20:00:00+00:00,42837.56
2026-08-09 21:00:00+00:00,40773.85
2026-08-09 22:00:00+00:00,40107.57
2026-08-09 23:00:00+00:00,39026.6
2026-08-10 00:00:00+00:00,37833.32
2026-08-10 01:00:00+00:00,38361.52
2026-08-10 02:00:00+00:00,38730.18
2026-08-10 03:00:00+00:00,41357.4
2026-08-10 04:00:00+00:00,46865.12
2026-08-10 05:00:00+00:00,51550.62
2026-08-10 06:00:00+00:00,54763.27
2026-08-10 07:00:00+00:00,56289.61
2026-08-10 08:00:00+00:00,57333.21
2026-08-10 09:00:00+00:00,58432.11
2026-08-10 10:00:00+00:00,57476.47
2026-08-10 11:00:00+00:00,58085.44
2026-08-10 12:00:00+00:00,57205.58
2026-08-10 13:00:00+00:00,56873.8
2026-08-10 14:00:00+00:00,55716.94
2026-08-10 15:00:00+00:00,55041.13
2026-08-10 16:00:00+00:00,54050.63
2026-08-10 17:00:00+00:00,53504.03
2026-08-10 18:00:00+00:00,50707.77
2026-08-10 19:00:00+00:00,50051.82
2026-08-10 20:00:00+00:00,48091.54
2026-08-10 21:00:00+00:00,45202.98
2026-08-10 22:00:00+00:00,43718.35
2026-08-10 23:00:00+00:00,42206.33
2026-08-11 00:00:00+00:00,41528.99
2026-08-11 01:00:00+00:00,41334.61
2026-08-11 02:00:00+00:00,41861.65
2026-08-11 03:00:00+00:00,44239.96
2026-08-11 04:00:00+00:00,48901.84
2026-08-11 05:00:00+00:00,53109.4
2026-08-11 06:00:00+00:00,55541.61
2026-08-11 07:00:00+00:00,55627.16
2026-08-11 08:00:00+00:00,55967.07
2026-08-11 09:00:00+00:00,56179.21
2026-08-11 10:00:00+00:00,55605.59
2026-08-11 11:00:00+00:00,55298.85
2026-08-11 12:00:00+00:00,52546.41
2026-08-11 13:00:00+00:00,51229.64
2026-08-11 14:00:00+00:00,51492.52
2026-08-11 15:00:00+00:00,51445.53
2026-08-11 16:00:00+00:00,52825.98
2026-08-11 17:00:00+00:00,52491.85
2026-08-11 18:00:00+00:00,51101.94
2026-08-11 19:00:00+00:00,49430.49
2026-08-11 20:00:00+00:00,46845.53
2026-08-11 21:00:00+00:00,43794.36
2026-08-11 22:00:00+00:00,41975.21
2026-08-11 23:00:00+00:00,40441.48
2026-08-12 00:00:00+00:00,39735.1
2026-08-12 01:00:00+00:00,39735.68
2026-08-12 02:00:00+00:00,40505.46
2026-08-12 03:00:00+00:00,42784.24
2026-08-12 04:00:00+00:00,48337.22
2026-08-12 05:00:00+00:00,52171.23
2026-08-12 06:00:00+00:00,54657.08
2026-08-12 07:00:00+00:00,56630.74
2026-08-12 08:00:00+00:00,55801.38
2026-08-12 09:00:00+00:00,55981.22
2026-08-12 10:00:00+00:00,55195.43
2026-08-12 11:00:00+00:00,54002.55
2026-08-12 12:00:00+00:00,52714.76
2026-08-12 13:00:00+00:00,52168.68
2026-08-12 14:00:00+00:00,52376.29
2026-08-12 15:00:00+00:00,53173.69
2026-08-12 16:00:00+00:00,53847.09
2026-08-12 17:00:00+00:00,53352.53
2026-08-12 18:00:00+00:00,51430.04
2026-08-12 19:00:00+00:00,49706.18
2026-08-12 20:00:00+00:00,47212.94
2026-08-12 21:00:00+00:00,44946.54
2026-08-12 22:00:00+00:00,43787.53
2026-08-12 23:00:00+00:00,42802.13
2026-08-13 00:00:00+00:00,41286.39
2026-08-13 01:00:00+00:00,41458.06
2026-08-13 02:00:00+00:00,42015.94
2026-08-13 03:00:00+00:00,43793.64
2026-08-13 04:00:00+00:00,48196.84
2026-08-13 05:00:00+00:00,51290.39
2026-08-13 06:00:00+00:00,53812.18
2026-08-13 07:00:00+00:00,55159.24
2026-08-13 08:00:00+00:00,55174.3
2026-08-13 09:00:00+00:00,55037.36
2026-08-13 10:00:00+00:00,56141.94
2026-08-13 11:00:00+00:00,55429.11
2026-08-13 12:00:00+00:00,53426.26
2026-08-13 13:00:00+00:00,52635.84
2026-08-13 14:00:00+00:00,53042.59
2026-08-13 15:00:00+00:00,53860.45
2026-08-13 16:00:00+00:00,54171.7
2026-08-13 17:00:00+00:00,53194.51
2026-08-13 18:00:00+00:00,51078.44
2026-08-13 19:00:00+00:00,49755.54
2026-08-13 20:00:00+00:00,46820.33
2026-08-13 21:00:00+00:00,44901.26
2026-08-13 22:00:00+00:00,42360.54
2026-08-13 23:00:00+00:00,41799.3
2026-08-14 00:00:00+00:00,41778.36
2026-08-14 01:00:00+00:00,40235.15
2026-08-14 02:00:00+00:00,40396.54
2026-08-14 03:00:00+00:00,42788.04
2026-08-14 04:00:00+00:00,47467.15
2026-08-14 05:00:00+00:00,52030.27
2026-08-14 06:00:00+00:00,54911.77
2026-08-14 07:00:00+00:00,56789.43
2026-08-14 08:00:00+00:00,56478.9
2026-08-14 09:00:00+00:00,56647.91
2026-08-14 10:00:00+00:00,56320.14
2026-08-14 11:00:00+00:00,55377.42
2026-08-14 12:00:00+00:00,53870.8
2026-08-14 13:00:00+00:00,52849.6
2026-08-14 14:00:00+00:00,53160.92
2026-08-14 15:00:00+00:00,52431.41
2026-08-14 16:00:00+00:00,53286.76
2026-08-14 17:00:00+00:00,52918.47
2026-08-14 18:00:00+00:00,50743.56
2026-08-14 19:00:00+00:00,48492.5
2026-08-14 20:00:00+00:00,45497.44
2026-08-14 21:00:00+00:00,43656.51
2026-08-14 22:00:00+00:00,40350.63
2026-08-14 23:00:00+00:00,38502.82
2026-08-15 00:00:00+00:00,37565.98
2026-08-15 01:00:00+00:00,37231.37
2026-08-15 02:00:00+00:00,36992.92
2026-08-15 03:00:00+00:00,37606.66
2026-08-15 04:00:00+00:00,38988.66
2026-08-15 05:00:00+00:00,42416.48
2026-08-15 06:00:00+00:00,45587.08
2026-08-15 07:00:00+00:00,48098.74
2026-08-15 08:00:00+00:00,48802.43
2026-08-15 09:00:00+00:00,49499.31
2026-08-15 10:00:00+00:00,48733.19
2026-08-15 11:00:00+00:00,48137.83
2026-08-15 12:00:00+00:00,48276.65
2026-08-15 13:00:00+00:00,48321.18
2026-08-15 14:00:00+00:00,49253.81
2026-08-15 15:00:00+00:00,48969.28
2026-08-15 16:00:00+00:00,49026.92
2026-08-15 17:00:00+00:00,48529.89
2026-08-15 18:00:00+00:00,46838.1
2026-08-15 19:00:00+00:00,46015.93
2026-08-15 20:00:00+00:00,43972.74
2026-08-15 21:00:00+00:00,42463.77
2026-08-15 22:00:00+00:00,41275.71
2026-08-15 23:00:00+00:00,39982.88
2026-08-16 00:00:00+00:00,39146.44
2026-08-16 01:00:00+00:00,38059.45
2026-08-16 02:00:00+00:00,38086.5
2026-08-16 03:00:00+00:00,38720.95
2026-08-16 04:00:00+00:00,39154.24
2026-08-16 05:00:00+00:00,40952.7
2026-08-16 06:00:00+00:00,42917.59
2026-08-16 07:00:00+00:00,45834.59
2026-08-16 08:00:00+00:00,46565.11
2026-08-16 09:00:00+00:00,46803.23
2026-08-16 10:00:00+00:00,45371.21
2026-08-16 11:00:00+00:00,44736.66
2026-08-16 12:00:00+00:00,42170.91
2026-08-16 13:00:00+00:00,42079.85
2026-08-16 14:00:00+00:00,42856.86
2026-08-16 15:00:00+00:00,43870.59
2026-08-16 16:00:00+00:00,45115.12
2026-08-16 17:00:00+00:00,45310.84
2026-08-16 18:00:00+00:00,44447.55
2026-08-16 19:00:00+00:00,42989.88
2026-08-16 20:00:00+00:00,41327.33
2026-08-16 21:00:00+00:00,39144.12
2026-08-16 22:00:00+00:00,38514.23
2026-08-16 23:00:00+00:00,37769.22
2026-08-17 00:00:00+00:00,37605.58
2026-08-17 01:00:00+00:00,38213.25
2026-08-17 02:00:00+00:00,39551.19
2026-08-17 03:00:00+00:00,42525.26
2026-08-17 04:00:00+00:00,47530.95
2026-08-17 05:00:00+00:00,51849.42
2026-08-17 06:00:00+00:00,54423.17
2026-08-17 07:00:00+00:00,56860.56
2026-08-17 08:00:00+00:00,58037.25
2026-08-17 09:00:00+00:00,59144.16
2026-08-17 10:00:00+00:00,59083.04
2026-08-17 11:00:00+00:00,58049.32
2026-08-17 12:00:00+00:00,55791.47
2026-08-17 13:00:00+00:00,54876.06
2026-08-17 14:00:00+00:00,53120.93
2026-08-17 15:00:00+00:00,53047.35
2026-08-17 16:00:00+00:00,53404.33
2026-08-17 17:00:00+00:00,52057.78
2026-08-17 18:00:00+00:00,50040.42
2026-08-17 19:00:00+00:00,47781.42
2026-08-17 20:00:00+00:00,45401.25
2026-08-17 21:00:00+00:00,43479.78
2026-08-17 22:00:00+00:00,41654.35
2026-08-17 23:00:00+00:00,40720.43
2026-08-18 00:00:00+00:00,39744.83
2026-08-18 01:00:00+00:00,41004.3
2026-08-18 02:00:00+00:00,41746.06
2026-08-18 03:00:00+00:00,44264.22
2026-08-18 04:00:00+00:00,49179.65
2026-08-18 05:00:00+00:00,52998.96
2026-08-18 06:00:00+00:00,56528.37
2026-08-18 07:00:00+00:00,57682.56
2026-08-18 08:00:00+00:00,58242.54
2026-08-18 09:00:00+00:00,57422.62
2026-08-18 10:00:00+00:00,57473.97
2026-08-18 11:00:00+00:00,56250.85
2026-08-18 12:00:00+00:00,55283.9
2026-08-18 13:00:00+00:00,54622.82
2026-08-18 14:00:00+00:00,54140.14
2026-08-18 15:00:00+00:00,54871.59
2026-08-18 16:00:00+00:00,55412.24
2026-08-18 17:00:00+00:00,54049.03
2026-08-18 18:00:00+00:00,51813.14
2026-08-18 19:00:00+00:00,50110.2
2026-08-18 20:00:00+00:00,46894.08
2026-08-18 21:00:00+00:00,43907.44
2026-08-18 22:00:00+00:00,42313.59
2026-08-18 23:00:00+00:00,41048.56
2026-08-19 00:00:00+00:00,40463.01
2026-08-19 01:00:00+00:00,40769.54
2026-08-19 02:00:00+00:00,41925.17
2026-08-19 03:00:00+00:00,44709.21
2026-08-19 04:00:00+00:00,49945.48
2026-08-19 05:00:00+00:00,53468.05
2026-08-19 06:00:00+00:00,57984.77
2026-08-19 07:00:00+00:00,58823.25
2026-08-19 08:00:00+00:00,58807.53
2026-08-19 09:00:00+00:00,58379.38
2026-08-19 10:00:00+00:00,58099.45
2026-08-19 11:00:00+00:00,57675.99
2026-08-19 12:00:00+00:00,54823.56
2026-08-19 13:00:00+00:00,53600.91
2026-08-19 14:00:00+00:00,52236.49
2026-08-19 15:00:00+00:00,52764.03
2026-08-19 16:00:00+00:00,53216.25
2026-08-19 17:00:00+00:00,51576.74
2026-08-19 18:00:00+00:00,50320.82
2026-08-19 19:00:00+00:00,48554.22
2026-08-19 20:00:00+00:00,45173.34
2026-08-19 21:00:00+00:00,42671.34
2026-08-19 22:00:00+00:00,40353.98
2026-08-19 23:00:00+00:00,38553.7
2026-08-20 00:00:00+00:00,37539.34
2026-08-20 01:00:00+00:00,37369.28
2026-08-20 02:00:00+00:00,39502.89
2026-08-20 03:00:00+00:00,42008.82
2026-08-20 04:00:00+00:00,47338.1
2026-08-20 05:00:00+00:00,50717.76
2026-08-20 06:00:00+00:00,53911.35
2026-08-20 07:00:00+00:00,55977.15
2026-08-20 08:00:00+00:00,57336.19
2026-08-20 09:00:00+00:00,57589.21
2026-08-20 10:00:00+00:00,55096.39
2026-08-20 11:00:00+00:00,53108.49
2026-08-20 12:00:00+00:00,51867.27
2026-08-20 13:00:00+00:00,52238.29
2026-08-20 14:00:00+00:00,50096.78
2026-08-20 15:00:00+00:00,51002.98
2026-08-20 16:00:00+00:00,52415.71
2026-08-20 17:00:00+00:00,51302.5
2026-08-20 18:00:00+00:00,49191.62
2026-08-20 19:00:00+00:00,47542.49
2026-08-20 20:00:00+00:00,44098.77
2026-08-20 21:00:00+00:00,41702.47
2026-08-20 22:00:00+00:00,39445.54
2026-08-20 23:00:00+00:00,37712.38
2026-08-21 00:00:00+00:00,36797.2
2026-08-21 01:00:00+00:00,37424.23
2026-08-21 02:00:00+00:00,37773.96
2026-08-21 03:00:00+00:00,41195.04
2026-08-21 04:00:00+00:00,46246.9
2026-08-21 05:00:00+00:00,50077.3
2026-08-21 06:00:00+00:00,54199.25
2026-08-21 07:00:00+00:00,55648.58
2026-08-21 08:00:00+00:00,56016.32
2026-08-21 09:00:00+00:00,55958.95
2026-08-21 10:00:00+00:00,55571.06
2026-08-21 11:00:00+00:00,54611.7
2026-08-21 12:00:00+00:00,53483.03
2026-08-21 13:00:00+00:00,52195.29
2026-08-21 14:00:00+00:00,51595.95
2026-08-21 15:00:00+00:00,52090.74
2026-08-21 16:00:00+00:00,51763.31
2026-08-21 17:00:00+00:00,50105.97
2026-08-21 18:00:00+00:00,47316.87
2026-08-21 19:00:00+00:00,44872.85
2026-08-21 20:00:00+00:00,43008.08
2026-08-21 21:00:00+00:00,40808.5
2026-08-21 22:00:00+00:00,38612.64
2026-08-21 23:00:00+00:00,37406.86
2026-08-22 00:00:00+00:00,37577.0
2026-08-22 01:00:00+00:00,36975.04
2026-08-22 02:00:00+00:00,37431.52
2026-08-22 03:00:00+00:00,39210.23
2026-08-22 04:00:00+00:00,39895.36
2026-08-22 05:00:00+00:00,42110.11
2026-08-22 06:00:00+00:00,44491.87
2026-08-22 07:00:00+00:00,46918.08
2026-08-22 08:00:00+00:00,48064.44
2026-08-22 09:00:00+00:00,48079.19
2026-08-22 10:00:00+00:00,46156.4
2026-08-22 11:00:00+00:00,44945.59
2026-08-22 12:00:00+00:00,43641.8
2026-08-22 13:00:00+00:00,43127.21
2026-08-22 14:00:00+00:00,42669.67
2026-08-22 15:00:00+00:00,44503.74
2026-08-22 16:00:00+00:00,44404.23
2026-08-22 17:00:00+00:00,44825.24
2026-08-22 18:00:00+00:00,43740.44
2026-08-22 19:00:00+00:00,41767.29
2026-08-22 20:00:00+00:00,39608.8
2026-08-22 21:00:00+00:00,38212.7
2026-08-22 22:00:00+00:00,35952.89
2026-08-22 23:00:00+00:00,35051.41
2026-08-23 00:00:00+00:00,34078.77
2026-08-23 01:00:00+00:00,33661.34
2026-08-23 02:00:00+00:00,33902.22
2026-08-23 03:00:00+00:00,34335.93
2026-08-23 04:00:00+00:00,35046.78
2026-08-23 05:00:00+00:00,36662.96
2026-08-23 06:00:00+00:00,40067.31
2026-08-23 07:00:00+00:00,43266.63
2026-08-23 08:00:00+00:00,44073.86
2026-08-23 09:00:00+00:00,44230.31
2026-08-23 10:00:00+00:00,43576.95
2026-08-23 11:00:00+00:00,42447.2
2026-08-23 12:00:00+00:00,40743.35
2026-08-23 13:00:00+00:00,38970.59
2026-08-23 14:00:00+00:00,39375.34
2026-08-23 15:00:00+00:00,40500.55
2026-08-23 16:00:00+00:00,42275.8
2026-08-23 17:00:00+00:00,41995.11
2026-08-23 18:00:00+00:00,41491.13
2026-08-23 19:00:00+00:00,40657.11
2026-08-23 20:00:00+00:00,39449.72
2026-08-23 21:00:00+00:00,37831.47
2026-08-23 22:00:00+00:00,37045.12
2026-08-23 23:00:00+00:00,36164.68
2026-08-24 00:00:00+00:00,35579.5
2026-08-24 01:00:00+00:00,35890.71
2026-08-24 02:00:00+00:00,36628.67
2026-08-24 03:00:00+00:00,40533.68
2026-08-24 04:00:00+00:00,46495.49
2026-08-24 05:00:00+00:00,51193.24
2026-08-24 06:00:00+00:00,54474.49
2026-08-24 07:00:00+00:00,55496.79
2026-08-24 08:00:00+00:00,55283.36
2026-08-24 09:00:00+00:00,54670.92
2026-08-24 10:00:00+00:00,54492.88
2026-08-24 11:00:00+00:00,54110.6
2026-08-24 12:00:00+00:00,52116.51
2026-08-24 13:00:00+00:00,51030.99
2026-08-24 14:00:00+00:00,51868.09
2026-08-24 15:00:00+00:00,53586.27
2026-08-24 16:00:00+00:00,54599.38
2026-08-24 17:00:00+00:00,54652.15
2026-08-24 18:00:00+00:00,52956.65
2026-08-24 19:00:00+00:00,50799.81
2026-08-24 20:00:00+00:00,47617.42
2026-08-24 21:00:00+00:00,44625.88
2026-08-24 22:00:00+00:00,42324.76
2026-08-24 23:00:00+00:00,40998.74
2026-08-25 00:00:00+00:00,40409.94
2026-08-25 01:00:00+00:00,40722.65
2026-08-25 02:00:00+00:00,40805.2
2026-08-25 03:00:00+00:00,44096.09
2026-08-25 04:00:00+00:00,50593.26
2026-08-25 05:00:00+00:00,53941.06
2026-08-25 06:00:00+00:00,55893.27
2026-08-25 07:00:00+00:00,57316.86
2026-08-25 08:00:00+00:00,57257.77
2026-08-25 09:00:00+00:00,56496.6
2026-08-25 10:00:00+00:00,55393.11
2026-08-25 11:00:00+00:00,55104.01
2026-08-25 12:00:00+00:00,53856.09
2026-08-25 13:00:00+00:00,54206.05
2026-08-25 14:00:00+00:00,54212.91
2026-08-25 15:00:00+00:00,54927.46
2026-08-25 16:00:00+00:00,55529.18
2026-08-25 17:00:00+00:00,54690.72
2026-08-25 18:00:00+00:00,53814.54
2026-08-25 19:00:00+00:00,52224.72
2026-08-25 20:00:00+00:00,48713.43
2026-08-25 21:00:00+00:00,46107.47
2026-08-25 22:00:00+00:00,44195.08
2026-08-25 23:00:00+00:00,43146.57
2026-08-26 00:00:00+00:00,42329.5
2026-08-26 01:00:00+00:00,42435.02
2026-08-26 02:00:00+00:00,42773.29
2026-08-26 03:00:00+00:00,45825.02
2026-08-26 04:00:00+00:00,51571.58
2026-08-26 05:00:00+00:00,55054.33
2026-08-26 06:00:00+00:00,57905.07
2026-08-26 07:00:00+00:00,60252.16
2026-08-26 08:00:00+00:00,60484.32
2026-08-26 09:00:00+00:00,60532.98
2026-08-26 10:00:00+00:00,58828.3
2026-08-26 11:00:00+00:00,56639.52
2026-08-26 12:00:00+00:00,54480.14
2026-08-26 13:00:00+00:00,54053.81
2026-08-26 14:00:00+00:00,53966.04
2026-08-26 15:00:00+00:00,55295.86
2026-08-26 16:00:00+00:00,55688.24
2026-08-26 17:00:00+00:00,54153.28
2026-08-26 18:00:00+00:00,53394.15
2026-08-26 19:00:00+00:00,51599.49
2026-08-26 20:00:00+00:00,48370.72
2026-08-26 21:00:00+00:00,45220.87
2026-08-26 22:00:00+00:00,42936.67
2026-08-26 23:00:00+00:00,42434.75
2026-08-27 00:00:00+00:00,41352.96
2026-08-27 01:00:00+00:00,40103.62
2026-08-27 02:00:00+00:00,40871.43
2026-08-27 03:00:00+00:00,44055.89
2026-08-27 04:00:00+00:00,49413.2
2026-08-27 05:00:00+00:00,53379.97
2026-08-27 06:00:00+00:00,56071.85
2026-08-27 07:00:00+00:00,57220.59
2026-08-27 08:00:00+00:00,58716.98
2026-08-27 09:00:00+00:00,58089.99
2026-08-27 10:00:00+00:00,57410.07
2026-08-27 11:00:00+00:00,56775.5
2026-08-27 12:00:00+00:00,55851.2
2026-08-27 13:00:00+00:00,56081.61
2026-08-27 14:00:00+00:00,55976.01
2026-08-27 15:00:00+00:00,55941.94
2026-08-27 16:00:00+00:00,56757.0
2026-08-27 17:00:00+00:00,55398.1
2026-08-27 18:00:00+00:00,54521.64
2026-08-27 19:00:00+00:00,52255.67
2026-08-27 20:00:00+00:00,48623.87
2026-08-27 21:00:00+00:00,46769.63
2026-08-27 22:00:00+00:00,42209.69
2026-08-27 23:00:00+00:00,40837.66
2026-08-28 00:00:00+00:00,41233.12
2026-08-28 01:00:00+00:00,40674.49
2026-08-28 02:00:00+00:00,40587.27
2026-08-28 03:00:00+00:00,44479.89
2026-08-28 04:00:00+00:00,49813.41
2026-08-28 05:00:00+00:00,52798.87
2026-08-28 06:00:00+00:00,56668.21
2026-08-28 07:00:00+00:00,58624.77
2026-08-28 08:00:00+00:00,57718.7
2026-08-28 09:00:00+00:00,59690.89
2026-08-28 10:00:00+00:00,59308.77
2026-08-28 11:00:00+00:00,57463.69
2026-08-28 12:00:00+00:00,54471.18
2026-08-28 13:00:00+00:00,53402.2
2026-08-28 14:00:00+00:00,53205.27
2026-08-28 15:00:00+00:00,54565.86
2026-08-28 16:00:00+00:00,54669.18
2026-08-28 17:00:00+00:00,53108.66
2026-08-28 18:00:00+00:00,50653.75
2026-08-28 19:00:00+00:00,48379.64
2026-08-28 20:00:00+00:00,46650.72
2026-08-28 21:00:00+00:00,42577.88
2026-08-28 22:00:00+00:00,40180.79
2026-08-28 23:00:00+00:00,39370.7
2026-08-29 00:00:00+00:00,37966.62
2026-08-29 01:00:00+00:00,37576.9
2026-08-29 02:00:00+00:00,37573.9
2026-08-29 03:00:00+00:00,38456.69
2026-08-29 04:00:00+00:00,38839.29
2026-08-29 05:00:00+00:00,41211.29
2026-08-29 06:00:00+00:00,45527.19
2026-08-29 07:00:00+00:00,48731.91
2026-08-29 08:00:00+00:00,49373.86
2026-08-29 09:00:00+00:00,48496.13
2026-08-29 10:00:00+00:00,48310.83
2026-08-29 11:00:00+00:00,45961.44
2026-08-29 12:00:00+00:00,44661.14
2026-08-29 13:00:00+00:00,43465.98
2026-08-29 14:00:00+00:00,44688.67
2026-08-29 15:00:00+00:00,45411.9
2026-08-29 16:00:00+00:00,45777.69
2026-08-29 17:00:00+00:00,45411.01
2026-08-29 18:00:00+00:00,43548.32
2026-08-29 19:00:00+00:00,42476.57
2026-08-29 20:00:00+00:00,40925.04
2026-08-29 21:00:00+00:00,38145.15
2026-08-29 22:00:00+00:00,35751.14
2026-08-29 23:00:00+00:00,34360.48
2026-08-30 00:00:00+00:00,33176.17
2026-08-30 01:00:00+00:00,32607.14
2026-08-30 02:00:00+00:00,33101.03
2026-08-30 03:00:00+00:00,33738.51
2026-08-30 04:00:00+00:00,34501.18
2026-08-30 05:00:00+00:00,36179.17
2026-08-30 06:00:00+00:00,
2026-08-30 07:00:00+00:00,
2026-08-30 08:00:00+00:00,
2026-08-30 09:00:00+00:00,
2026-08-30 10:00:00+00:00,
2026-08-30 11:00:00+00:00,
2026-08-30 12:00:00+00:00,
2026-08-30 13:00:00+00:00,
2026-08-30 14:00:00+00:00,
2026-08-30 15:00:00+00:00,
2026-08-30 16:00:00+00:00,
2026-08-30 17:00:00+00:00,
2026-08-30 18:00:00+00:00,
2026-08-30 19:00:00+00:00,
2026-08-30 20:00:00+00:00,42373.49
2026-08-30 21:00:00+00:00,40596.23
2026-08-30 22:00:00+00:00,39221.11
2026-08-30 23:00:00+00:00,38137.28
2026-08-31 00:00:00+00:00,37642.56
2026-08-31 01:00:00+00:00,38691.46
2026-08-31 02:00:00+00:00,38657.17
2026-08-31 03:00:00+00:00,42511.55
2026-08-31 04:00:00+00:00,49296.34
2026-08-31 05:00:00+00:00,54681.26
2026-08-31 06:00:00+00:00,58392.83
2026-08-31 07:00:00+00:00,58369.96
