origin,timestamp,demand_mw,predicted
2025-11-02 21:00:00+00:00,2025-11-02 22:00:00+00:00,43569.52,46669.232842008285
2025-11-02 21:00:00+00:00,2025-11-02 23:00:00+00:00,41417.75,44615.75886953371
2025-11-02 21:00:00+00:00,2025-11-03 00:00:00+00:00,40645.29,43658.54235091312
2025-11-02 21:00:00+00:00,2025-11-03 01:00:00+00:00,40444.51,41885.29263171194
2025-11-02 21:00:00+00:00,2025-11-03 02:00:00+00:00,40914.41,41692.03788351892
2025-11-02 21:00:00+00:00,2025-11-03 03:00:00+00:00,42593.33,42752.26842839083
2025-11-02 21:00:00+00:00,2025-11-03 04:00:00+00:00,46936.2,45471.01064420476
2025-11-02 21:00:00+00:00,2025-11-03 05:00:00+00:00,55872.19,51519.48833599446
2025-11-02 21:00:00+00:00,2025-11-03 06:00:00+00:00,61220.72,57861.96919397054
2025-11-02 21:00:00+00:00,2025-11-03 07:00:00+00:00,64213.68,63363.8718862211
2025-11-02 21:00:00+00:00,2025-11-03 08:00:00+00:00,64739.05,66055.74381997467
2025-11-02 21:00:00+00:00,2025-11-03 09:00:00+00:00,64811.09,66727.81360957838
2025-11-02 21:00:00+00:00,2025-11-03 10:00:00+00:00,64931.48,67268.98997497818
2025-11-02 21:00:00+00:00,2025-11-03 11:00:00+00:00,64469.46,66921.13653999433
2025-11-02 21:00:00+00:00,2025-11-03 12:00:00+00:00,64053.0,66219.13504558364
2025-11-02 21:00:00+00:00,2025-11-03 13:00:00+00:00,63118.31,65623.59744077548
2025-11-02 21:00:00+00:00,2025-11-03 14:00:00+00:00,62774.2,65226.87376445251
2025-11-02 21:00:00+00:00,2025-11-03 15:00:00+00:00,63908.98,65491.54690841499
2025-11-02 21:00:00+00:00,2025-11-03 16:00:00+00:00,67356.73,66765.22782520755
2025-11-02 21:00:00+00:00,2025-11-03 17:00:00+00:00,68011.25,67553.15460014548
2025-11-02 21:00:00+00:00,2025-11-03 18:00:00+00:00,67134.55,66819.28955228273
2025-11-02 21:00:00+00:00,2025-11-03 19:00:00+00:00,63680.49,64415.6370610324
2025-11-02 21:00:00+00:00,2025-11-03 20:00:00+00:00,59946.72,62085.58608348346
2025-11-02 21:00:00+00:00,2025-11-03 21:00:00+00:00,56145.92,57204.5693153275
2025-11-03 21:00:00+00:00,2025-11-03 22:00:00+00:00,52808.03,52784.96421896392
2025-11-03 21:00:00+00:00,2025-11-03 23:00:00+00:00,48667.99,50415.35776610891
2025-11-03 21:00:00+00:00,2025-11-04 00:00:00+00:00,46973.17,47856.09251414836
2025-11-03 21:00:00+00:00,2025-11-04 01:00:00+00:00,46297.87,46166.756275724125
2025-11-03 21:00:00+00:00,2025-11-04 02:00:00+00:00,46594.85,47313.31776952023
2025-11-03 21:00:00+00:00,2025-11-04 03:00:00+00:00,48075.38,48872.64721787818
2025-11-03 21:00:00+00:00,2025-11-04 04:00:00+00:00,51615.58,49505.83179938563
2025-11-03 21:00:00+00:00,2025-11-04 05:00:00+00:00,59144.3,56680.423794309
2025-11-03 21:00:00+00:00,2025-11-04 06:00:00+00:00,63545.63,62693.51796627106
2025-11-03 21:00:00+00:00,2025-11-04 07:00:00+00:00,64986.06,65750.92462602393
2025-11-03 21:00:00+00:00,2025-11-04 08:00:00+00:00,64805.69,66062.56486839213
2025-11-03 21:00:00+00:00,2025-11-04 09:00:00+00:00,65240.7,66520.84354932912
2025-11-03 21:00:00+00:00,2025-11-04 10:00:00+00:00,64063.21,66957.05731816166
2025-11-03 21:00:00+00:00,2025-11-04 11:00:00+00:00,62817.54,66740.71191697741
2025-11-03 21:00:00+00:00,2025-11-04 12:00:00+00:00,61514.82,66465.2866888651
2025-11-03 21:00:00+00:00,2025-11-04 13:00:00+00:00,60875.06,66056.83179513007
2025-11-03 21:00:00+00:00,2025-11-04 14:00:00+00:00,61382.9,66239.95671206304
2025-11-03 21:00:00+00:00,2025-11-04 15:00:00+00:00,62964.23,66375.6175550561
2025-11-03 21:00:00+00:00,2025-11-04 16:00:00+00:00,66558.52,67790.9000525983
2025-11-03 21:00:00+00:00,2025-11-04 17:00:00+00:00,67720.52,68495.84004441078
2025-11-03 21:00:00+00:00,2025-11-04 18:00:00+00:00,66660.77,67680.57723597261
2025-11-03 21:00:00+00:00,2025-11-04 19:00:00+00:00,63014.24,63964.86408182737
2025-11-03 21:00:00+00:00,2025-11-04 20:00:00+00:00,59182.88,61615.77901125386
2025-11-03 21:00:00+00:00,2025-11-04 21:00:00+00:00,55169.74,57216.23671039917
2025-11-04 21:00:00+00:00,2025-11-04 22:00:00+00:00,51391.87,51011.576730538036
2025-11-04 21:00:00+00:00,2025-11-04 23:00:00+00:00,48712.83,48643.391959029585
2025-11-04 21:00:00+00:00,2025-11-05 00:00:00+00:00,46617.04,47656.67192237334
2025-11-04 21:00:00+00:00,2025-11-05 01:00:00+00:00,45488.59,46599.90312156725
2025-11-04 21:00:00+00:00,2025-11-05 02:00:00+00:00,46026.61,48316.67317008484
2025-11-04 21:00:00+00:00,2025-11-05 03:00:00+00:00,47810.19,49003.73799128477
2025-11-04 21:00:00+00:00,2025-11-05 04:00:00+00:00,52290.45,51761.23621857882
2025-11-04 21:00:00+00:00,2025-11-05 05:00:00+00:00,61272.78,58415.09178300968
2025-11-04 21:00:00+00:00,2025-11-05 06:00:00+00:00,65140.66,63388.647549694026
2025-11-04 21:00:00+00:00,2025-11-05 07:00:00+00:00,67068.09,65243.37328611644
2025-11-04 21:00:00+00:00,2025-11-05 08:00:00+00:00,66171.54,64790.10636542743
2025-11-04 21:00:00+00:00,2025-11-05 09:00:00+00:00,64730.27,65296.483994525755
2025-11-04 21:00:00+00:00,2025-11-05 10:00:00+00:00,63853.83,64732.98028318834
2025-11-04 21:00:00+00:00,2025-11-05 11:00:00+00:00,62920.25,63977.59504105273
2025-11-04 21:00:00+00:00,2025-11-05 12:00:00+00:00,61104.91,62951.895814367235
2025-11-04 21:00:00+00:00,2025-11-05 13:00:00+00:00,59850.34,61664.41594287391
2025-11-04 21:00:00+00:00,2025-11-05 14:00:00+00:00,61294.91,61955.12592770233
2025-11-04 21:00:00+00:00,2025-11-05 15:00:00+00:00,62769.93,62914.03479744012
2025-11-04 21:00:00+00:00,2025-11-05 16:00:00+00:00,66215.17,66056.62410349965
2025-11-04 21:00:00+00:00,2025-11-05 17:00:00+00:00,66897.53,67470.81625510361
2025-11-04 21:00:00+00:00,2025-11-05 18:00:00+00:00,65731.55,66582.73367263017
2025-11-04 21:00:00+00:00,2025-11-05 19:00:00+00:00,62152.9,62944.796180234174
2025-11-04 21:00:00+00:00,2025-11-05 20:00:00+00:00,57928.36,59197.47101920232
2025-11-04 21:00:00+00:00,2025-11-05 21:00:00+00:00,53787.57,55069.6968527215
2025-11-05 21:00:00+00:00,2025-11-05 22:00:00+00:00,50270.45,50477.07443549413
2025-11-05 21:00:00+00:00,2025-11-05 23:00:00+00:00,47845.4,47372.733543075134
2025-11-05 21:00:00+00:00,2025-11-06 00:00:00+00:00,46019.01,45148.884804690104
2025-11-05 21:00:00+00:00,2025-11-06 01:00:00+00:00,45519.27,43421.20618695789
2025-11-05 21:00:00+00:00,2025-11-06 02:00:00+00:00,45903.4,43237.88647815387
2025-11-05 21:00:00+00:00,2025-11-06 03:00:00+00:00,47388.75,44860.65338858731
2025-11-05 21:00:00+00:00,2025-11-06 04:00:00+00:00,51273.37,48932.920229473224
2025-11-05 21:00:00+00:00,2025-11-06 05:00:00+00:00,59738.02,56043.24594733316
2025-11-05 21:00:00+00:00,2025-11-06 06:00:00+00:00,64320.04,62430.39658648962
2025-11-05 21:00:00+00:00,2025-11-06 07:00:00+00:00,66250.56,65580.19527771659
2025-11-05 21:00:00+00:00,2025-11-06 08:00:00+00:00,65859.2,65727.21837346873
2025-11-05 21:00:00+00:00,2025-11-06 09:00:00+00:00,65495.77,65256.22846481614
2025-11-05 21:00:00+00:00,2025-11-06 10:00:00+00:00,64655.05,64952.02404648436
2025-11-05 21:00:00+00:00,2025-11-06 11:00:00+00:00,63661.56,64353.359665884556
2025-11-05 21:00:00+00:00,2025-11-06 12:00:00+00:00,62212.88,63412.30425144546
2025-11-05 21:00:00+00:00,2025-11-06 13:00:00+00:00,61307.35,62047.02359519941
2025-11-05 21:00:00+00:00,2025-11-06 14:00:00+00:00,61937.94,62140.434011869795
2025-11-05 21:00:00+00:00,2025-11-06 15:00:00+00:00,63310.77,63305.58996307103
2025-11-05 21:00:00+00:00,2025-11-06 16:00:00+00:00,66826.67,66721.22059064536
2025-11-05 21:00:00+00:00,2025-11-06 17:00:00+00:00,67061.35,67209.83046745977
2025-11-05 21:00:00+00:00,2025-11-06 18:00:00+00:00,66025.23,66392.91083297222
2025-11-05 21:00:00+00:00,2025-11-06 19:00:00+00:00,63047.97,63296.67786859866
2025-11-05 21:00:00+00:00,2025-11-06 20:00:00+00:00,59389.54,60588.787949218946
2025-11-05 21:00:00+00:00,2025-11-06 21:00:00+00:00,55776.46,56599.03245260934
2025-11-06 21:00:00+00:00,2025-11-06 22:00:00+00:00,51296.4,51764.42193009499
2025-11-06 21:00:00+00:00,2025-11-06 23:00:00+00:00,48452.85,48785.93771048144
2025-11-06 21:00:00+00:00,2025-11-07 00:00:00+00:00,46748.63,46480.88856350589
2025-11-06 21:00:00+00:00,2025-11-07 01:00:00+00:00,46163.53,45475.65401097645
2025-11-06 21:00:00+00:00,2025-11-07 02:00:00+00:00,46827.46,45081.02374926997
2025-11-06 21:00:00+00:00,2025-11-07 03:00:00+00:00,48061.6,46173.502650727394
2025-11-06 21:00:00+00:00,2025-11-07 04:00:00+00:00,51686.56,48928.07360564349
2025-11-06 21:00:00+00:00,2025-11-07 05:00:00+00:00,59346.23,52708.0439671838
2025-11-06 21:00:00+00:00,2025-11-07 06:00:00+00:00,64632.24,57716.167043183494
2025-11-06 21:00:00+00:00,2025-11-07 07:00:00+00:00,66828.15,60402.34143560763
2025-11-06 21:00:00+00:00,2025-11-07 08:00:00+00:00,66441.2,60378.33621946025
2025-11-06 21:00:00+00:00,2025-11-07 09:00:00+00:00,66968.51,60198.55078583114
2025-11-06 21:00:00+00:00,2025-11-07 10:00:00+00:00,66512.05,59910.47421389702
2025-11-06 21:00:00+00:00,2025-11-07 11:00:00+00:00,65911.99,58720.350091865264
2025-11-06 21:00:00+00:00,2025-11-07 12:00:00+00:00,64214.7,56898.49752905411
2025-11-06 21:00:00+00:00,2025-11-07 13:00:00+00:00,62911.48,55268.44878367529
2025-11-06 21:00:00+00:00,2025-11-07 14:00:00+00:00,62856.59,55187.078179587574
2025-11-06 21:00:00+00:00,2025-11-07 15:00:00+00:00,63929.61,55694.162365242
2025-11-06 21:00:00+00:00,2025-11-07 16:00:00+00:00,66262.49,59123.559825574375
2025-11-06 21:00:00+00:00,2025-11-07 17:00:00+00:00,65404.65,59718.7710612567
2025-11-06 21:00:00+00:00,2025-11-07 18:00:00+00:00,62982.71,58627.71521488587
2025-11-06 21:00:00+00:00,2025-11-07 19:00:00+00:00,59463.84,56117.43368669298
2025-11-06 21:00:00+00:00,2025-11-07 20:00:00+00:00,55616.12,53584.65712739652
2025-11-06 21:00:00+00:00,2025-11-07 21:00:00+00:00,52433.04,51076.58155353536
2025-11-07 21:00:00+00:00,2025-11-07 22:00:00+00:00,49414.62,48872.71962139283
2025-11-07 21:00:00+00:00,2025-11-07 23:00:00+00:00,46489.12,45848.32465136357
2025-11-07 21:00:00+00:00,2025-11-08 00:00:00+00:00,44622.98,43794.03008317297
2025-11-07 21:00:00+00:00,2025-11-08 01:00:00+00:00,43456.37,42490.64199388345
2025-11-07 21:00:00+00:00,2025-11-08 02:00:00+00:00,43075.99,42023.42008764528
2025-11-07 21:00:00+00:00,2025-11-08 03:00:00+00:00,43288.96,42151.03307024616
2025-11-07 21:00:00+00:00,2025-11-08 04:00:00+00:00,44187.36,42651.52918641297
2025-11-07 21:00:00+00:00,2025-11-08 05:00:00+00:00,46002.88,43742.06372113323
2025-11-07 21:00:00+00:00,2025-11-08 06:00:00+00:00,48779.18,45053.11478386188
2025-11-07 21:00:00+00:00,2025-11-08 07:00:00+00:00,52030.09,46558.144317539154
2025-11-07 21:00:00+00:00,2025-11-08 08:00:00+00:00,54461.45,47205.68857949799
2025-11-07 21:00:00+00:00,2025-11-08 09:00:00+00:00,55637.13,47758.50403742912
2025-11-07 21:00:00+00:00,2025-11-08 10:00:00+00:00,56790.9,47652.25111112663
2025-11-07 21:00:00+00:00,2025-11-08 11:00:00+00:00,56795.96,47295.15807974883
2025-11-07 21:00:00+00:00,2025-11-08 12:00:00+00:00,54799.39,46582.83044779744
2025-11-07 21:00:00+00:00,2025-11-08 13:00:00+00:00,53741.77,45767.79383793212
2025-11-07 21:00:00+00:00,2025-11-08 14:00:00+00:00,53892.04,47132.38493321423
2025-11-07 21:00:00+00:00,2025-11-08 15:00:00+00:00,55297.8,48889.823795762655
2025-11-07 21:00:00+00:00,2025-11-08 16:00:00+00:00,58010.01,52235.013276047626
2025-11-07 21:00:00+00:00,2025-11-08 17:00:00+00:00,57650.62,54917.538522504474
2025-11-07 21:00:00+00:00,2025-11-08 18:00:00+00:00,55595.06,54070.52145963968
2025-11-07 21:00:00+00:00,2025-11-08 19:00:00+00:00,52224.12,52687.43950705363
2025-11-07 21:00:00+00:00,2025-11-08 20:00:00+00:00,49665.97,49668.55667481426
2025-11-07 21:00:00+00:00,2025-11-08 21:00:00+00:00,47877.41,47875.18607948697
2025-11-08 21:00:00+00:00,2025-11-08 22:00:00+00:00,45045.51,44868.62033447677
2025-11-08 21:00:00+00:00,2025-11-08 23:00:00+00:00,42612.37,43015.348672402004
2025-11-08 21:00:00+00:00,2025-11-09 00:00:00+00:00,40262.32,41867.7502095267
2025-11-08 21:00:00+00:00,2025-11-09 01:00:00+00:00,38608.37,40876.926500385336
2025-11-08 21:00:00+00:00,2025-11-09 02:00:00+00:00,38247.93,39670.93142294768
2025-11-08 21:00:00+00:00,2025-11-09 03:00:00+00:00,38555.68,39475.91239113062
2025-11-08 21:00:00+00:00,2025-11-09 04:00:00+00:00,38985.58,39725.28927586764
2025-11-08 21:00:00+00:00,2025-11-09 05:00:00+00:00,40324.97,40740.612819611546
2025-11-08 21:00:00+00:00,2025-11-09 06:00:00+00:00,42360.94,41125.908978377905
2025-11-08 21:00:00+00:00,2025-11-09 07:00:00+00:00,45642.28,43582.90332768155
2025-11-08 21:00:00+00:00,2025-11-09 08:00:00+00:00,48721.78,45988.09268899699
2025-11-08 21:00:00+00:00,2025-11-09 09:00:00+00:00,51000.74,48283.0231015408
2025-11-08 21:00:00+00:00,2025-11-09 10:00:00+00:00,53400.35,49711.648426202984
2025-11-08 21:00:00+00:00,2025-11-09 11:00:00+00:00,53810.79,51376.720411313036
2025-11-08 21:00:00+00:00,2025-11-09 12:00:00+00:00,52527.56,50682.23478857101
2025-11-08 21:00:00+00:00,2025-11-09 13:00:00+00:00,51598.05,50625.53789819178
2025-11-08 21:00:00+00:00,2025-11-09 14:00:00+00:00,51654.54,51169.76099045038
2025-11-08 21:00:00+00:00,2025-11-09 15:00:00+00:00,52786.67,51461.17707269259
2025-11-08 21:00:00+00:00,2025-11-09 16:00:00+00:00,55948.06,54152.53754194165
2025-11-08 21:00:00+00:00,2025-11-09 17:00:00+00:00,55949.83,55046.88199486765
2025-11-08 21:00:00+00:00,2025-11-09 18:00:00+00:00,54134.92,52884.258252815656
2025-11-08 21:00:00+00:00,2025-11-09 19:00:00+00:00,51935.9,50614.393981956724
2025-11-08 21:00:00+00:00,2025-11-09 20:00:00+00:00,49792.02,48733.91766179671
2025-11-08 21:00:00+00:00,2025-11-09 21:00:00+00:00,48391.63,46135.86138771673
2025-11-09 21:00:00+00:00,2025-11-09 22:00:00+00:00,45415.68,44707.00294531369
2025-11-09 21:00:00+00:00,2025-11-09 23:00:00+00:00,42958.89,42514.81839210641
2025-11-09 21:00:00+00:00,2025-11-10 00:00:00+00:00,41290.0,40766.71604621024
2025-11-09 21:00:00+00:00,2025-11-10 01:00:00+00:00,40803.72,39604.07887832031
2025-11-09 21:00:00+00:00,2025-11-10 02:00:00+00:00,41417.09,39091.8006825699
2025-11-09 21:00:00+00:00,2025-11-10 03:00:00+00:00,43290.86,39565.28308200137
2025-11-09 21:00:00+00:00,2025-11-10 04:00:00+00:00,47849.0,41824.48743556978
2025-11-09 21:00:00+00:00,2025-11-10 05:00:00+00:00,56674.7,49678.62976360531
2025-11-09 21:00:00+00:00,2025-11-10 06:00:00+00:00,62238.59,58451.85716497123
2025-11-09 21:00:00+00:00,2025-11-10 07:00:00+00:00,64952.76,63372.981471055784
2025-11-09 21:00:00+00:00,2025-11-10 08:00:00+00:00,65589.13,64243.24416840215
2025-11-09 21:00:00+00:00,2025-11-10 09:00:00+00:00,65766.82,65305.09423655572
2025-11-09 21:00:00+00:00,2025-11-10 10:00:00+00:00,65763.89,65482.405896208395
2025-11-09 21:00:00+00:00,2025-11-10 11:00:00+00:00,65457.33,64834.67933423802
2025-11-09 21:00:00+00:00,2025-11-10 12:00:00+00:00,64493.74,64026.79908997289
2025-11-09 21:00:00+00:00,2025-11-10 13:00:00+00:00,63296.95,63017.73716861978
2025-11-09 21:00:00+00:00,2025-11-10 14:00:00+00:00,62972.75,62753.622529336
2025-11-09 21:00:00+00:00,2025-11-10 15:00:00+00:00,63776.95,63609.14801063513
2025-11-09 21:00:00+00:00,2025-11-10 16:00:00+00:00,66502.24,66525.98732478505
2025-11-09 21:00:00+00:00,2025-11-10 17:00:00+00:00,66315.88,67653.85049570801
2025-11-09 21:00:00+00:00,2025-11-10 18:00:00+00:00,64677.17,67353.39198508588
2025-11-09 21:00:00+00:00,2025-11-10 19:00:00+00:00,61637.03,64075.9725157961
2025-11-09 21:00:00+00:00,2025-11-10 20:00:00+00:00,58092.82,61905.12695213045
2025-11-09 21:00:00+00:00,2025-11-10 21:00:00+00:00,54436.02,57271.92182130495
2025-11-10 21:00:00+00:00,2025-11-10 22:00:00+00:00,50612.91,51700.36045686252
2025-11-10 21:00:00+00:00,2025-11-10 23:00:00+00:00,48113.59,49306.079246713125
2025-11-10 21:00:00+00:00,2025-11-11 00:00:00+00:00,46112.93,46812.8906312376
2025-11-10 21:00:00+00:00,2025-11-11 01:00:00+00:00,45331.63,45942.17380709358
2025-11-10 21:00:00+00:00,2025-11-11 02:00:00+00:00,46208.6,46324.77127473353
2025-11-10 21:00:00+00:00,2025-11-11 03:00:00+00:00,47885.07,47305.352081719095
2025-11-10 21:00:00+00:00,2025-11-11 04:00:00+00:00,51088.61,50051.5386893573
2025-11-10 21:00:00+00:00,2025-11-11 05:00:00+00:00,59201.32,58049.636174956
2025-11-10 21:00:00+00:00,2025-11-11 06:00:00+00:00,64377.56,63810.955422043015
2025-11-10 21:00:00+00:00,2025-11-11 07:00:00+00:00,66612.1,65860.69293576795
2025-11-10 21:00:00+00:00,2025-11-11 08:00:00+00:00,66596.54,66102.37212476597
2025-11-10 21:00:00+00:00,2025-11-11 09:00:00+00:00,66304.65,65777.53478574075
2025-11-10 21:00:00+00:00,2025-11-11 10:00:00+00:00,66162.7,65560.31716493319
2025-11-10 21:00:00+00:00,2025-11-11 11:00:00+00:00,65043.4,64138.62641289836
2025-11-10 21:00:00+00:00,2025-11-11 12:00:00+00:00,64342.56,62268.68586159998
2025-11-10 21:00:00+00:00,2025-11-11 13:00:00+00:00,63206.66,60986.33034748637
2025-11-10 21:00:00+00:00,2025-11-11 14:00:00+00:00,63018.81,60802.41792942485
2025-11-10 21:00:00+00:00,2025-11-11 15:00:00+00:00,64186.0,61536.36821946757
2025-11-10 21:00:00+00:00,2025-11-11 16:00:00+00:00,66976.42,64678.026665180005
2025-11-10 21:00:00+00:00,2025-11-11 17:00:00+00:00,67095.46,66371.11126169261
2025-11-10 21:00:00+00:00,2025-11-11 18:00:00+00:00,65642.2,65191.96628549075
2025-11-10 21:00:00+00:00,2025-11-11 19:00:00+00:00,62395.25,62118.33023939925
2025-11-10 21:00:00+00:00,2025-11-11 20:00:00+00:00,58358.62,58300.400719932986
2025-11-10 21:00:00+00:00,2025-11-11 21:00:00+00:00,54619.01,54182.093007920295
2025-11-11 21:00:00+00:00,2025-11-11 22:00:00+00:00,50861.45,50553.08315550894
2025-11-11 21:00:00+00:00,2025-11-11 23:00:00+00:00,47912.79,48589.99959409836
2025-11-11 21:00:00+00:00,2025-11-12 00:00:00+00:00,46261.26,47067.43713944741
2025-11-11 21:00:00+00:00,2025-11-12 01:00:00+00:00,45183.84,46994.42458934339
2025-11-11 21:00:00+00:00,2025-11-12 02:00:00+00:00,45665.74,47698.88813533674
2025-11-11 21:00:00+00:00,2025-11-12 03:00:00+00:00,47540.08,49383.01464564767
2025-11-11 21:00:00+00:00,2025-11-12 04:00:00+00:00,51493.21,51502.520369835576
2025-11-11 21:00:00+00:00,2025-11-12 05:00:00+00:00,59494.46,59822.30796002142
2025-11-11 21:00:00+00:00,2025-11-12 06:00:00+00:00,65155.32,64705.4178271451
2025-11-11 21:00:00+00:00,2025-11-12 07:00:00+00:00,67651.79,67052.83213482058
2025-11-11 21:00:00+00:00,2025-11-12 08:00:00+00:00,68293.78,66740.27345451507
2025-11-11 21:00:00+00:00,2025-11-12 09:00:00+00:00,67198.55,66799.51134975706
2025-11-11 21:00:00+00:00,2025-11-12 10:00:00+00:00,66830.18,66694.4385691797
2025-11-11 21:00:00+00:00,2025-11-12 11:00:00+00:00,65938.56,65928.0975193712
2025-11-11 21:00:00+00:00,2025-11-12 12:00:00+00:00,64795.67,64531.679557722164
2025-11-11 21:00:00+00:00,2025-11-12 13:00:00+00:00,63209.68,63745.933507508686
2025-11-11 21:00:00+00:00,2025-11-12 14:00:00+00:00,63553.68,63825.8548276864
2025-11-11 21:00:00+00:00,2025-11-12 15:00:00+00:00,65580.37,64576.10335078805
2025-11-11 21:00:00+00:00,2025-11-12 16:00:00+00:00,68563.84,67713.87086569233
2025-11-11 21:00:00+00:00,2025-11-12 17:00:00+00:00,68584.53,67955.84177218277
2025-11-11 21:00:00+00:00,2025-11-12 18:00:00+00:00,66897.77,66775.5017588059
2025-11-11 21:00:00+00:00,2025-11-12 19:00:00+00:00,63316.12,62919.57655917456
2025-11-11 21:00:00+00:00,2025-11-12 20:00:00+00:00,59449.77,59218.831819449115
2025-11-11 21:00:00+00:00,2025-11-12 21:00:00+00:00,55594.31,55308.295837758604
2025-11-12 21:00:00+00:00,2025-11-12 22:00:00+00:00,51742.82,51395.29055296616
2025-11-12 21:00:00+00:00,2025-11-12 23:00:00+00:00,48598.84,48834.40598787244
2025-11-12 21:00:00+00:00,2025-11-13 00:00:00+00:00,47524.26,47291.509148884434
2025-11-12 21:00:00+00:00,2025-11-13 01:00:00+00:00,46885.15,46388.627359077254
2025-11-12 21:00:00+00:00,2025-11-13 02:00:00+00:00,47352.34,46948.03365340474
2025-11-12 21:00:00+00:00,2025-11-13 03:00:00+00:00,48816.37,48473.33443210555
2025-11-12 21:00:00+00:00,2025-11-13 04:00:00+00:00,52232.27,50167.16374572607
2025-11-12 21:00:00+00:00,2025-11-13 05:00:00+00:00,60052.44,58596.63429684646
2025-11-12 21:00:00+00:00,2025-11-13 06:00:00+00:00,65468.86,64477.21127240516
2025-11-12 21:00:00+00:00,2025-11-13 07:00:00+00:00,67304.58,67787.45233992036
2025-11-12 21:00:00+00:00,2025-11-13 08:00:00+00:00,67716.76,68447.70410397615
2025-11-12 21:00:00+00:00,2025-11-13 09:00:00+00:00,68663.29,68369.19709753952
2025-11-12 21:00:00+00:00,2025-11-13 10:00:00+00:00,68299.11,68342.75710292911
2025-11-12 21:00:00+00:00,2025-11-13 11:00:00+00:00,67504.72,67164.35168538042
2025-11-12 21:00:00+00:00,2025-11-13 12:00:00+00:00,66167.37,65776.61150445747
2025-11-12 21:00:00+00:00,2025-11-13 13:00:00+00:00,65314.23,64970.70626245195
2025-11-12 21:00:00+00:00,2025-11-13 14:00:00+00:00,65084.25,64874.51723864397
2025-11-12 21:00:00+00:00,2025-11-13 15:00:00+00:00,67082.17,65219.59228924121
2025-11-12 21:00:00+00:00,2025-11-13 16:00:00+00:00,69234.6,67676.48487236317
2025-11-12 21:00:00+00:00,2025-11-13 17:00:00+00:00,69111.75,68099.14726156683
2025-11-12 21:00:00+00:00,2025-11-13 18:00:00+00:00,66596.09,66875.35757744097
2025-11-12 21:00:00+00:00,2025-11-13 19:00:00+00:00,63210.45,62929.89483404073
2025-11-12 21:00:00+00:00,2025-11-13 20:00:00+00:00,59546.72,58974.30035231994
2025-11-12 21:00:00+00:00,2025-11-13 21:00:00+00:00,55533.03,54657.302399088396
2025-11-13 21:00:00+00:00,2025-11-13 22:00:00+00:00,51244.66,52049.53237274652
2025-11-13 21:00:00+00:00,2025-11-13 23:00:00+00:00,47630.37,49357.4371522786
2025-11-13 21:00:00+00:00,2025-11-14 00:00:00+00:00,45253.99,47380.8496494392
2025-11-13 21:00:00+00:00,2025-11-14 01:00:00+00:00,44517.43,46661.74309372993
2025-11-13 21:00:00+00:00,2025-11-14 02:00:00+00:00,44872.31,46856.387848137245
2025-11-13 21:00:00+00:00,2025-11-14 03:00:00+00:00,45986.06,48695.594700973386
2025-11-13 21:00:00+00:00,2025-11-14 04:00:00+00:00,49503.73,51363.045653595094
2025-11-13 21:00:00+00:00,2025-11-14 05:00:00+00:00,57570.7,59006.44186737541
2025-11-13 21:00:00+00:00,2025-11-14 06:00:00+00:00,62853.43,63771.24624215306
2025-11-13 21:00:00+00:00,2025-11-14 07:00:00+00:00,64962.96,66640.75782116926
2025-11-13 21:00:00+00:00,2025-11-14 08:00:00+00:00,65052.75,66835.75097338216
2025-11-13 21:00:00+00:00,2025-11-14 09:00:00+00:00,65387.07,66828.63927082815
2025-11-13 21:00:00+00:00,2025-11-14 10:00:00+00:00,65513.07,66693.9491238968
2025-11-13 21:00:00+00:00,2025-11-14 11:00:00+00:00,64927.02,66293.59915256758
2025-11-13 21:00:00+00:00,2025-11-14 12:00:00+00:00,63413.61,65957.1641173547
2025-11-13 21:00:00+00:00,2025-11-14 13:00:00+00:00,62418.06,65065.736681185976
2025-11-13 21:00:00+00:00,2025-11-14 14:00:00+00:00,62707.2,65009.40562345512
2025-11-13 21:00:00+00:00,2025-11-14 15:00:00+00:00,64169.72,65937.11461682025
2025-11-13 21:00:00+00:00,2025-11-14 16:00:00+00:00,66424.81,67401.51469669331
2025-11-13 21:00:00+00:00,2025-11-14 17:00:00+00:00,65868.59,67758.1217653297
2025-11-13 21:00:00+00:00,2025-11-14 18:00:00+00:00,63215.25,65714.53172313621
2025-11-13 21:00:00+00:00,2025-11-14 19:00:00+00:00,59272.02,61570.31740371663
2025-11-13 21:00:00+00:00,2025-11-14 20:00:00+00:00,56264.09,57092.2784802523
2025-11-13 21:00:00+00:00,2025-11-14 21:00:00+00:00,53225.77,53538.94275548376
2025-11-14 21:00:00+00:00,2025-11-14 22:00:00+00:00,49954.86,50295.053569879696
2025-11-14 21:00:00+00:00,2025-11-14 23:00:00+00:00,47094.44,47287.46895866875
2025-11-14 21:00:00+00:00,2025-11-15 00:00:00+00:00,45313.57,45230.72927353445
2025-11-14 21:00:00+00:00,2025-11-15 01:00:00+00:00,43871.29,43750.799117201575
2025-11-14 21:00:00+00:00,2025-11-15 02:00:00+00:00,42831.4,43224.77230145504
2025-11-14 21:00:00+00:00,2025-11-15 03:00:00+00:00,43648.2,43445.49913572466
2025-11-14 21:00:00+00:00,2025-11-15 04:00:00+00:00,44544.02,44391.55403198865
2025-11-14 21:00:00+00:00,2025-11-15 05:00:00+00:00,47528.68,46252.46660015845
2025-11-14 21:00:00+00:00,2025-11-15 06:00:00+00:00,49926.16,48355.63183345567
2025-11-14 21:00:00+00:00,2025-11-15 07:00:00+00:00,52577.68,51889.5625920226
2025-11-14 21:00:00+00:00,2025-11-15 08:00:00+00:00,55116.92,54809.56851936903
2025-11-14 21:00:00+00:00,2025-11-15 09:00:00+00:00,56737.75,55355.13943968744
2025-11-14 21:00:00+00:00,2025-11-15 10:00:00+00:00,57613.83,55740.527456734104
2025-11-14 21:00:00+00:00,2025-11-15 11:00:00+00:00,56342.41,54877.499780547296
2025-11-14 21:00:00+00:00,2025-11-15 12:00:00+00:00,55072.89,53420.28711236834
2025-11-14 21:00:00+00:00,2025-11-15 13:00:00+00:00,54530.01,53182.536297971244
2025-11-14 21:00:00+00:00,2025-11-15 14:00:00+00:00,54695.47,53444.54744851366
2025-11-14 21:00:00+00:00,2025-11-15 15:00:00+00:00,56138.76,54691.030123704055
2025-11-14 21:00:00+00:00,2025-11-15 16:00:00+00:00,58370.42,56045.55542917297
2025-11-14 21:00:00+00:00,2025-11-15 17:00:00+00:00,58469.69,57404.46590300799
2025-11-14 21:00:00+00:00,2025-11-15 18:00:00+00:00,55912.11,55510.98000394287
2025-11-14 21:00:00+00:00,2025-11-15 19:00:00+00:00,53119.07,53038.52776943834
2025-11-14 21:00:00+00:00,2025-11-15 20:00:00+00:00,50188.42,50661.00916913763
2025-11-14 21:00:00+00:00,2025-11-15 21:00:00+00:00,48083.02,48677.468358332655
2025-11-15 21:00:00+00:00,2025-11-15 22:00:00+00:00,45230.37,45291.51771456197
2025-11-15 21:00:00+00:00,2025-11-15 23:00:00+00:00,42837.68,42946.75763275175
2025-11-15 21:00:00+00:00,2025-11-16 00:00:00+00:00,40624.14,41497.97253613922
2025-11-15 21:00:00+00:00,2025-11-16 01:00:00+00:00,39714.41,40979.79284640785
2025-11-15 21:00:00+00:00,2025-11-16 02:00:00+00:00,39200.47,40066.61024223911
2025-11-15 21:00:00+00:00,2025-11-16 03:00:00+00:00,39263.24,39467.98153775232
2025-11-15 21:00:00+00:00,2025-11-16 04:00:00+00:00,39814.9,38982.848518168204
2025-11-15 21:00:00+00:00,2025-11-16 05:00:00+00:00,40776.41,39586.67015852318
2025-11-15 21:00:00+00:00,2025-11-16 06:00:00+00:00,43136.33,40142.055257656546
2025-11-15 21:00:00+00:00,2025-11-16 07:00:00+00:00,46127.15,42056.753662437884
2025-11-15 21:00:00+00:00,2025-11-16 08:00:00+00:00,48686.64,46058.2974309325
2025-11-15 21:00:00+00:00,2025-11-16 09:00:00+00:00,50687.66,47925.54811875172
2025-11-15 21:00:00+00:00,2025-11-16 10:00:00+00:00,52719.77,51107.69720209176
2025-11-15 21:00:00+00:00,2025-11-16 11:00:00+00:00,52691.83,52886.486126403586
2025-11-15 21:00:00+00:00,2025-11-16 12:00:00+00:00,51423.19,52319.415496145746
2025-11-15 21:00:00+00:00,2025-11-16 13:00:00+00:00,50695.78,51919.972715775875
2025-11-15 21:00:00+00:00,2025-11-16 14:00:00+00:00,51100.83,52540.6353359963
2025-11-15 21:00:00+00:00,2025-11-16 15:00:00+00:00,53080.01,53496.0549941433
2025-11-15 21:00:00+00:00,2025-11-16 16:00:00+00:00,55868.21,55669.331098652765
2025-11-15 21:00:00+00:00,2025-11-16 17:00:00+00:00,56070.84,55609.1834791257
2025-11-15 21:00:00+00:00,2025-11-16 18:00:00+00:00,54483.9,54052.91094717385
2025-11-15 21:00:00+00:00,2025-11-16 19:00:00+00:00,52898.13,52098.0683903689
2025-11-15 21:00:00+00:00,2025-11-16 20:00:00+00:00,51203.92,50029.24565443775
2025-11-15 21:00:00+00:00,2025-11-16 21:00:00+00:00,49985.01,48225.2147357321
2025-11-16 21:00:00+00:00,2025-11-16 22:00:00+00:00,47693.76,47456.92845539526
2025-11-16 21:00:00+00:00,2025-11-16 23:00:00+00:00,45190.33,45248.93970815799
2025-11-16 21:00:00+00:00,2025-11-17 00:00:00+00:00,43225.27,43270.41967355741
2025-11-16 21:00:00+00:00,2025-11-17 01:00:00+00:00,43217.33,42298.08973318489
2025-11-16 21:00:00+00:00,2025-11-17 02:00:00+00:00,44746.06,42895.27011667971
2025-11-16 21:00:00+00:00,2025-11-17 03:00:00+00:00,46530.14,44905.97762390835
2025-11-16 21:00:00+00:00,2025-11-17 04:00:00+00:00,50042.21,48023.59151054821
2025-11-16 21:00:00+00:00,2025-11-17 05:00:00+00:00,59202.22,54006.64987496267
2025-11-16 21:00:00+00:00,2025-11-17 06:00:00+00:00,64950.17,58073.465338337766
2025-11-16 21:00:00+00:00,2025-11-17 07:00:00+00:00,67889.04,61967.095582238006
2025-11-16 21:00:00+00:00,2025-11-17 08:00:00+00:00,68538.31,62487.10092742408
2025-11-16 21:00:00+00:00,2025-11-17 09:00:00+00:00,69016.27,63367.347627280535
2025-11-16 21:00:00+00:00,2025-11-17 10:00:00+00:00,69826.27,63973.1734134707
2025-11-16 21:00:00+00:00,2025-11-17 11:00:00+00:00,69694.76,63550.43566522987
2025-11-16 21:00:00+00:00,2025-11-17 12:00:00+00:00,69097.99,62653.81509262491
2025-11-16 21:00:00+00:00,2025-11-17 13:00:00+00:00,68187.69,61190.84385531344
2025-11-16 21:00:00+00:00,2025-11-17 14:00:00+00:00,68435.91,60419.81073738401
2025-11-16 21:00:00+00:00,2025-11-17 15:00:00+00:00,69706.7,61485.45490068769
2025-11-16 21:00:00+00:00,2025-11-17 16:00:00+00:00,72202.39,63703.17095779452
2025-11-16 21:00:00+00:00,2025-11-17 17:00:00+00:00,70264.81,66349.97662708646
2025-11-16 21:00:00+00:00,2025-11-17 18:00:00+00:00,68680.46,65046.929649945494
2025-11-16 21:00:00+00:00,2025-11-17 19:00:00+00:00,66027.46,62312.909906610286
2025-11-16 21:00:00+00:00,2025-11-17 20:00:00+00:00,63026.76,58496.0692194551
2025-11-16 21:00:00+00:00,2025-11-17 21:00:00+00:00,58404.03,54205.75942566201
2025-11-17 21:00:00+00:00,2025-11-17 22:00:00+00:00,54449.77,54454.63371523929
2025-11-17 21:00:00+00:00,2025-11-17 23:00:00+00:00,51712.55,51018.46068445089
2025-11-17 21:00:00+00:00,2025-11-18 00:00:00+00:00,50518.82,48635.355854064626
2025-11-17 21:00:00+00:00,2025-11-18 01:00:00+00:00,50126.86,47530.02560618653
2025-11-17 21:00:00+00:00,2025-11-18 02:00:00+00:00,50559.83,47179.63712431873
2025-11-17 21:00:00+00:00,2025-11-18 03:00:00+00:00,52093.51,48399.65641121375
2025-11-17 21:00:00+00:00,2025-11-18 04:00:00+00:00,56474.38,49440.154117717924
2025-11-17 21:00:00+00:00,2025-11-18 05:00:00+00:00,64242.95,57090.57903407172
2025-11-17 21:00:00+00:00,2025-11-18 06:00:00+00:00,70233.72,63393.676043229214
2025-11-17 21:00:00+00:00,2025-11-18 07:00:00+00:00,72634.11,66342.9588111991
2025-11-17 21:00:00+00:00,2025-11-18 08:00:00+00:00,71163.64,66708.86999677651
2025-11-17 21:00:00+00:00,2025-11-18 09:00:00+00:00,70823.08,67120.51493894386
2025-11-17 21:00:00+00:00,2025-11-18 10:00:00+00:00,70195.96,67330.08363549967
2025-11-17 21:00:00+00:00,2025-11-18 11:00:00+00:00,68953.2,67439.52374896461
2025-11-17 21:00:00+00:00,2025-11-18 12:00:00+00:00,68359.42,67403.74355490465
2025-11-17 21:00:00+00:00,2025-11-18 13:00:00+00:00,67632.18,67128.0411775273
2025-11-17 21:00:00+00:00,2025-11-18 14:00:00+00:00,68080.39,66827.23669351584
2025-11-17 21:00:00+00:00,2025-11-18 15:00:00+00:00,69555.0,67173.04285898594
2025-11-17 21:00:00+00:00,2025-11-18 16:00:00+00:00,71834.45,68942.82765902155
2025-11-17 21:00:00+00:00,2025-11-18 17:00:00+00:00,71254.87,69265.60599412251
2025-11-17 21:00:00+00:00,2025-11-18 18:00:00+00:00,69282.46,67692.10375160017
2025-11-17 21:00:00+00:00,2025-11-18 19:00:00+00:00,65850.61,65260.36824625337
2025-11-17 21:00:00+00:00,2025-11-18 20:00:00+00:00,62036.45,62486.06556133705
2025-11-17 21:00:00+00:00,2025-11-18 21:00:00+00:00,57755.05,58246.367638989934
2025-11-18 21:00:00+00:00,2025-11-18 22:00:00+00:00,54165.93,53815.25101465549
2025-11-18 21:00:00+00:00,2025-11-18 23:00:00+00:00,52276.49,52415.001437266794
2025-11-18 21:00:00+00:00,2025-11-19 00:00:00+00:00,49846.09,51057.601279147464
2025-11-18 21:00:00+00:00,2025-11-19 01:00:00+00:00,49316.08,50993.23258805005
2025-11-18 21:00:00+00:00,2025-11-19 02:00:00+00:00,49295.64,52254.00211580118
2025-11-18 21:00:00+00:00,2025-11-19 03:00:00+00:00,50167.04,54145.37649970212
2025-11-18 21:00:00+00:00,2025-11-19 04:00:00+00:00,53802.35,57246.61122560715
2025-11-18 21:00:00+00:00,2025-11-19 05:00:00+00:00,61555.85,64560.61201238379
2025-11-18 21:00:00+00:00,2025-11-19 06:00:00+00:00,67484.65,69355.74864843166
2025-11-18 21:00:00+00:00,2025-11-19 07:00:00+00:00,69557.56,71498.51264617877
2025-11-18 21:00:00+00:00,2025-11-19 08:00:00+00:00,70107.83,70869.61177732972
2025-11-18 21:00:00+00:00,2025-11-19 09:00:00+00:00,69811.62,70869.61177732972
2025-11-18 21:00:00+00:00,2025-11-19 10:00:00+00:00,70282.97,70884.34885288407
2025-11-18 21:00:00+00:00,2025-11-19 11:00:00+00:00,69050.96,69779.52191703215
2025-11-18 21:00:00+00:00,2025-11-19 12:00:00+00:00,68460.03,69224.78889888541
2025-11-18 21:00:00+00:00,2025-11-19 13:00:00+00:00,67507.2,68629.26235950175
2025-11-18 21:00:00+00:00,2025-11-19 14:00:00+00:00,67997.03,68676.340537672
2025-11-18 21:00:00+00:00,2025-11-19 15:00:00+00:00,69478.56,69590.28590500455
2025-11-18 21:00:00+00:00,2025-11-19 16:00:00+00:00,71285.68,71267.625179977
2025-11-18 21:00:00+00:00,2025-11-19 17:00:00+00:00,71391.63,70909.84317111435
2025-11-18 21:00:00+00:00,2025-11-19 18:00:00+00:00,69319.99,69990.76424894211
2025-11-18 21:00:00+00:00,2025-11-19 19:00:00+00:00,65818.27,66934.1064700749
2025-11-18 21:00:00+00:00,2025-11-19 20:00:00+00:00,62444.82,63258.091654375145
2025-11-18 21:00:00+00:00,2025-11-19 21:00:00+00:00,58647.6,59940.0860949451
2025-11-19 21:00:00+00:00,2025-11-19 22:00:00+00:00,54706.17,54761.76967250223
2025-11-19 21:00:00+00:00,2025-11-19 23:00:00+00:00,50587.91,53121.44873585725
2025-11-19 21:00:00+00:00,2025-11-20 00:00:00+00:00,49144.21,50159.001365020034
2025-11-19 21:00:00+00:00,2025-11-20 01:00:00+00:00,48815.05,49599.20407047863
2025-11-19 21:00:00+00:00,2025-11-20 02:00:00+00:00,49058.4,48927.365165997384
2025-11-19 21:00:00+00:00,2025-11-20 03:00:00+00:00,49834.87,49834.55493443891
2025-11-19 21:00:00+00:00,2025-11-20 04:00:00+00:00,53360.55,53900.49270972789
2025-11-19 21:00:00+00:00,2025-11-20 05:00:00+00:00,61301.33,60804.201360536084
2025-11-19 21:00:00+00:00,2025-11-20 06:00:00+00:00,66900.55,66029.7346088513
2025-11-19 21:00:00+00:00,2025-11-20 07:00:00+00:00,69477.85,68541.25270103854
2025-11-19 21:00:00+00:00,2025-11-20 08:00:00+00:00,69543.86,69450.60854950412
2025-11-19 21:00:00+00:00,2025-11-20 09:00:00+00:00,70334.73,70137.50057477006
2025-11-19 21:00:00+00:00,2025-11-20 10:00:00+00:00,70550.03,70151.57890486947
2025-11-19 21:00:00+00:00,2025-11-20 11:00:00+00:00,70101.87,69947.40135504203
2025-11-19 21:00:00+00:00,2025-11-20 12:00:00+00:00,69226.94,69815.28588089648
2025-11-19 21:00:00+00:00,2025-11-20 13:00:00+00:00,68645.08,69441.14271922836
2025-11-19 21:00:00+00:00,2025-11-20 14:00:00+00:00,68898.93,69777.88803003437
2025-11-19 21:00:00+00:00,2025-11-20 15:00:00+00:00,70611.38,70747.66071563361
2025-11-19 21:00:00+00:00,2025-11-20 16:00:00+00:00,72888.96,71423.6744242805
2025-11-19 21:00:00+00:00,2025-11-20 17:00:00+00:00,72021.53,70945.09453155014
2025-11-19 21:00:00+00:00,2025-11-20 18:00:00+00:00,70168.17,69612.6097184933
2025-11-19 21:00:00+00:00,2025-11-20 19:00:00+00:00,67163.07,66789.80514537707
2025-11-19 21:00:00+00:00,2025-11-20 20:00:00+00:00,64082.36,63309.96945672452
2025-11-19 21:00:00+00:00,2025-11-20 21:00:00+00:00,60106.44,59994.41095537241
2025-11-20 21:00:00+00:00,2025-11-20 22:00:00+00:00,56797.66,55487.258924645015
2025-11-20 21:00:00+00:00,2025-11-20 23:00:00+00:00,54229.89,52346.63490344351
2025-11-20 21:00:00+00:00,2025-11-21 00:00:00+00:00,52682.49,50121.10018740772
2025-11-20 21:00:00+00:00,2025-11-21 01:00:00+00:00,51782.73,49408.885031089405
2025-11-20 21:00:00+00:00,2025-11-21 02:00:00+00:00,51700.86,48923.62184232483
2025-11-20 21:00:00+00:00,2025-11-21 03:00:00+00:00,53080.4,49600.707743123494
2025-11-20 21:00:00+00:00,2025-11-21 04:00:00+00:00,56202.89,50821.32234072734
2025-11-20 21:00:00+00:00,2025-11-21 05:00:00+00:00,63176.56,58794.563366184724
2025-11-20 21:00:00+00:00,2025-11-21 06:00:00+00:00,68609.16,65083.565803497084
2025-11-20 21:00:00+00:00,2025-11-21 07:00:00+00:00,71017.82,68487.28013175896
2025-11-20 21:00:00+00:00,2025-11-21 08:00:00+00:00,70591.6,68855.77098666565
2025-11-20 21:00:00+00:00,2025-11-21 09:00:00+00:00,70251.07,68977.68698889294
2025-11-20 21:00:00+00:00,2025-11-21 10:00:00+00:00,69338.36,68977.69385505808
2025-11-20 21:00:00+00:00,2025-11-21 11:00:00+00:00,68041.35,68565.70338794625
2025-11-20 21:00:00+00:00,2025-11-21 12:00:00+00:00,66003.15,67521.62411609579
2025-11-20 21:00:00+00:00,2025-11-21 13:00:00+00:00,64537.69,66789.05612421663
2025-11-20 21:00:00+00:00,2025-11-21 14:00:00+00:00,64985.09,66877.84067658072
2025-11-20 21:00:00+00:00,2025-11-21 15:00:00+00:00,66587.55,68005.71178805754
2025-11-20 21:00:00+00:00,2025-11-21 16:00:00+00:00,68526.94,70609.67846437093
2025-11-20 21:00:00+00:00,2025-11-21 17:00:00+00:00,67592.26,69850.38344810232
2025-11-20 21:00:00+00:00,2025-11-21 18:00:00+00:00,65625.77,67491.3903762741
2025-11-20 21:00:00+00:00,2025-11-21 19:00:00+00:00,62354.61,64959.98241191557
2025-11-20 21:00:00+00:00,2025-11-21 20:00:00+00:00,59182.52,61565.96131143433
2025-11-20 21:00:00+00:00,2025-11-21 21:00:00+00:00,56665.81,57597.67444347775
2025-11-21 21:00:00+00:00,2025-11-21 22:00:00+00:00,53562.02,54877.57484346485
2025-11-21 21:00:00+00:00,2025-11-21 23:00:00+00:00,51463.7,52805.43871402695
2025-11-21 21:00:00+00:00,2025-11-22 00:00:00+00:00,49896.1,50870.079362948105
2025-11-21 21:00:00+00:00,2025-11-22 01:00:00+00:00,49740.25,50211.70393878689
2025-11-21 21:00:00+00:00,2025-11-22 02:00:00+00:00,49050.44,50300.679087372206
2025-11-21 21:00:00+00:00,2025-11-22 03:00:00+00:00,49192.91,51354.53403243256
2025-11-21 21:00:00+00:00,2025-11-22 04:00:00+00:00,49554.64,52785.97944013627
2025-11-21 21:00:00+00:00,2025-11-22 05:00:00+00:00,51266.66,55109.345741562945
2025-11-21 21:00:00+00:00,2025-11-22 06:00:00+00:00,53815.23,57192.366993644486
2025-11-21 21:00:00+00:00,2025-11-22 07:00:00+00:00,56960.32,58595.922344527375
2025-11-21 21:00:00+00:00,2025-11-22 08:00:00+00:00,59218.76,59620.82795655767
2025-11-21 21:00:00+00:00,2025-11-22 09:00:00+00:00,61119.29,60088.06030905552
2025-11-21 21:00:00+00:00,2025-11-22 10:00:00+00:00,60563.08,60727.15625846412
2025-11-21 21:00:00+00:00,2025-11-22 11:00:00+00:00,60009.14,60506.11442410872
2025-11-21 21:00:00+00:00,2025-11-22 12:00:00+00:00,58454.68,60029.21947202838
2025-11-21 21:00:00+00:00,2025-11-22 13:00:00+00:00,57043.18,59584.14494848549
2025-11-21 21:00:00+00:00,2025-11-22 14:00:00+00:00,57587.94,59362.80264941109
2025-11-21 21:00:00+00:00,2025-11-22 15:00:00+00:00,60060.43,59781.69679930931
2025-11-21 21:00:00+00:00,2025-11-22 16:00:00+00:00,62864.89,60188.28453862431
2025-11-21 21:00:00+00:00,2025-11-22 17:00:00+00:00,63240.12,60438.63922088452
2025-11-21 21:00:00+00:00,2025-11-22 18:00:00+00:00,62190.75,59539.948270887464
2025-11-21 21:00:00+00:00,2025-11-22 19:00:00+00:00,59360.99,57176.019307641276
2025-11-21 21:00:00+00:00,2025-11-22 20:00:00+00:00,56788.38,54830.178601444655
2025-11-21 21:00:00+00:00,2025-11-22 21:00:00+00:00,55161.6,52831.33876278847
2025-11-22 21:00:00+00:00,2025-11-22 22:00:00+00:00,52644.23,51742.72447125018
2025-11-22 21:00:00+00:00,2025-11-22 23:00:00+00:00,49249.32,49419.55564352705
2025-11-22 21:00:00+00:00,2025-11-23 00:00:00+00:00,47771.66,46616.12152954607
2025-11-22 21:00:00+00:00,2025-11-23 01:00:00+00:00,46759.68,44443.73174796853
2025-11-22 21:00:00+00:00,2025-11-23 02:00:00+00:00,46400.84,43735.58454866112
2025-11-22 21:00:00+00:00,2025-11-23 03:00:00+00:00,46541.57,43963.284267419076
2025-11-22 21:00:00+00:00,2025-11-23 04:00:00+00:00,46561.54,44214.4490567404
2025-11-22 21:00:00+00:00,2025-11-23 05:00:00+00:00,47566.28,45964.67111214279
2025-11-22 21:00:00+00:00,2025-11-23 06:00:00+00:00,49906.96,47063.7225343644
2025-11-22 21:00:00+00:00,2025-11-23 07:00:00+00:00,53126.68,48105.27241791103
2025-11-22 21:00:00+00:00,2025-11-23 08:00:00+00:00,55146.04,48978.69852940318
2025-11-22 21:00:00+00:00,2025-11-23 09:00:00+00:00,57371.22,50710.38678174935
2025-11-22 21:00:00+00:00,2025-11-23 10:00:00+00:00,58751.43,52071.60133871935
2025-11-22 21:00:00+00:00,2025-11-23 11:00:00+00:00,58176.64,52101.18789030129
2025-11-22 21:00:00+00:00,2025-11-23 12:00:00+00:00,56558.4,51937.40225605296
2025-11-22 21:00:00+00:00,2025-11-23 13:00:00+00:00,55791.99,52040.59792197639
2025-11-22 21:00:00+00:00,2025-11-23 14:00:00+00:00,57817.93,52402.28475731077
2025-11-22 21:00:00+00:00,2025-11-23 15:00:00+00:00,60892.89,53130.204037798714
2025-11-22 21:00:00+00:00,2025-11-23 16:00:00+00:00,64307.66,56855.761531755685
2025-11-22 21:00:00+00:00,2025-11-23 17:00:00+00:00,65478.08,57753.34583442492
2025-11-22 21:00:00+00:00,2025-11-23 18:00:00+00:00,63313.46,56057.823335360605
2025-11-22 21:00:00+00:00,2025-11-23 19:00:00+00:00,60502.82,53837.11274882839
2025-11-22 21:00:00+00:00,2025-11-23 20:00:00+00:00,57962.04,52040.12503012903
2025-11-22 21:00:00+00:00,2025-11-23 21:00:00+00:00,56355.07,50762.674894105556
2025-11-23 21:00:00+00:00,2025-11-23 22:00:00+00:00,53345.68,54232.695081157755
2025-11-23 21:00:00+00:00,2025-11-23 23:00:00+00:00,51184.31,51484.85318161253
2025-11-23 21:00:00+00:00,2025-11-24 00:00:00+00:00,49515.34,48876.155417963484
2025-11-23 21:00:00+00:00,2025-11-24 01:00:00+00:00,48938.5,48107.179006335864
2025-11-23 21:00:00+00:00,2025-11-24 02:00:00+00:00,48912.31,47954.39299812787
2025-11-23 21:00:00+00:00,2025-11-24 03:00:00+00:00,50729.21,48608.10324560587
2025-11-23 21:00:00+00:00,2025-11-24 04:00:00+00:00,54636.39,50429.28809298629
2025-11-23 21:00:00+00:00,2025-11-24 05:00:00+00:00,63165.11,59884.654384538146
2025-11-23 21:00:00+00:00,2025-11-24 06:00:00+00:00,68935.42,65733.14892508597
2025-11-23 21:00:00+00:00,2025-11-24 07:00:00+00:00,71386.98,67845.30388608592
2025-11-23 21:00:00+00:00,2025-11-24 08:00:00+00:00,72197.57,69590.1259618958
2025-11-23 21:00:00+00:00,2025-11-24 09:00:00+00:00,72481.88,70253.62023927235
2025-11-23 21:00:00+00:00,2025-11-24 10:00:00+00:00,72990.13,69866.24559495984
2025-11-23 21:00:00+00:00,2025-11-24 11:00:00+00:00,71985.25,69861.94102162818
2025-11-23 21:00:00+00:00,2025-11-24 12:00:00+00:00,70428.84,70075.40830086084
2025-11-23 21:00:00+00:00,2025-11-24 13:00:00+00:00,69258.52,70134.26497940028
2025-11-23 21:00:00+00:00,2025-11-24 14:00:00+00:00,69172.32,71271.47189014792
2025-11-23 21:00:00+00:00,2025-11-24 15:00:00+00:00,70242.15,71595.6603084727
2025-11-23 21:00:00+00:00,2025-11-24 16:00:00+00:00,71423.54,71900.03028002394
2025-11-23 21:00:00+00:00,2025-11-24 17:00:00+00:00,70657.94,71146.60984835197
2025-11-23 21:00:00+00:00,2025-11-24 18:00:00+00:00,68676.46,70212.43813431439
2025-11-23 21:00:00+00:00,2025-11-24 19:00:00+00:00,65036.42,69460.74858024331
2025-11-23 21:00:00+00:00,2025-11-24 20:00:00+00:00,61487.39,66354.88085892328
2025-11-23 21:00:00+00:00,2025-11-24 21:00:00+00:00,57736.74,63402.109333801396
2025-11-24 21:00:00+00:00,2025-11-24 22:00:00+00:00,53798.28,54324.213199210506
2025-11-24 21:00:00+00:00,2025-11-24 23:00:00+00:00,50856.57,53228.99451750435
2025-11-24 21:00:00+00:00,2025-11-25 00:00:00+00:00,49131.78,52322.353482636114
2025-11-24 21:00:00+00:00,2025-11-25 01:00:00+00:00,48275.68,52725.19675896527
2025-11-24 21:00:00+00:00,2025-11-25 02:00:00+00:00,48658.47,53280.82152352414
2025-11-24 21:00:00+00:00,2025-11-25 03:00:00+00:00,49976.47,54796.856344765176
2025-11-24 21:00:00+00:00,2025-11-25 04:00:00+00:00,53645.56,59902.928452412685
2025-11-24 21:00:00+00:00,2025-11-25 05:00:00+00:00,61093.86,66599.15398095542
2025-11-24 21:00:00+00:00,2025-11-25 06:00:00+00:00,67095.24,69228.34953153317
2025-11-24 21:00:00+00:00,2025-11-25 07:00:00+00:00,69801.65,70747.01996324405
2025-11-24 21:00:00+00:00,2025-11-25 08:00:00+00:00,70147.52,71229.05774578737
2025-11-24 21:00:00+00:00,2025-11-25 09:00:00+00:00,70023.79,71226.83967520902
2025-11-24 21:00:00+00:00,2025-11-25 10:00:00+00:00,69997.51,71096.50668579208
2025-11-24 21:00:00+00:00,2025-11-25 11:00:00+00:00,69111.05,70891.03086990333
2025-11-24 21:00:00+00:00,2025-11-25 12:00:00+00:00,68792.48,70704.52994035553
2025-11-24 21:00:00+00:00,2025-11-25 13:00:00+00:00,68162.36,70423.56868023922
2025-11-24 21:00:00+00:00,2025-11-25 14:00:00+00:00,68044.88,70186.05888736802
2025-11-24 21:00:00+00:00,2025-11-25 15:00:00+00:00,69015.61,70697.09412737866
2025-11-24 21:00:00+00:00,2025-11-25 16:00:00+00:00,70530.37,71542.45484318867
2025-11-24 21:00:00+00:00,2025-11-25 17:00:00+00:00,69864.97,70947.35204262997
2025-11-24 21:00:00+00:00,2025-11-25 18:00:00+00:00,67863.95,69401.86716933588
2025-11-24 21:00:00+00:00,2025-11-25 19:00:00+00:00,64023.62,66687.71531253867
2025-11-24 21:00:00+00:00,2025-11-25 20:00:00+00:00,60588.77,62546.85317930341
2025-11-24 21:00:00+00:00,2025-11-25 21:00:00+00:00,57262.94,59052.294950760515
2025-11-25 21:00:00+00:00,2025-11-25 22:00:00+00:00,53521.57,53807.160390681776
2025-11-25 21:00:00+00:00,2025-11-25 23:00:00+00:00,50660.49,51773.81971727886
2025-11-25 21:00:00+00:00,2025-11-26 00:00:00+00:00,49123.06,50708.306647271034
2025-11-25 21:00:00+00:00,2025-11-26 01:00:00+00:00,48425.19,50266.66747359612
2025-11-25 21:00:00+00:00,2025-11-26 02:00:00+00:00,48342.12,49641.901070056694
2025-11-25 21:00:00+00:00,2025-11-26 03:00:00+00:00,50130.62,50240.68235165306
2025-11-25 21:00:00+00:00,2025-11-26 04:00:00+00:00,53616.07,55811.34759719473
2025-11-25 21:00:00+00:00,2025-11-26 05:00:00+00:00,61155.24,61455.527510712316
2025-11-25 21:00:00+00:00,2025-11-26 06:00:00+00:00,67037.23,66765.19406522183
2025-11-25 21:00:00+00:00,2025-11-26 07:00:00+00:00,70121.56,69087.82460272731
2025-11-25 21:00:00+00:00,2025-11-26 08:00:00+00:00,70500.03,69796.66275859236
2025-11-25 21:00:00+00:00,2025-11-26 09:00:00+00:00,70681.72,70030.57232154426
2025-11-25 21:00:00+00:00,2025-11-26 10:00:00+00:00,70977.72,69820.42594379465
2025-11-25 21:00:00+00:00,2025-11-26 11:00:00+00:00,70881.28,69328.65459901147
2025-11-25 21:00:00+00:00,2025-11-26 12:00:00+00:00,70494.24,68445.06162995406
2025-11-25 21:00:00+00:00,2025-11-26 13:00:00+00:00,69883.7,67798.84268809384
2025-11-25 21:00:00+00:00,2025-11-26 14:00:00+00:00,69797.43,67703.36111981455
2025-11-25 21:00:00+00:00,2025-11-26 15:00:00+00:00,70663.2,69047.53324080535
2025-11-25 21:00:00+00:00,2025-11-26 16:00:00+00:00,72053.58,70425.37673458635
2025-11-25 21:00:00+00:00,2025-11-26 17:00:00+00:00,71138.91,69994.473040327
2025-11-25 21:00:00+00:00,2025-11-26 18:00:00+00:00,69108.79,68294.5099027911
2025-11-25 21:00:00+00:00,2025-11-26 19:00:00+00:00,65456.34,65322.858532314036
2025-11-25 21:00:00+00:00,2025-11-26 20:00:00+00:00,62205.32,61319.701531478226
2025-11-25 21:00:00+00:00,2025-11-26 21:00:00+00:00,59070.93,57392.62702704997
2025-11-26 21:00:00+00:00,2025-11-26 22:00:00+00:00,55305.94,55051.409994425696
2025-11-26 21:00:00+00:00,2025-11-26 23:00:00+00:00,51934.3,51558.79659520819
2025-11-26 21:00:00+00:00,2025-11-27 00:00:00+00:00,50114.44,49605.471028004475
2025-11-26 21:00:00+00:00,2025-11-27 01:00:00+00:00,49243.43,48052.284869970754
2025-11-26 21:00:00+00:00,2025-11-27 02:00:00+00:00,49525.8,48352.08162678415
2025-11-26 21:00:00+00:00,2025-11-27 03:00:00+00:00,51290.97,49674.43654100907
2025-11-26 21:00:00+00:00,2025-11-27 04:00:00+00:00,55751.32,53173.32739015689
2025-11-26 21:00:00+00:00,2025-11-27 05:00:00+00:00,63894.51,60796.88926067351
2025-11-26 21:00:00+00:00,2025-11-27 06:00:00+00:00,69889.45,66306.49460469303
2025-11-26 21:00:00+00:00,2025-11-27 07:00:00+00:00,73017.22,69059.04372778483
2025-11-26 21:00:00+00:00,2025-11-27 08:00:00+00:00,73189.58,69864.98491733387
2025-11-26 21:00:00+00:00,2025-11-27 09:00:00+00:00,73152.14,70059.86771238994
2025-11-26 21:00:00+00:00,2025-11-27 10:00:00+00:00,73010.57,70031.12409259111
2025-11-26 21:00:00+00:00,2025-11-27 11:00:00+00:00,72487.53,69579.94137497045
2025-11-26 21:00:00+00:00,2025-11-27 12:00:00+00:00,72666.26,69433.65409338287
2025-11-26 21:00:00+00:00,2025-11-27 13:00:00+00:00,71914.8,69248.65894697404
2025-11-26 21:00:00+00:00,2025-11-27 14:00:00+00:00,72285.11,69132.53322215323
2025-11-26 21:00:00+00:00,2025-11-27 15:00:00+00:00,73542.05,70058.28110662496
2025-11-26 21:00:00+00:00,2025-11-27 16:00:00+00:00,75635.21,71287.2860711297
2025-11-26 21:00:00+00:00,2025-11-27 17:00:00+00:00,74650.38,71160.58669295331
2025-11-26 21:00:00+00:00,2025-11-27 18:00:00+00:00,72591.4,69610.4243301643
2025-11-26 21:00:00+00:00,2025-11-27 19:00:00+00:00,68889.9,67712.46890069582
2025-11-26 21:00:00+00:00,2025-11-27 20:00:00+00:00,65232.72,65114.73069661214
2025-11-26 21:00:00+00:00,2025-11-27 21:00:00+00:00,61712.7,61960.5429429192
2025-11-27 21:00:00+00:00,2025-11-27 22:00:00+00:00,57829.53,58003.06760324933
2025-11-27 21:00:00+00:00,2025-11-27 23:00:00+00:00,54831.93,58486.485101338556
2025-11-27 21:00:00+00:00,2025-11-28 00:00:00+00:00,53011.33,59356.70672700601
2025-11-27 21:00:00+00:00,2025-11-28 01:00:00+00:00,51846.61,59597.082769779176
2025-11-27 21:00:00+00:00,2025-11-28 02:00:00+00:00,52207.57,60458.5259342179
2025-11-27 21:00:00+00:00,2025-11-28 03:00:00+00:00,53012.28,60778.07762962881
2025-11-27 21:00:00+00:00,2025-11-28 04:00:00+00:00,55891.95,62449.310318306365
2025-11-27 21:00:00+00:00,2025-11-28 05:00:00+00:00,63990.39,66190.03169855732
2025-11-27 21:00:00+00:00,2025-11-28 06:00:00+00:00,70002.64,70019.04339376325
2025-11-27 21:00:00+00:00,2025-11-28 07:00:00+00:00,72387.51,72762.08739510401
2025-11-27 21:00:00+00:00,2025-11-28 08:00:00+00:00,72143.47,73320.73475640884
2025-11-27 21:00:00+00:00,2025-11-28 09:00:00+00:00,72080.81,73306.88495741214
2025-11-27 21:00:00+00:00,2025-11-28 10:00:00+00:00,71926.76,72920.96036284107
2025-11-27 21:00:00+00:00,2025-11-28 11:00:00+00:00,70703.74,71821.0162233021
2025-11-27 21:00:00+00:00,2025-11-28 12:00:00+00:00,68458.26,70127.03694202824
2025-11-27 21:00:00+00:00,2025-11-28 13:00:00+00:00,67837.89,69342.65846888068
2025-11-27 21:00:00+00:00,2025-11-28 14:00:00+00:00,67798.71,68937.4784414045
2025-11-27 21:00:00+00:00,2025-11-28 15:00:00+00:00,68986.93,70450.1387505487
2025-11-27 21:00:00+00:00,2025-11-28 16:00:00+00:00,69864.35,72374.60290397638
2025-11-27 21:00:00+00:00,2025-11-28 17:00:00+00:00,68646.94,72156.74692536306
2025-11-27 21:00:00+00:00,2025-11-28 18:00:00+00:00,66760.64,69949.27753859002
2025-11-27 21:00:00+00:00,2025-11-28 19:00:00+00:00,63867.82,66571.19522711245
2025-11-27 21:00:00+00:00,2025-11-28 20:00:00+00:00,60742.1,62570.25718432572
2025-11-27 21:00:00+00:00,2025-11-28 21:00:00+00:00,57704.31,59654.79612938568
2025-11-28 21:00:00+00:00,2025-11-28 22:00:00+00:00,53772.11,54679.5403936625
2025-11-28 21:00:00+00:00,2025-11-28 23:00:00+00:00,50056.88,52869.37965345695
2025-11-28 21:00:00+00:00,2025-11-29 00:00:00+00:00,47513.35,50613.077200387575
2025-11-28 21:00:00+00:00,2025-11-29 01:00:00+00:00,46290.4,50340.06360914163
2025-11-28 21:00:00+00:00,2025-11-29 02:00:00+00:00,45554.41,49680.57863842683
2025-11-28 21:00:00+00:00,2025-11-29 03:00:00+00:00,45734.9,50435.22054767228
2025-11-28 21:00:00+00:00,2025-11-29 04:00:00+00:00,46336.5,53131.876573689246
2025-11-28 21:00:00+00:00,2025-11-29 05:00:00+00:00,48369.17,56437.9153905541
2025-11-28 21:00:00+00:00,2025-11-29 06:00:00+00:00,51357.34,59205.443776356005
2025-11-28 21:00:00+00:00,2025-11-29 07:00:00+00:00,54873.03,63113.230788096975
2025-11-28 21:00:00+00:00,2025-11-29 08:00:00+00:00,57333.08,63522.11972484048
2025-11-28 21:00:00+00:00,2025-11-29 09:00:00+00:00,58795.04,64072.5475393138
2025-11-28 21:00:00+00:00,2025-11-29 10:00:00+00:00,59043.55,64366.27801692896
2025-11-28 21:00:00+00:00,2025-11-29 11:00:00+00:00,58243.45,63730.9374740514
2025-11-28 21:00:00+00:00,2025-11-29 12:00:00+00:00,56872.41,63436.87016189176
2025-11-28 21:00:00+00:00,2025-11-29 13:00:00+00:00,56089.03,62538.91605181776
2025-11-28 21:00:00+00:00,2025-11-29 14:00:00+00:00,56396.89,62179.49927178681
2025-11-28 21:00:00+00:00,2025-11-29 15:00:00+00:00,58499.01,63186.44762570398
2025-11-28 21:00:00+00:00,2025-11-29 16:00:00+00:00,60276.23,66203.05803728354
2025-11-28 21:00:00+00:00,2025-11-29 17:00:00+00:00,60377.86,65978.39304035046
2025-11-28 21:00:00+00:00,2025-11-29 18:00:00+00:00,58457.12,64347.10906874051
2025-11-28 21:00:00+00:00,2025-11-29 19:00:00+00:00,55833.84,61245.27466485986
2025-11-28 21:00:00+00:00,2025-11-29 20:00:00+00:00,53755.23,58327.6101998915
2025-11-28 21:00:00+00:00,2025-11-29 21:00:00+00:00,52140.45,55508.148922357264
2025-11-29 21:00:00+00:00,2025-11-29 22:00:00+00:00,49028.55,50215.26143006356
2025-11-29 21:00:00+00:00,2025-11-29 23:00:00+00:00,46342.82,47831.67714626463
2025-11-29 21:00:00+00:00,2025-11-30 00:00:00+00:00,44355.95,46792.03681114419
2025-11-29 21:00:00+00:00,2025-11-30 01:00:00+00:00,44053.12,45260.837658620556
2025-11-29 21:00:00+00:00,2025-11-30 02:00:00+00:00,43899.93,44182.33372081147
2025-11-29 21:00:00+00:00,2025-11-30 03:00:00+00:00,43765.67,44689.85508141803
2025-11-29 21:00:00+00:00,2025-11-30 04:00:00+00:00,44296.64,45756.61518573599
2025-11-29 21:00:00+00:00,2025-11-30 05:00:00+00:00,45306.37,47869.00551645011
2025-11-29 21:00:00+00:00,2025-11-30 06:00:00+00:00,46854.26,50441.10011958084
2025-11-29 21:00:00+00:00,2025-11-30 07:00:00+00:00,50365.47,52858.98592686077
2025-11-29 21:00:00+00:00,2025-11-30 08:00:00+00:00,53134.1,53870.23428166825
2025-11-29 21:00:00+00:00,2025-11-30 09:00:00+00:00,54633.22,55505.6564648856
2025-11-29 21:00:00+00:00,2025-11-30 10:00:00+00:00,56857.28,57066.58254636893
2025-11-29 21:00:00+00:00,2025-11-30 11:00:00+00:00,56947.61,56598.16267386213
2025-11-29 21:00:00+00:00,2025-11-30 12:00:00+00:00,55338.68,55739.168930514265
2025-11-29 21:00:00+00:00,2025-11-30 13:00:00+00:00,54730.76,55001.19036799442
2025-11-29 21:00:00+00:00,2025-11-30 14:00:00+00:00,54780.08,56272.74505302554
2025-11-29 21:00:00+00:00,2025-11-30 15:00:00+00:00,56384.92,59015.42099229678
2025-11-29 21:00:00+00:00,2025-11-30 16:00:00+00:00,59136.82,62350.223949767635
2025-11-29 21:00:00+00:00,2025-11-30 17:00:00+00:00,60055.43,63950.41627927651
2025-11-29 21:00:00+00:00,2025-11-30 18:00:00+00:00,58741.3,64459.79319851421
2025-11-29 21:00:00+00:00,2025-11-30 19:00:00+00:00,56434.06,62103.895100600435
2025-11-29 21:00:00+00:00,2025-11-30 20:00:00+00:00,55054.3,58624.41348515159
2025-11-29 21:00:00+00:00,2025-11-30 21:00:00+00:00,53398.52,56912.48036736414
2025-11-30 21:00:00+00:00,2025-11-30 22:00:00+00:00,50913.94,51569.967780693136
2025-11-30 21:00:00+00:00,2025-11-30 23:00:00+00:00,48890.56,51249.079204114154
2025-11-30 21:00:00+00:00,2025-12-01 00:00:00+00:00,47822.06,50214.416961504874
2025-11-30 21:00:00+00:00,2025-12-01 01:00:00+00:00,46833.66,49940.19302178092
2025-11-30 21:00:00+00:00,2025-12-01 02:00:00+00:00,47429.0,50149.84497110749
2025-11-30 21:00:00+00:00,2025-12-01 03:00:00+00:00,49638.37,52997.15767795812
2025-11-30 21:00:00+00:00,2025-12-01 04:00:00+00:00,53093.07,55689.773792694505
2025-11-30 21:00:00+00:00,2025-12-01 05:00:00+00:00,61915.92,62108.50817764072
2025-11-30 21:00:00+00:00,2025-12-01 06:00:00+00:00,68387.41,67155.04863711851
2025-11-30 21:00:00+00:00,2025-12-01 07:00:00+00:00,70351.78,70041.8673260671
2025-11-30 21:00:00+00:00,2025-12-01 08:00:00+00:00,70639.38,72058.78468839025
2025-11-30 21:00:00+00:00,2025-12-01 09:00:00+00:00,69740.01,72723.71926768776
2025-11-30 21:00:00+00:00,2025-12-01 10:00:00+00:00,69368.88,72690.1561914805
2025-11-30 21:00:00+00:00,2025-12-01 11:00:00+00:00,68968.81,72102.32172286327
2025-11-30 21:00:00+00:00,2025-12-01 12:00:00+00:00,68327.9,71924.3759216991
2025-11-30 21:00:00+00:00,2025-12-01 13:00:00+00:00,68367.81,71223.3971491018
2025-11-30 21:00:00+00:00,2025-12-01 14:00:00+00:00,69125.56,71337.28462793055
2025-11-30 21:00:00+00:00,2025-12-01 15:00:00+00:00,71097.39,71741.90787881604
2025-11-30 21:00:00+00:00,2025-12-01 16:00:00+00:00,73635.8,72340.28830239298
2025-11-30 21:00:00+00:00,2025-12-01 17:00:00+00:00,73262.27,71418.71019039022
2025-11-30 21:00:00+00:00,2025-12-01 18:00:00+00:00,71584.87,70523.69733747294
2025-11-30 21:00:00+00:00,2025-12-01 19:00:00+00:00,68464.67,68050.33531241017
2025-11-30 21:00:00+00:00,2025-12-01 20:00:00+00:00,64421.1,65103.68977257588
2025-11-30 21:00:00+00:00,2025-12-01 21:00:00+00:00,60909.94,62248.11799502385
2025-12-01 21:00:00+00:00,2025-12-01 22:00:00+00:00,56996.77,57561.364508028244
2025-12-01 21:00:00+00:00,2025-12-01 23:00:00+00:00,53933.64,56397.29663322754
2025-12-01 21:00:00+00:00,2025-12-02 00:00:00+00:00,52019.31,55197.91237589943
2025-12-01 21:00:00+00:00,2025-12-02 01:00:00+00:00,51322.97,53027.21167235578
2025-12-01 21:00:00+00:00,2025-12-02 02:00:00+00:00,51807.05,51904.58727354966
2025-12-01 21:00:00+00:00,2025-12-02 03:00:00+00:00,53119.99,53601.6038554505
2025-12-01 21:00:00+00:00,2025-12-02 04:00:00+00:00,56885.26,55024.42717250397
2025-12-01 21:00:00+00:00,2025-12-02 05:00:00+00:00,65113.84,63034.287676754015
2025-12-01 21:00:00+00:00,2025-12-02 06:00:00+00:00,71459.93,68991.79352148953
2025-12-01 21:00:00+00:00,2025-12-02 07:00:00+00:00,73852.2,72041.75852114847
2025-12-01 21:00:00+00:00,2025-12-02 08:00:00+00:00,73391.41,73172.27645989307
2025-12-01 21:00:00+00:00,2025-12-02 09:00:00+00:00,73117.78,72990.47598093293
2025-12-01 21:00:00+00:00,2025-12-02 10:00:00+00:00,72736.82,72750.79645027452
2025-12-01 21:00:00+00:00,2025-12-02 11:00:00+00:00,71848.78,72011.1202134567
2025-12-01 21:00:00+00:00,2025-12-02 12:00:00+00:00,71307.75,71279.39720631167
2025-12-01 21:00:00+00:00,2025-12-02 13:00:00+00:00,70576.15,70878.24726719636
2025-12-01 21:00:00+00:00,2025-12-02 14:00:00+00:00,70374.39,70142.62556266434
2025-12-01 21:00:00+00:00,2025-12-02 15:00:00+00:00,72000.65,71069.8219545942
2025-12-01 21:00:00+00:00,2025-12-02 16:00:00+00:00,73713.71,73143.96578435494
2025-12-01 21:00:00+00:00,2025-12-02 17:00:00+00:00,72679.35,73030.97623724767
2025-12-01 21:00:00+00:00,2025-12-02 18:00:00+00:00,70572.93,70851.7591117421
2025-12-01 21:00:00+00:00,2025-12-02 19:00:00+00:00,67262.71,67541.67777937686
2025-12-01 21:00:00+00:00,2025-12-02 20:00:00+00:00,63106.53,63580.91056252838
2025-12-01 21:00:00+00:00,2025-12-02 21:00:00+00:00,59719.45,60268.426698602634
2025-12-02 21:00:00+00:00,2025-12-02 22:00:00+00:00,55880.28,56541.033409578435
2025-12-02 21:00:00+00:00,2025-12-02 23:00:00+00:00,52457.76,54348.509409502396
2025-12-02 21:00:00+00:00,2025-12-03 00:00:00+00:00,50527.62,51935.70352103586
2025-12-02 21:00:00+00:00,2025-12-03 01:00:00+00:00,49664.34,50991.04174244754
2025-12-02 21:00:00+00:00,2025-12-03 02:00:00+00:00,50101.01,50615.7625108831
2025-12-02 21:00:00+00:00,2025-12-03 03:00:00+00:00,51407.69,52365.00740937813
2025-12-02 21:00:00+00:00,2025-12-03 04:00:00+00:00,54743.26,56002.71549015276
2025-12-02 21:00:00+00:00,2025-12-03 05:00:00+00:00,62396.77,64242.83145381354
2025-12-02 21:00:00+00:00,2025-12-03 06:00:00+00:00,68235.8,70625.95823156554
2025-12-02 21:00:00+00:00,2025-12-03 07:00:00+00:00,70575.38,72691.77361378312
2025-12-02 21:00:00+00:00,2025-12-03 08:00:00+00:00,70794.44,73095.94592941552
2025-12-02 21:00:00+00:00,2025-12-03 09:00:00+00:00,71274.74,73094.34375336656
2025-12-02 21:00:00+00:00,2025-12-03 10:00:00+00:00,71363.38,73001.01375238018
2025-12-02 21:00:00+00:00,2025-12-03 11:00:00+00:00,71145.77,72641.64846629434
2025-12-02 21:00:00+00:00,2025-12-03 12:00:00+00:00,70700.23,72457.50207209666
2025-12-02 21:00:00+00:00,2025-12-03 13:00:00+00:00,69988.94,72413.32336141195
2025-12-02 21:00:00+00:00,2025-12-03 14:00:00+00:00,70164.6,72772.09472477325
2025-12-02 21:00:00+00:00,2025-12-03 15:00:00+00:00,71402.87,73205.3578149015
2025-12-02 21:00:00+00:00,2025-12-03 16:00:00+00:00,72761.33,73726.53463423597
2025-12-02 21:00:00+00:00,2025-12-03 17:00:00+00:00,71999.52,72886.8524828761
2025-12-02 21:00:00+00:00,2025-12-03 18:00:00+00:00,70012.83,71483.88990958802
2025-12-02 21:00:00+00:00,2025-12-03 19:00:00+00:00,66533.6,67918.01017563665
2025-12-02 21:00:00+00:00,2025-12-03 20:00:00+00:00,62708.8,64106.81395310945
2025-12-02 21:00:00+00:00,2025-12-03 21:00:00+00:00,59099.18,60858.147310141314
2025-12-03 21:00:00+00:00,2025-12-03 22:00:00+00:00,55050.24,54771.89784683114
2025-12-03 21:00:00+00:00,2025-12-03 23:00:00+00:00,52638.47,50988.103330044185
2025-12-03 21:00:00+00:00,2025-12-04 00:00:00+00:00,50833.7,49496.044260682655
2025-12-03 21:00:00+00:00,2025-12-04 01:00:00+00:00,49702.72,48415.21246560192
2025-12-03 21:00:00+00:00,2025-12-04 02:00:00+00:00,50298.42,48703.09892184653
2025-12-03 21:00:00+00:00,2025-12-04 03:00:00+00:00,51812.86,49559.47353684162
2025-12-03 21:00:00+00:00,2025-12-04 04:00:00+00:00,55501.43,53499.180376027754
2025-12-03 21:00:00+00:00,2025-12-04 05:00:00+00:00,63075.94,61287.435726405274
2025-12-03 21:00:00+00:00,2025-12-04 06:00:00+00:00,68539.38,67546.44506505429
2025-12-03 21:00:00+00:00,2025-12-04 07:00:00+00:00,71277.09,70456.57696538202
2025-12-03 21:00:00+00:00,2025-12-04 08:00:00+00:00,71621.42,70912.46037767275
2025-12-03 21:00:00+00:00,2025-12-04 09:00:00+00:00,71914.21,71284.94992029059
2025-12-03 21:00:00+00:00,2025-12-04 10:00:00+00:00,71880.93,71686.01458414605
2025-12-03 21:00:00+00:00,2025-12-04 11:00:00+00:00,71505.53,71927.39645417694
2025-12-03 21:00:00+00:00,2025-12-04 12:00:00+00:00,70404.73,71933.80213865633
2025-12-03 21:00:00+00:00,2025-12-04 13:00:00+00:00,69843.41,71952.61437754211
2025-12-03 21:00:00+00:00,2025-12-04 14:00:00+00:00,69610.47,72530.91225910716
2025-12-03 21:00:00+00:00,2025-12-04 15:00:00+00:00,70977.32,73372.20009445521
2025-12-03 21:00:00+00:00,2025-12-04 16:00:00+00:00,72831.86,73795.5376662686
2025-12-03 21:00:00+00:00,2025-12-04 17:00:00+00:00,72564.45,73082.44338559483
2025-12-03 21:00:00+00:00,2025-12-04 18:00:00+00:00,71011.57,72164.20947483875
2025-12-03 21:00:00+00:00,2025-12-04 19:00:00+00:00,67314.85,70036.09377038179
2025-12-03 21:00:00+00:00,2025-12-04 20:00:00+00:00,63759.18,67096.91799858463
2025-12-03 21:00:00+00:00,2025-12-04 21:00:00+00:00,60298.93,63688.52135293857
2025-12-04 21:00:00+00:00,2025-12-04 22:00:00+00:00,56363.64,57425.83531668705
2025-12-04 21:00:00+00:00,2025-12-04 23:00:00+00:00,53297.0,54990.0785975818
2025-12-04 21:00:00+00:00,2025-12-05 00:00:00+00:00,51501.64,53468.067417027174
2025-12-04 21:00:00+00:00,2025-12-05 01:00:00+00:00,50511.02,52430.67792397958
2025-12-04 21:00:00+00:00,2025-12-05 02:00:00+00:00,50601.82,52120.02446261983
2025-12-04 21:00:00+00:00,2025-12-05 03:00:00+00:00,51796.97,53810.28418953052
2025-12-04 21:00:00+00:00,2025-12-05 04:00:00+00:00,54907.34,57081.42293547581
2025-12-04 21:00:00+00:00,2025-12-05 05:00:00+00:00,61960.63,63456.17605952763
2025-12-04 21:00:00+00:00,2025-12-05 06:00:00+00:00,67856.39,69170.63432631695
2025-12-04 21:00:00+00:00,2025-12-05 07:00:00+00:00,70721.07,71878.38465570327
2025-12-04 21:00:00+00:00,2025-12-05 08:00:00+00:00,70763.79,71987.04749893425
2025-12-04 21:00:00+00:00,2025-12-05 09:00:00+00:00,70945.92,71938.75337333491
2025-12-04 21:00:00+00:00,2025-12-05 10:00:00+00:00,70755.8,71885.39235855243
2025-12-04 21:00:00+00:00,2025-12-05 11:00:00+00:00,69570.98,71482.08156561905
2025-12-04 21:00:00+00:00,2025-12-05 12:00:00+00:00,68042.24,70526.82463956892
2025-12-04 21:00:00+00:00,2025-12-05 13:00:00+00:00,67182.4,69474.25236688851
2025-12-04 21:00:00+00:00,2025-12-05 14:00:00+00:00,67416.89,69413.69596293442
2025-12-04 21:00:00+00:00,2025-12-05 15:00:00+00:00,68875.7,70963.13816554424
2025-12-04 21:00:00+00:00,2025-12-05 16:00:00+00:00,69745.51,72126.69310049346
2025-12-04 21:00:00+00:00,2025-12-05 17:00:00+00:00,68537.4,70818.06367003829
2025-12-04 21:00:00+00:00,2025-12-05 18:00:00+00:00,66400.69,68754.12069609735
2025-12-04 21:00:00+00:00,2025-12-05 19:00:00+00:00,63060.84,65205.05133511975
2025-12-04 21:00:00+00:00,2025-12-05 20:00:00+00:00,60252.21,61615.165744655445
2025-12-04 21:00:00+00:00,2025-12-05 21:00:00+00:00,57159.42,57570.26253875421
2025-12-05 21:00:00+00:00,2025-12-05 22:00:00+00:00,53236.27,54254.29072580712
2025-12-05 21:00:00+00:00,2025-12-05 23:00:00+00:00,49871.48,52048.255428738434
2025-12-05 21:00:00+00:00,2025-12-06 00:00:00+00:00,48115.66,50287.88845866685
2025-12-05 21:00:00+00:00,2025-12-06 01:00:00+00:00,46957.29,49151.350373241105
2025-12-05 21:00:00+00:00,2025-12-06 02:00:00+00:00,46052.04,48325.1215468968
2025-12-05 21:00:00+00:00,2025-12-06 03:00:00+00:00,46743.62,47764.178913114134
2025-12-05 21:00:00+00:00,2025-12-06 04:00:00+00:00,47542.17,47467.094827184475
2025-12-05 21:00:00+00:00,2025-12-06 05:00:00+00:00,49389.33,49232.58070255145
2025-12-05 21:00:00+00:00,2025-12-06 06:00:00+00:00,52295.73,51246.25956358959
2025-12-05 21:00:00+00:00,2025-12-06 07:00:00+00:00,56075.2,54482.443805370465
2025-12-05 21:00:00+00:00,2025-12-06 08:00:00+00:00,58679.13,56861.388855203906
2025-12-05 21:00:00+00:00,2025-12-06 09:00:00+00:00,60163.61,57679.407907435365
2025-12-05 21:00:00+00:00,2025-12-06 10:00:00+00:00,61037.35,58881.02074125742
2025-12-05 21:00:00+00:00,2025-12-06 11:00:00+00:00,60179.56,57634.27563532029
2025-12-05 21:00:00+00:00,2025-12-06 12:00:00+00:00,59517.44,56883.96571906922
2025-12-05 21:00:00+00:00,2025-12-06 13:00:00+00:00,58866.52,56898.847614720544
2025-12-05 21:00:00+00:00,2025-12-06 14:00:00+00:00,59354.86,57776.818553502766
2025-12-05 21:00:00+00:00,2025-12-06 15:00:00+00:00,61360.05,58460.68009480635
2025-12-05 21:00:00+00:00,2025-12-06 16:00:00+00:00,62847.61,59653.37406952816
2025-12-05 21:00:00+00:00,2025-12-06 17:00:00+00:00,62411.0,59805.71900198923
2025-12-05 21:00:00+00:00,2025-12-06 18:00:00+00:00,60564.04,57324.325007534855
2025-12-05 21:00:00+00:00,2025-12-06 19:00:00+00:00,56932.45,55896.59565328031
2025-12-05 21:00:00+00:00,2025-12-06 20:00:00+00:00,53737.94,54914.014091108234
2025-12-05 21:00:00+00:00,2025-12-06 21:00:00+00:00,51904.99,53863.03789780112
2025-12-06 21:00:00+00:00,2025-12-06 22:00:00+00:00,48581.15,48853.73737924544
2025-12-06 21:00:00+00:00,2025-12-06 23:00:00+00:00,45040.42,46850.60503458614
2025-12-06 21:00:00+00:00,2025-12-07 00:00:00+00:00,42970.14,45024.00940229113
2025-12-06 21:00:00+00:00,2025-12-07 01:00:00+00:00,41823.61,43464.28761909892
2025-12-06 21:00:00+00:00,2025-12-07 02:00:00+00:00,41408.11,42697.184524372286
2025-12-06 21:00:00+00:00,2025-12-07 03:00:00+00:00,41686.42,42861.536506861696
2025-12-06 21:00:00+00:00,2025-12-07 04:00:00+00:00,41683.23,43561.74473185943
2025-12-06 21:00:00+00:00,2025-12-07 05:00:00+00:00,42458.17,45022.76764093441
2025-12-06 21:00:00+00:00,2025-12-07 06:00:00+00:00,44774.0,47204.01104001226
2025-12-06 21:00:00+00:00,2025-12-07 07:00:00+00:00,48501.76,49746.90175290697
2025-12-06 21:00:00+00:00,2025-12-07 08:00:00+00:00,51219.72,52316.08937100948
2025-12-06 21:00:00+00:00,2025-12-07 09:00:00+00:00,52379.48,52818.81971941498
2025-12-06 21:00:00+00:00,2025-12-07 10:00:00+00:00,54250.21,54396.56171035106
2025-12-06 21:00:00+00:00,2025-12-07 11:00:00+00:00,54359.55,54322.32955772697
2025-12-06 21:00:00+00:00,2025-12-07 12:00:00+00:00,52390.01,53924.52971725001
2025-12-06 21:00:00+00:00,2025-12-07 13:00:00+00:00,51219.53,53423.877777619266
2025-12-06 21:00:00+00:00,2025-12-07 14:00:00+00:00,51802.14,53621.04256230958
2025-12-06 21:00:00+00:00,2025-12-07 15:00:00+00:00,53966.86,55718.931966146054
2025-12-06 21:00:00+00:00,2025-12-07 16:00:00+00:00,56406.65,57840.75793482265
2025-12-06 21:00:00+00:00,2025-12-07 17:00:00+00:00,57129.52,57676.760291454884
2025-12-06 21:00:00+00:00,2025-12-07 18:00:00+00:00,56354.12,55796.50733331995
2025-12-06 21:00:00+00:00,2025-12-07 19:00:00+00:00,54695.0,54002.338040227936
2025-12-06 21:00:00+00:00,2025-12-07 20:00:00+00:00,53270.19,52459.1326454464
2025-12-06 21:00:00+00:00,2025-12-07 21:00:00+00:00,51727.86,51854.827835782766
2025-12-07 21:00:00+00:00,2025-12-07 22:00:00+00:00,49025.62,49429.5825597069
2025-12-07 21:00:00+00:00,2025-12-07 23:00:00+00:00,46748.43,46989.90293132629
2025-12-07 21:00:00+00:00,2025-12-08 00:00:00+00:00,45369.26,46349.619912130285
2025-12-07 21:00:00+00:00,2025-12-08 01:00:00+00:00,44906.5,45538.703008613615
2025-12-07 21:00:00+00:00,2025-12-08 02:00:00+00:00,45395.13,45972.37195221156
2025-12-07 21:00:00+00:00,2025-12-08 03:00:00+00:00,47042.25,48091.08907938801
2025-12-07 21:00:00+00:00,2025-12-08 04:00:00+00:00,51155.48,52183.09398947925
2025-12-07 21:00:00+00:00,2025-12-08 05:00:00+00:00,59404.64,60559.13750142769
2025-12-07 21:00:00+00:00,2025-12-08 06:00:00+00:00,65890.23,65577.23010591473
2025-12-07 21:00:00+00:00,2025-12-08 07:00:00+00:00,68556.4,68798.73814491206
2025-12-07 21:00:00+00:00,2025-12-08 08:00:00+00:00,68454.09,69380.78078169406
2025-12-07 21:00:00+00:00,2025-12-08 09:00:00+00:00,69314.36,69895.77668590858
2025-12-07 21:00:00+00:00,2025-12-08 10:00:00+00:00,70000.78,70285.60664532242
2025-12-07 21:00:00+00:00,2025-12-08 11:00:00+00:00,69737.69,69768.08938328392
2025-12-07 21:00:00+00:00,2025-12-08 12:00:00+00:00,69771.8,68990.02282492837
2025-12-07 21:00:00+00:00,2025-12-08 13:00:00+00:00,68895.08,68622.80898635891
2025-12-07 21:00:00+00:00,2025-12-08 14:00:00+00:00,69198.25,68777.34581442196
2025-12-07 21:00:00+00:00,2025-12-08 15:00:00+00:00,70788.65,69780.63176622598
2025-12-07 21:00:00+00:00,2025-12-08 16:00:00+00:00,72159.12,71472.2785267195
2025-12-07 21:00:00+00:00,2025-12-08 17:00:00+00:00,71636.7,71484.83425376736
2025-12-07 21:00:00+00:00,2025-12-08 18:00:00+00:00,69290.91,70596.05923883614
2025-12-07 21:00:00+00:00,2025-12-08 19:00:00+00:00,65473.34,68436.73476050814
2025-12-07 21:00:00+00:00,2025-12-08 20:00:00+00:00,61576.25,65410.37753036831
2025-12-07 21:00:00+00:00,2025-12-08 21:00:00+00:00,57468.78,61589.10571777987
2025-12-08 21:00:00+00:00,2025-12-08 22:00:00+00:00,53602.5,54335.01585008891
2025-12-08 21:00:00+00:00,2025-12-08 23:00:00+00:00,49900.61,52869.057178421586
2025-12-08 21:00:00+00:00,2025-12-09 00:00:00+00:00,48207.06,50620.67408894846
2025-12-08 21:00:00+00:00,2025-12-09 01:00:00+00:00,46768.73,50473.18489515609
2025-12-08 21:00:00+00:00,2025-12-09 02:00:00+00:00,47072.66,51129.75700545509
2025-12-08 21:00:00+00:00,2025-12-09 03:00:00+00:00,48693.56,53207.601680862805
2025-12-08 21:00:00+00:00,2025-12-09 04:00:00+00:00,52377.14,57673.90798055306
2025-12-08 21:00:00+00:00,2025-12-09 05:00:00+00:00,60841.83,64843.798261308155
2025-12-08 21:00:00+00:00,2025-12-09 06:00:00+00:00,67195.69,69503.20311876987
2025-12-08 21:00:00+00:00,2025-12-09 07:00:00+00:00,69890.05,71519.25751606411
2025-12-08 21:00:00+00:00,2025-12-09 08:00:00+00:00,68995.67,71601.84776699138
2025-12-08 21:00:00+00:00,2025-12-09 09:00:00+00:00,68449.51,71443.12210762099
2025-12-08 21:00:00+00:00,2025-12-09 10:00:00+00:00,68043.76,71449.97609115926
2025-12-08 21:00:00+00:00,2025-12-09 11:00:00+00:00,67153.16,70958.85655662062
2025-12-08 21:00:00+00:00,2025-12-09 12:00:00+00:00,65778.68,70364.01011436047
2025-12-08 21:00:00+00:00,2025-12-09 13:00:00+00:00,65605.09,69881.91384627305
2025-12-08 21:00:00+00:00,2025-12-09 14:00:00+00:00,65762.58,70248.56772956501
2025-12-08 21:00:00+00:00,2025-12-09 15:00:00+00:00,67346.2,71931.40766570103
2025-12-08 21:00:00+00:00,2025-12-09 16:00:00+00:00,69436.73,73503.91077835443
2025-12-08 21:00:00+00:00,2025-12-09 17:00:00+00:00,68979.91,72875.74017605513
2025-12-08 21:00:00+00:00,2025-12-09 18:00:00+00:00,67470.95,71731.64450855665
2025-12-08 21:00:00+00:00,2025-12-09 19:00:00+00:00,63838.98,68838.47235418712
2025-12-08 21:00:00+00:00,2025-12-09 20:00:00+00:00,60929.61,65342.674711027925
2025-12-08 21:00:00+00:00,2025-12-09 21:00:00+00:00,56339.96,62161.575929376755
2025-12-09 21:00:00+00:00,2025-12-09 22:00:00+00:00,53328.11,53652.419928893076
2025-12-09 21:00:00+00:00,2025-12-09 23:00:00+00:00,50212.71,50708.42257308225
2025-12-09 21:00:00+00:00,2025-12-10 00:00:00+00:00,47989.55,49099.49085898618
2025-12-09 21:00:00+00:00,2025-12-10 01:00:00+00:00,47484.61,47804.277580270704
2025-12-09 21:00:00+00:00,2025-12-10 02:00:00+00:00,47775.97,47309.845234258275
2025-12-09 21:00:00+00:00,2025-12-10 03:00:00+00:00,49668.86,48439.46516303552
2025-12-09 21:00:00+00:00,2025-12-10 04:00:00+00:00,53430.39,51801.85254224206
2025-12-09 21:00:00+00:00,2025-12-10 05:00:00+00:00,61494.34,59508.133965704576
2025-12-09 21:00:00+00:00,2025-12-10 06:00:00+00:00,67541.5,66014.00035954599
2025-12-09 21:00:00+00:00,2025-12-10 07:00:00+00:00,69486.23,68790.30114864082
2025-12-09 21:00:00+00:00,2025-12-10 08:00:00+00:00,69322.67,68689.00700002961
2025-12-09 21:00:00+00:00,2025-12-10 09:00:00+00:00,69303.63,68547.00851352235
2025-12-09 21:00:00+00:00,2025-12-10 10:00:00+00:00,69856.29,68416.67882370944
2025-12-09 21:00:00+00:00,2025-12-10 11:00:00+00:00,69612.44,67843.6511591591
2025-12-09 21:00:00+00:00,2025-12-10 12:00:00+00:00,68764.19,67453.36106395851
2025-12-09 21:00:00+00:00,2025-12-10 13:00:00+00:00,68404.11,67160.47231448804
2025-12-09 21:00:00+00:00,2025-12-10 14:00:00+00:00,69153.0,67800.21433725713
2025-12-09 21:00:00+00:00,2025-12-10 15:00:00+00:00,70820.73,69433.74719100326
2025-12-09 21:00:00+00:00,2025-12-10 16:00:00+00:00,72047.33,71518.76205636415
2025-12-09 21:00:00+00:00,2025-12-10 17:00:00+00:00,71498.05,70939.05917873394
2025-12-09 21:00:00+00:00,2025-12-10 18:00:00+00:00,69822.72,69305.07911144118
2025-12-09 21:00:00+00:00,2025-12-10 19:00:00+00:00,66286.65,65778.26637743946
2025-12-09 21:00:00+00:00,2025-12-10 20:00:00+00:00,62596.37,61624.96226359582
2025-12-09 21:00:00+00:00,2025-12-10 21:00:00+00:00,58962.32,57151.23154738409
2025-12-10 21:00:00+00:00,2025-12-10 22:00:00+00:00,55021.55,54879.57177254439
2025-12-10 21:00:00+00:00,2025-12-10 23:00:00+00:00,51653.66,52179.69602304921
2025-12-10 21:00:00+00:00,2025-12-11 00:00:00+00:00,49592.31,50147.02510307697
2025-12-10 21:00:00+00:00,2025-12-11 01:00:00+00:00,48694.68,49581.66493084422
2025-12-10 21:00:00+00:00,2025-12-11 02:00:00+00:00,48883.46,50231.332547673555
2025-12-10 21:00:00+00:00,2025-12-11 03:00:00+00:00,50211.44,51410.58556449247
2025-12-10 21:00:00+00:00,2025-12-11 04:00:00+00:00,53863.15,55635.6888428576
2025-12-10 21:00:00+00:00,2025-12-11 05:00:00+00:00,62180.74,63745.83429960112
2025-12-10 21:00:00+00:00,2025-12-11 06:00:00+00:00,68377.73,68785.88936121733
2025-12-10 21:00:00+00:00,2025-12-11 07:00:00+00:00,70778.69,70479.83308159998
2025-12-10 21:00:00+00:00,2025-12-11 08:00:00+00:00,70712.91,70372.23704306736
2025-12-10 21:00:00+00:00,2025-12-11 09:00:00+00:00,71080.77,70188.5713530714
2025-12-10 21:00:00+00:00,2025-12-11 10:00:00+00:00,70668.46,70023.76872692608
2025-12-10 21:00:00+00:00,2025-12-11 11:00:00+00:00,70623.57,69270.81703576002
2025-12-10 21:00:00+00:00,2025-12-11 12:00:00+00:00,70023.02,68582.85704136862
2025-12-10 21:00:00+00:00,2025-12-11 13:00:00+00:00,68913.18,68627.89452507456
2025-12-10 21:00:00+00:00,2025-12-11 14:00:00+00:00,68656.85,69281.89496089228
2025-12-10 21:00:00+00:00,2025-12-11 15:00:00+00:00,70901.32,70861.76828662868
2025-12-10 21:00:00+00:00,2025-12-11 16:00:00+00:00,72784.53,72661.36359571095
2025-12-10 21:00:00+00:00,2025-12-11 17:00:00+00:00,72157.1,72568.9791972328
2025-12-10 21:00:00+00:00,2025-12-11 18:00:00+00:00,70333.58,71709.3096833495
2025-12-10 21:00:00+00:00,2025-12-11 19:00:00+00:00,66222.79,68584.51738460262
2025-12-10 21:00:00+00:00,2025-12-11 20:00:00+00:00,62663.53,64676.145610523294
2025-12-10 21:00:00+00:00,2025-12-11 21:00:00+00:00,59601.73,61575.554798560326
2025-12-11 21:00:00+00:00,2025-12-11 22:00:00+00:00,55335.89,56114.76018703325
2025-12-11 21:00:00+00:00,2025-12-11 23:00:00+00:00,52051.57,53024.33474427754
2025-12-11 21:00:00+00:00,2025-12-12 00:00:00+00:00,49621.05,51381.694213200106
2025-12-11 21:00:00+00:00,2025-12-12 01:00:00+00:00,48202.7,50490.677076808766
2025-12-11 21:00:00+00:00,2025-12-12 02:00:00+00:00,47727.23,50281.64782270194
2025-12-11 21:00:00+00:00,2025-12-12 03:00:00+00:00,48538.93,51197.754425429295
2025-12-11 21:00:00+00:00,2025-12-12 04:00:00+00:00,52205.37,54233.21125016117
2025-12-11 21:00:00+00:00,2025-12-12 05:00:00+00:00,59400.49,62502.10143552357
2025-12-11 21:00:00+00:00,2025-12-12 06:00:00+00:00,65072.47,68722.80361312322
2025-12-11 21:00:00+00:00,2025-12-12 07:00:00+00:00,67993.27,70785.36527820618
2025-12-11 21:00:00+00:00,2025-12-12 08:00:00+00:00,67551.97,71049.18270068026
2025-12-11 21:00:00+00:00,2025-12-12 09:00:00+00:00,67277.1,71110.34971695798
2025-12-11 21:00:00+00:00,2025-12-12 10:00:00+00:00,66847.43,71030.61059125832
2025-12-11 21:00:00+00:00,2025-12-12 11:00:00+00:00,65717.31,70492.16834297813
2025-12-11 21:00:00+00:00,2025-12-12 12:00:00+00:00,64787.27,69146.16137727772
2025-12-11 21:00:00+00:00,2025-12-12 13:00:00+00:00,63398.19,67946.58854355224
2025-12-11 21:00:00+00:00,2025-12-12 14:00:00+00:00,63396.02,67961.57466047614
2025-12-11 21:00:00+00:00,2025-12-12 15:00:00+00:00,64971.59,69510.40880907049
2025-12-11 21:00:00+00:00,2025-12-12 16:00:00+00:00,66668.83,70863.84636679298
2025-12-11 21:00:00+00:00,2025-12-12 17:00:00+00:00,65682.5,69753.94936287872
2025-12-11 21:00:00+00:00,2025-12-12 18:00:00+00:00,63925.09,67331.94830643656
2025-12-11 21:00:00+00:00,2025-12-12 19:00:00+00:00,60490.48,63908.93243241277
2025-12-11 21:00:00+00:00,2025-12-12 20:00:00+00:00,57571.21,61150.84387004131
2025-12-11 21:00:00+00:00,2025-12-12 21:00:00+00:00,55524.07,58055.39717995882
2025-12-12 21:00:00+00:00,2025-12-12 22:00:00+00:00,51796.41,52527.875680930796
2025-12-12 21:00:00+00:00,2025-12-12 23:00:00+00:00,48467.17,49033.389117230836
2025-12-12 21:00:00+00:00,2025-12-13 00:00:00+00:00,46167.94,47076.034841497574
2025-12-12 21:00:00+00:00,2025-12-13 01:00:00+00:00,44882.8,45702.94335394468
2025-12-12 21:00:00+00:00,2025-12-13 02:00:00+00:00,45230.36,45224.51156136392
2025-12-12 21:00:00+00:00,2025-12-13 03:00:00+00:00,45758.02,45225.65566305724
2025-12-12 21:00:00+00:00,2025-12-13 04:00:00+00:00,46641.52,46042.19732938963
2025-12-12 21:00:00+00:00,2025-12-13 05:00:00+00:00,48643.16,47912.881962974396
2025-12-12 21:00:00+00:00,2025-12-13 06:00:00+00:00,51146.07,51438.58849330313
2025-12-12 21:00:00+00:00,2025-12-13 07:00:00+00:00,54533.67,56087.31003999044
2025-12-12 21:00:00+00:00,2025-12-13 08:00:00+00:00,57418.74,57948.03182894742
2025-12-12 21:00:00+00:00,2025-12-13 09:00:00+00:00,59215.94,59380.36008424448
2025-12-12 21:00:00+00:00,2025-12-13 10:00:00+00:00,60487.22,60127.07587305159
2025-12-12 21:00:00+00:00,2025-12-13 11:00:00+00:00,60972.66,59433.33895085586
2025-12-12 21:00:00+00:00,2025-12-13 12:00:00+00:00,59739.17,59147.769198176364
2025-12-12 21:00:00+00:00,2025-12-13 13:00:00+00:00,58759.44,58734.686080714484
2025-12-12 21:00:00+00:00,2025-12-13 14:00:00+00:00,58717.23,59453.581017681325
2025-12-12 21:00:00+00:00,2025-12-13 15:00:00+00:00,60443.02,60758.27514597455
2025-12-12 21:00:00+00:00,2025-12-13 16:00:00+00:00,61552.2,62225.59842109605
2025-12-12 21:00:00+00:00,2025-12-13 17:00:00+00:00,61301.87,62333.23951074018
2025-12-12 21:00:00+00:00,2025-12-13 18:00:00+00:00,59565.99,60193.63136695216
2025-12-12 21:00:00+00:00,2025-12-13 19:00:00+00:00,56794.55,57965.872118120446
2025-12-12 21:00:00+00:00,2025-12-13 20:00:00+00:00,54321.68,54999.6031349867
2025-12-12 21:00:00+00:00,2025-12-13 21:00:00+00:00,52755.46,52286.854381539015
2025-12-13 21:00:00+00:00,2025-12-13 22:00:00+00:00,49754.9,48975.30217773931
2025-12-13 21:00:00+00:00,2025-12-13 23:00:00+00:00,46362.1,46305.9891351388
2025-12-13 21:00:00+00:00,2025-12-14 00:00:00+00:00,44398.86,43970.3054618227
2025-12-13 21:00:00+00:00,2025-12-14 01:00:00+00:00,43567.65,42345.633052733225
2025-12-13 21:00:00+00:00,2025-12-14 02:00:00+00:00,43212.39,41397.710558182895
2025-12-13 21:00:00+00:00,2025-12-14 03:00:00+00:00,43735.11,41514.30715344094
2025-12-13 21:00:00+00:00,2025-12-14 04:00:00+00:00,44356.79,42140.11448166151
2025-12-13 21:00:00+00:00,2025-12-14 05:00:00+00:00,45172.12,42570.76348008052
2025-12-13 21:00:00+00:00,2025-12-14 06:00:00+00:00,47778.98,44228.89134111672
2025-12-13 21:00:00+00:00,2025-12-14 07:00:00+00:00,51016.6,47592.06255913357
2025-12-13 21:00:00+00:00,2025-12-14 08:00:00+00:00,54909.53,49795.32514753281
2025-12-13 21:00:00+00:00,2025-12-14 09:00:00+00:00,57303.22,51354.20128191794
2025-12-13 21:00:00+00:00,2025-12-14 10:00:00+00:00,59576.17,52611.48334138009
2025-12-13 21:00:00+00:00,2025-12-14 11:00:00+00:00,59421.15,52219.15134266286
2025-12-13 21:00:00+00:00,2025-12-14 12:00:00+00:00,57597.16,51258.67099852881
2025-12-13 21:00:00+00:00,2025-12-14 13:00:00+00:00,56998.15,50971.1707442198
2025-12-13 21:00:00+00:00,2025-12-14 14:00:00+00:00,57055.13,51398.42271932483
2025-12-13 21:00:00+00:00,2025-12-14 15:00:00+00:00,59042.26,53355.277952254095
2025-12-13 21:00:00+00:00,2025-12-14 16:00:00+00:00,61299.02,55980.022203810026
2025-12-13 21:00:00+00:00,2025-12-14 17:00:00+00:00,61114.78,56746.293841089195
2025-12-13 21:00:00+00:00,2025-12-14 18:00:00+00:00,60226.69,55059.294896925254
2025-12-13 21:00:00+00:00,2025-12-14 19:00:00+00:00,58126.18,53279.7404177218
2025-12-13 21:00:00+00:00,2025-12-14 20:00:00+00:00,56248.57,52202.8449293168
2025-12-13 21:00:00+00:00,2025-12-14 21:00:00+00:00,54243.41,50855.383086611684
2025-12-14 21:00:00+00:00,2025-12-14 22:00:00+00:00,51053.62,51923.35709860596
2025-12-14 21:00:00+00:00,2025-12-14 23:00:00+00:00,48337.19,49286.408724158464
2025-12-14 21:00:00+00:00,2025-12-15 00:00:00+00:00,47087.64,47495.00772549182
2025-12-14 21:00:00+00:00,2025-12-15 01:00:00+00:00,45922.86,46708.51878918934
2025-12-14 21:00:00+00:00,2025-12-15 02:00:00+00:00,45855.9,47141.726400885294
2025-12-14 21:00:00+00:00,2025-12-15 03:00:00+00:00,47631.58,48600.78231125387
2025-12-14 21:00:00+00:00,2025-12-15 04:00:00+00:00,52411.65,52728.74668378189
2025-12-14 21:00:00+00:00,2025-12-15 05:00:00+00:00,60426.04,60116.3227517568
2025-12-14 21:00:00+00:00,2025-12-15 06:00:00+00:00,66930.74,66420.37427327048
2025-12-14 21:00:00+00:00,2025-12-15 07:00:00+00:00,70805.24,69685.39265751812
2025-12-14 21:00:00+00:00,2025-12-15 08:00:00+00:00,70694.62,70297.07779907866
2025-12-14 21:00:00+00:00,2025-12-15 09:00:00+00:00,69845.06,70677.14176282867
2025-12-14 21:00:00+00:00,2025-12-15 10:00:00+00:00,69125.34,70917.55427927489
2025-12-14 21:00:00+00:00,2025-12-15 11:00:00+00:00,68495.56,70833.13415195227
2025-12-14 21:00:00+00:00,2025-12-15 12:00:00+00:00,66990.23,70652.95297895378
2025-12-14 21:00:00+00:00,2025-12-15 13:00:00+00:00,66097.06,69997.88443883124
2025-12-14 21:00:00+00:00,2025-12-15 14:00:00+00:00,67094.85,70176.18574446754
2025-12-14 21:00:00+00:00,2025-12-15 15:00:00+00:00,69179.06,71611.02188816632
2025-12-14 21:00:00+00:00,2025-12-15 16:00:00+00:00,71343.03,72717.25386048887
2025-12-14 21:00:00+00:00,2025-12-15 17:00:00+00:00,71022.21,72509.76717910076
2025-12-14 21:00:00+00:00,2025-12-15 18:00:00+00:00,68915.11,71305.32047248805
2025-12-14 21:00:00+00:00,2025-12-15 19:00:00+00:00,65146.31,68062.12113811879
2025-12-14 21:00:00+00:00,2025-12-15 20:00:00+00:00,61836.28,64058.44743947356
2025-12-14 21:00:00+00:00,2025-12-15 21:00:00+00:00,57716.38,60658.28136863358
2025-12-15 21:00:00+00:00,2025-12-15 22:00:00+00:00,53329.17,53296.25820588687
2025-12-15 21:00:00+00:00,2025-12-15 23:00:00+00:00,49907.24,49273.42974904064
2025-12-15 21:00:00+00:00,2025-12-16 00:00:00+00:00,48058.17,47087.33854335203
2025-12-15 21:00:00+00:00,2025-12-16 01:00:00+00:00,47677.77,46359.218951508126
2025-12-15 21:00:00+00:00,2025-12-16 02:00:00+00:00,47655.41,46606.67407098838
2025-12-15 21:00:00+00:00,2025-12-16 03:00:00+00:00,48680.58,47950.69005818047
2025-12-15 21:00:00+00:00,2025-12-16 04:00:00+00:00,52437.9,51951.270559143995
2025-12-15 21:00:00+00:00,2025-12-16 05:00:00+00:00,60270.95,59183.438209805354
2025-12-15 21:00:00+00:00,2025-12-16 06:00:00+00:00,66312.42,65722.83251848494
2025-12-15 21:00:00+00:00,2025-12-16 07:00:00+00:00,69261.16,68868.34241394543
2025-12-15 21:00:00+00:00,2025-12-16 08:00:00+00:00,69223.25,69289.90483487173
2025-12-15 21:00:00+00:00,2025-12-16 09:00:00+00:00,68438.65,69315.11017076112
2025-12-15 21:00:00+00:00,2025-12-16 10:00:00+00:00,68302.62,69159.02640109714
2025-12-15 21:00:00+00:00,2025-12-16 11:00:00+00:00,67980.21,68729.97700638593
2025-12-15 21:00:00+00:00,2025-12-16 12:00:00+00:00,67133.55,67903.48479914214
2025-12-15 21:00:00+00:00,2025-12-16 13:00:00+00:00,66020.29,66754.12663133883
2025-12-15 21:00:00+00:00,2025-12-16 14:00:00+00:00,66276.12,66797.30952543349
2025-12-15 21:00:00+00:00,2025-12-16 15:00:00+00:00,67502.93,67481.23267397932
2025-12-15 21:00:00+00:00,2025-12-16 16:00:00+00:00,69051.04,70060.1791876563
2025-12-15 21:00:00+00:00,2025-12-16 17:00:00+00:00,68716.87,69750.93976435903
2025-12-15 21:00:00+00:00,2025-12-16 18:00:00+00:00,67254.93,67423.48249280975
2025-12-15 21:00:00+00:00,2025-12-16 19:00:00+00:00,63998.42,63491.6126092352
2025-12-15 21:00:00+00:00,2025-12-16 20:00:00+00:00,60736.41,59957.32098735584
2025-12-15 21:00:00+00:00,2025-12-16 21:00:00+00:00,57567.64,55741.31455059971
2025-12-16 21:00:00+00:00,2025-12-16 22:00:00+00:00,53793.95,53388.07656992171
2025-12-16 21:00:00+00:00,2025-12-16 23:00:00+00:00,50507.14,49810.234363445095
2025-12-16 21:00:00+00:00,2025-12-17 00:00:00+00:00,48717.23,48200.905005653614
2025-12-16 21:00:00+00:00,2025-12-17 01:00:00+00:00,47898.18,47230.93011077836
2025-12-16 21:00:00+00:00,2025-12-17 02:00:00+00:00,47715.09,47511.08944689732
2025-12-16 21:00:00+00:00,2025-12-17 03:00:00+00:00,48745.02,48956.77289329937
2025-12-16 21:00:00+00:00,2025-12-17 04:00:00+00:00,52627.62,52945.60481534279
2025-12-16 21:00:00+00:00,2025-12-17 05:00:00+00:00,59606.29,60333.18713131173
2025-12-16 21:00:00+00:00,2025-12-17 06:00:00+00:00,65405.85,66607.75933730177
2025-12-16 21:00:00+00:00,2025-12-17 07:00:00+00:00,68028.67,69075.88626195386
2025-12-16 21:00:00+00:00,2025-12-17 08:00:00+00:00,67923.14,69018.60706811892
2025-12-16 21:00:00+00:00,2025-12-17 09:00:00+00:00,67886.75,69032.39276082916
2025-12-16 21:00:00+00:00,2025-12-17 10:00:00+00:00,67546.31,68987.78935807433
2025-12-16 21:00:00+00:00,2025-12-17 11:00:00+00:00,66370.16,68607.74262244065
2025-12-16 21:00:00+00:00,2025-12-17 12:00:00+00:00,65407.57,68301.7364940785
2025-12-16 21:00:00+00:00,2025-12-17 13:00:00+00:00,64642.45,67634.53388490622
2025-12-16 21:00:00+00:00,2025-12-17 14:00:00+00:00,65257.47,68262.8800188784
2025-12-16 21:00:00+00:00,2025-12-17 15:00:00+00:00,66994.24,69987.20859511172
2025-12-16 21:00:00+00:00,2025-12-17 16:00:00+00:00,68912.39,71595.08835680321
2025-12-16 21:00:00+00:00,2025-12-17 17:00:00+00:00,68646.09,71273.64591302893
2025-12-16 21:00:00+00:00,2025-12-17 18:00:00+00:00,66278.6,69438.48103213911
2025-12-16 21:00:00+00:00,2025-12-17 19:00:00+00:00,63010.16,66453.05499886989
2025-12-16 21:00:00+00:00,2025-12-17 20:00:00+00:00,59435.22,62574.57927683029
2025-12-16 21:00:00+00:00,2025-12-17 21:00:00+00:00,56059.68,58972.76570322305
2025-12-17 21:00:00+00:00,2025-12-17 22:00:00+00:00,52200.86,52465.9228555249
2025-12-17 21:00:00+00:00,2025-12-17 23:00:00+00:00,48969.99,49225.120450694514
2025-12-17 21:00:00+00:00,2025-12-18 00:00:00+00:00,47045.52,47108.7950382865
2025-12-17 21:00:00+00:00,2025-12-18 01:00:00+00:00,46381.57,46680.07772678318
2025-12-17 21:00:00+00:00,2025-12-18 02:00:00+00:00,47091.29,46925.00604332126
2025-12-17 21:00:00+00:00,2025-12-18 03:00:00+00:00,49024.09,48473.244033359304
2025-12-17 21:00:00+00:00,2025-12-18 04:00:00+00:00,52675.3,52171.11142541558
2025-12-17 21:00:00+00:00,2025-12-18 05:00:00+00:00,59844.9,59452.41915507571
2025-12-17 21:00:00+00:00,2025-12-18 06:00:00+00:00,66090.68,64694.98848837123
2025-12-17 21:00:00+00:00,2025-12-18 07:00:00+00:00,68909.66,67957.53038470527
2025-12-17 21:00:00+00:00,2025-12-18 08:00:00+00:00,68431.72,67722.23540945447
2025-12-17 21:00:00+00:00,2025-12-18 09:00:00+00:00,67514.54,67776.63981143426
2025-12-17 21:00:00+00:00,2025-12-18 10:00:00+00:00,66454.32,67630.77456388876
2025-12-17 21:00:00+00:00,2025-12-18 11:00:00+00:00,65045.58,67171.28967550809
2025-12-17 21:00:00+00:00,2025-12-18 12:00:00+00:00,63604.18,66197.03614428095
2025-12-17 21:00:00+00:00,2025-12-18 13:00:00+00:00,63194.17,64789.72584976895
2025-12-17 21:00:00+00:00,2025-12-18 14:00:00+00:00,63450.13,65103.40341722176
2025-12-17 21:00:00+00:00,2025-12-18 15:00:00+00:00,65721.88,67009.71096532831
2025-12-17 21:00:00+00:00,2025-12-18 16:00:00+00:00,68458.79,69268.97033798482
2025-12-17 21:00:00+00:00,2025-12-18 17:00:00+00:00,68650.69,68703.9094858329
2025-12-17 21:00:00+00:00,2025-12-18 18:00:00+00:00,66383.44,66299.34127463911
2025-12-17 21:00:00+00:00,2025-12-18 19:00:00+00:00,63426.71,62902.875852865116
2025-12-17 21:00:00+00:00,2025-12-18 20:00:00+00:00,60269.86,59887.345380511164
2025-12-17 21:00:00+00:00,2025-12-18 21:00:00+00:00,57208.05,56814.01966084046
2025-12-18 21:00:00+00:00,2025-12-18 22:00:00+00:00,53539.84,53347.10209631877
2025-12-18 21:00:00+00:00,2025-12-18 23:00:00+00:00,50655.84,49702.55665872241
2025-12-18 21:00:00+00:00,2025-12-19 00:00:00+00:00,49057.74,47151.04995651278
2025-12-18 21:00:00+00:00,2025-12-19 01:00:00+00:00,48317.69,47035.245034890955
2025-12-18 21:00:00+00:00,2025-12-19 02:00:00+00:00,48407.82,46877.10550670522
2025-12-18 21:00:00+00:00,2025-12-19 03:00:00+00:00,49602.01,47796.09751594575
2025-12-18 21:00:00+00:00,2025-12-19 04:00:00+00:00,52732.91,51106.7871470587
2025-12-18 21:00:00+00:00,2025-12-19 05:00:00+00:00,58732.33,58440.05071415392
2025-12-18 21:00:00+00:00,2025-12-19 06:00:00+00:00,63121.95,64598.66625126269
2025-12-18 21:00:00+00:00,2025-12-19 07:00:00+00:00,66373.26,68040.94962713611
2025-12-18 21:00:00+00:00,2025-12-19 08:00:00+00:00,65853.71,67568.4716489224
2025-12-18 21:00:00+00:00,2025-12-19 09:00:00+00:00,65122.01,66865.58080908777
2025-12-18 21:00:00+00:00,2025-12-19 10:00:00+00:00,64577.5,66301.55215188365
2025-12-18 21:00:00+00:00,2025-12-19 11:00:00+00:00,64401.45,64803.11052044245
2025-12-18 21:00:00+00:00,2025-12-19 12:00:00+00:00,62620.44,63040.081966680846
2025-12-18 21:00:00+00:00,2025-12-19 13:00:00+00:00,61605.64,61809.20629875815
2025-12-18 21:00:00+00:00,2025-12-19 14:00:00+00:00,62001.16,61152.24249873602
2025-12-18 21:00:00+00:00,2025-12-19 15:00:00+00:00,63712.34,63075.20943658303
2025-12-18 21:00:00+00:00,2025-12-19 16:00:00+00:00,64535.94,66195.67718924962
2025-12-18 21:00:00+00:00,2025-12-19 17:00:00+00:00,63532.41,65971.30478560786
2025-12-18 21:00:00+00:00,2025-12-19 18:00:00+00:00,61336.93,64620.73141784689
2025-12-18 21:00:00+00:00,2025-12-19 19:00:00+00:00,57805.3,61135.76147868751
2025-12-18 21:00:00+00:00,2025-12-19 20:00:00+00:00,54800.77,56920.24461510002
2025-12-18 21:00:00+00:00,2025-12-19 21:00:00+00:00,51895.71,54314.284150178995
2025-12-19 21:00:00+00:00,2025-12-19 22:00:00+00:00,48383.67,49656.381574278945
2025-12-19 21:00:00+00:00,2025-12-19 23:00:00+00:00,45226.32,46796.37395584542
2025-12-19 21:00:00+00:00,2025-12-20 00:00:00+00:00,43310.46,44644.69200400173
2025-12-19 21:00:00+00:00,2025-12-20 01:00:00+00:00,42614.05,43557.01118785815
2025-12-19 21:00:00+00:00,2025-12-20 02:00:00+00:00,41983.49,43320.154286907375
2025-12-19 21:00:00+00:00,2025-12-20 03:00:00+00:00,42131.49,43995.326015439394
2025-12-19 21:00:00+00:00,2025-12-20 04:00:00+00:00,42590.76,45314.8367474336
2025-12-19 21:00:00+00:00,2025-12-20 05:00:00+00:00,44086.51,47446.93668836463
2025-12-19 21:00:00+00:00,2025-12-20 06:00:00+00:00,47130.41,49739.467310642445
2025-12-19 21:00:00+00:00,2025-12-20 07:00:00+00:00,50302.58,53464.64175408186
2025-12-19 21:00:00+00:00,2025-12-20 08:00:00+00:00,52464.16,56831.92677994443
2025-12-19 21:00:00+00:00,2025-12-20 09:00:00+00:00,53872.48,58843.1483923332
2025-12-19 21:00:00+00:00,2025-12-20 10:00:00+00:00,54971.14,59493.09717520904
2025-12-19 21:00:00+00:00,2025-12-20 11:00:00+00:00,54983.83,59255.602657598596
2025-12-19 21:00:00+00:00,2025-12-20 12:00:00+00:00,53962.57,58723.61784836674
2025-12-19 21:00:00+00:00,2025-12-20 13:00:00+00:00,53189.95,58134.445488477846
2025-12-19 21:00:00+00:00,2025-12-20 14:00:00+00:00,53499.25,57641.054747095426
2025-12-19 21:00:00+00:00,2025-12-20 15:00:00+00:00,55178.09,58516.082700090425
2025-12-19 21:00:00+00:00,2025-12-20 16:00:00+00:00,56772.59,60106.01982132889
2025-12-19 21:00:00+00:00,2025-12-20 17:00:00+00:00,56620.62,60009.4394012532
2025-12-19 21:00:00+00:00,2025-12-20 18:00:00+00:00,55130.22,58900.44636748977
2025-12-19 21:00:00+00:00,2025-12-20 19:00:00+00:00,52393.49,55392.82959508256
2025-12-19 21:00:00+00:00,2025-12-20 20:00:00+00:00,50112.43,52762.709045164345
2025-12-19 21:00:00+00:00,2025-12-20 21:00:00+00:00,48175.82,50623.57141552111
2025-12-20 21:00:00+00:00,2025-12-20 22:00:00+00:00,45862.5,45823.54549903596
2025-12-20 21:00:00+00:00,2025-12-20 23:00:00+00:00,42812.0,43710.019175086316
2025-12-20 21:00:00+00:00,2025-12-21 00:00:00+00:00,41107.88,41386.44768645709
2025-12-20 21:00:00+00:00,2025-12-21 01:00:00+00:00,40180.82,40655.77999013754
2025-12-20 21:00:00+00:00,2025-12-21 02:00:00+00:00,40192.06,40060.034822856265
2025-12-20 21:00:00+00:00,2025-12-21 03:00:00+00:00,40195.92,39904.983482554526
2025-12-20 21:00:00+00:00,2025-12-21 04:00:00+00:00,40776.57,40315.81335765427
2025-12-20 21:00:00+00:00,2025-12-21 05:00:00+00:00,41522.06,41709.727809787626
2025-12-20 21:00:00+00:00,2025-12-21 06:00:00+00:00,43812.18,44513.90259657871
2025-12-20 21:00:00+00:00,2025-12-21 07:00:00+00:00,46534.8,48111.92728475058
2025-12-20 21:00:00+00:00,2025-12-21 08:00:00+00:00,49288.54,51754.23307668466
2025-12-20 21:00:00+00:00,2025-12-21 09:00:00+00:00,51441.52,53415.837469084094
2025-12-20 21:00:00+00:00,2025-12-21 10:00:00+00:00,53040.67,55692.76460315725
2025-12-20 21:00:00+00:00,2025-12-21 11:00:00+00:00,52992.5,56024.113304005565
2025-12-20 21:00:00+00:00,2025-12-21 12:00:00+00:00,51196.56,55712.78825393749
2025-12-20 21:00:00+00:00,2025-12-21 13:00:00+00:00,50178.29,53899.494701879004
2025-12-20 21:00:00+00:00,2025-12-21 14:00:00+00:00,50667.77,54032.07512939539
2025-12-20 21:00:00+00:00,2025-12-21 15:00:00+00:00,52458.46,56065.56409935308
2025-12-20 21:00:00+00:00,2025-12-21 16:00:00+00:00,55049.48,58095.86739081116
2025-12-20 21:00:00+00:00,2025-12-21 17:00:00+00:00,55909.4,58185.42012778151
2025-12-20 21:00:00+00:00,2025-12-21 18:00:00+00:00,54632.63,56639.90289766914
2025-12-20 21:00:00+00:00,2025-12-21 19:00:00+00:00,52334.33,55516.47344564006
2025-12-20 21:00:00+00:00,2025-12-21 20:00:00+00:00,50689.37,53561.65762107794
2025-12-20 21:00:00+00:00,2025-12-21 21:00:00+00:00,48849.38,51752.47102759705
2025-12-21 21:00:00+00:00,2025-12-21 22:00:00+00:00,45876.04,47187.862491666114
2025-12-21 21:00:00+00:00,2025-12-21 23:00:00+00:00,44168.39,45749.904828101324
2025-12-21 21:00:00+00:00,2025-12-22 00:00:00+00:00,43119.4,44298.902548700855
2025-12-21 21:00:00+00:00,2025-12-22 01:00:00+00:00,42672.22,44299.116435549666
2025-12-21 21:00:00+00:00,2025-12-22 02:00:00+00:00,43220.9,45379.82493347737
2025-12-21 21:00:00+00:00,2025-12-22 03:00:00+00:00,44200.29,47676.05556105718
2025-12-21 21:00:00+00:00,2025-12-22 04:00:00+00:00,47063.06,52943.044659574996
2025-12-21 21:00:00+00:00,2025-12-22 05:00:00+00:00,51296.71,60419.80135817767
2025-12-21 21:00:00+00:00,2025-12-22 06:00:00+00:00,55796.45,66188.82595499576
2025-12-21 21:00:00+00:00,2025-12-22 07:00:00+00:00,59669.39,69187.47600934622
2025-12-21 21:00:00+00:00,2025-12-22 08:00:00+00:00,61272.46,69439.1409700811
2025-12-21 21:00:00+00:00,2025-12-22 09:00:00+00:00,61210.5,69584.41149372293
2025-12-21 21:00:00+00:00,2025-12-22 10:00:00+00:00,61447.92,69929.2342597291
2025-12-21 21:00:00+00:00,2025-12-22 11:00:00+00:00,61535.17,69734.5925369998
2025-12-21 21:00:00+00:00,2025-12-22 12:00:00+00:00,61358.53,69219.11989713498
2025-12-21 21:00:00+00:00,2025-12-22 13:00:00+00:00,60838.13,68816.4356950323
2025-12-21 21:00:00+00:00,2025-12-22 14:00:00+00:00,60988.11,69027.87027906477
2025-12-21 21:00:00+00:00,2025-12-22 15:00:00+00:00,62496.11,70433.20030373566
2025-12-21 21:00:00+00:00,2025-12-22 16:00:00+00:00,63863.3,71707.83910372897
2025-12-21 21:00:00+00:00,2025-12-22 17:00:00+00:00,63477.83,71214.52881125313
2025-12-21 21:00:00+00:00,2025-12-22 18:00:00+00:00,61847.89,69247.29533408268
2025-12-21 21:00:00+00:00,2025-12-22 19:00:00+00:00,58880.26,65933.094671355
2025-12-21 21:00:00+00:00,2025-12-22 20:00:00+00:00,56239.9,62187.6564736347
2025-12-21 21:00:00+00:00,2025-12-22 21:00:00+00:00,53462.6,58255.81092123553
2025-12-22 21:00:00+00:00,2025-12-22 22:00:00+00:00,49401.98,50197.46354193825
2025-12-22 21:00:00+00:00,2025-12-22 23:00:00+00:00,45774.99,47022.47185273268
2025-12-22 21:00:00+00:00,2025-12-23 00:00:00+00:00,44235.36,45386.44613490105
2025-12-22 21:00:00+00:00,2025-12-23 01:00:00+00:00,43748.53,44785.77139133667
2025-12-22 21:00:00+00:00,2025-12-23 02:00:00+00:00,43408.46,45341.81453325486
2025-12-22 21:00:00+00:00,2025-12-23 03:00:00+00:00,44427.74,46999.85778932631
2025-12-22 21:00:00+00:00,2025-12-23 04:00:00+00:00,46471.51,50767.65690820417
2025-12-22 21:00:00+00:00,2025-12-23 05:00:00+00:00,50526.87,58363.87312418196
2025-12-22 21:00:00+00:00,2025-12-23 06:00:00+00:00,55131.61,62815.98970856679
2025-12-22 21:00:00+00:00,2025-12-23 07:00:00+00:00,59008.84,64678.11929590841
2025-12-22 21:00:00+00:00,2025-12-23 08:00:00+00:00,61314.49,64363.57769859809
2025-12-22 21:00:00+00:00,2025-12-23 09:00:00+00:00,61493.45,64302.4329456957
2025-12-22 21:00:00+00:00,2025-12-23 10:00:00+00:00,62414.08,64204.843598680556
2025-12-22 21:00:00+00:00,2025-12-23 11:00:00+00:00,63325.82,63428.44115204945
2025-12-22 21:00:00+00:00,2025-12-23 12:00:00+00:00,62642.06,61927.77133957121
2025-12-22 21:00:00+00:00,2025-12-23 13:00:00+00:00,61966.3,61321.429324704084
2025-12-22 21:00:00+00:00,2025-12-23 14:00:00+00:00,61894.28,61668.00508128694
2025-12-22 21:00:00+00:00,2025-12-23 15:00:00+00:00,62818.13,62989.160347473306
2025-12-22 21:00:00+00:00,2025-12-23 16:00:00+00:00,64617.62,64746.04020862061
2025-12-22 21:00:00+00:00,2025-12-23 17:00:00+00:00,63802.35,64523.09422285507
2025-12-22 21:00:00+00:00,2025-12-23 18:00:00+00:00,62123.97,63071.55501261376
2025-12-22 21:00:00+00:00,2025-12-23 19:00:00+00:00,58722.42,60038.36252174698
2025-12-22 21:00:00+00:00,2025-12-23 20:00:00+00:00,55885.79,56794.96198085809
2025-12-22 21:00:00+00:00,2025-12-23 21:00:00+00:00,52937.94,53216.25259511015
2025-12-23 21:00:00+00:00,2025-12-23 22:00:00+00:00,49353.42,49676.73354698419
2025-12-23 21:00:00+00:00,2025-12-23 23:00:00+00:00,46188.68,47234.90630974976
2025-12-23 21:00:00+00:00,2025-12-24 00:00:00+00:00,44122.69,45613.32345150998
2025-12-23 21:00:00+00:00,2025-12-24 01:00:00+00:00,43067.61,44247.15978058249
2025-12-23 21:00:00+00:00,2025-12-24 02:00:00+00:00,42794.59,44305.1641599124
2025-12-23 21:00:00+00:00,2025-12-24 03:00:00+00:00,43121.82,45644.10203874232
2025-12-23 21:00:00+00:00,2025-12-24 04:00:00+00:00,44524.1,49367.74205842111
2025-12-23 21:00:00+00:00,2025-12-24 05:00:00+00:00,46201.47,56298.139453838514
2025-12-23 21:00:00+00:00,2025-12-24 06:00:00+00:00,48734.8,61671.94385960522
2025-12-23 21:00:00+00:00,2025-12-24 07:00:00+00:00,52183.63,64247.84025407678
2025-12-23 21:00:00+00:00,2025-12-24 08:00:00+00:00,55585.03,64772.91842184897
2025-12-23 21:00:00+00:00,2025-12-24 09:00:00+00:00,56576.65,64760.696794820935
2025-12-23 21:00:00+00:00,2025-12-24 10:00:00+00:00,57121.98,64766.743204766855
2025-12-23 21:00:00+00:00,2025-12-24 11:00:00+00:00,56783.99,64146.73246676263
2025-12-23 21:00:00+00:00,2025-12-24 12:00:00+00:00,55767.79,62828.98774768539
2025-12-23 21:00:00+00:00,2025-12-24 13:00:00+00:00,54678.74,62200.54959962444
2025-12-23 21:00:00+00:00,2025-12-24 14:00:00+00:00,54398.69,62487.63831382314
2025-12-23 21:00:00+00:00,2025-12-24 15:00:00+00:00,55811.07,63558.34873444748
2025-12-23 21:00:00+00:00,2025-12-24 16:00:00+00:00,57503.34,65179.684738793745
2025-12-23 21:00:00+00:00,2025-12-24 17:00:00+00:00,56253.65,64323.85137127171
2025-12-23 21:00:00+00:00,2025-12-24 18:00:00+00:00,53308.06,62871.51981563181
2025-12-23 21:00:00+00:00,2025-12-24 19:00:00+00:00,51027.14,59322.39248149739
2025-12-23 21:00:00+00:00,2025-12-24 20:00:00+00:00,49742.92,56342.41363853835
2025-12-23 21:00:00+00:00,2025-12-24 21:00:00+00:00,48984.99,53160.16997974354
2025-12-24 21:00:00+00:00,2025-12-24 22:00:00+00:00,46939.15,47188.35377600028
2025-12-24 21:00:00+00:00,2025-12-24 23:00:00+00:00,45039.36,45138.124136388455
2025-12-24 21:00:00+00:00,2025-12-25 00:00:00+00:00,42841.91,43615.12336528075
2025-12-24 21:00:00+00:00,2025-12-25 01:00:00+00:00,42053.92,42461.84981565967
2025-12-24 21:00:00+00:00,2025-12-25 02:00:00+00:00,41576.41,42793.060301645135
2025-12-24 21:00:00+00:00,2025-12-25 03:00:00+00:00,41782.05,43255.86367988409
2025-12-24 21:00:00+00:00,2025-12-25 04:00:00+00:00,42189.64,45516.43210548815
2025-12-24 21:00:00+00:00,2025-12-25 05:00:00+00:00,42101.8,49283.13472311001
2025-12-24 21:00:00+00:00,2025-12-25 06:00:00+00:00,43862.84,53887.63533336139
2025-12-24 21:00:00+00:00,2025-12-25 07:00:00+00:00,46794.24,56578.35433647765
2025-12-24 21:00:00+00:00,2025-12-25 08:00:00+00:00,49659.14,57636.739849259364
2025-12-24 21:00:00+00:00,2025-12-25 09:00:00+00:00,51897.79,57605.030075827766
2025-12-24 21:00:00+00:00,2025-12-25 10:00:00+00:00,53713.62,57603.58345072569
2025-12-24 21:00:00+00:00,2025-12-25 11:00:00+00:00,52941.8,56340.87106173905
2025-12-24 21:00:00+00:00,2025-12-25 12:00:00+00:00,49599.33,54769.08320638408
2025-12-24 21:00:00+00:00,2025-12-25 13:00:00+00:00,48126.25,53564.634885688705
2025-12-24 21:00:00+00:00,2025-12-25 14:00:00+00:00,49028.76,53677.93819096672
2025-12-24 21:00:00+00:00,2025-12-25 15:00:00+00:00,51326.6,54053.59280969862
2025-12-24 21:00:00+00:00,2025-12-25 16:00:00+00:00,54004.2,54977.701164479964
2025-12-24 21:00:00+00:00,2025-12-25 17:00:00+00:00,54379.03,54332.90478621155
2025-12-24 21:00:00+00:00,2025-12-25 18:00:00+00:00,53304.0,53855.90271984881
2025-12-24 21:00:00+00:00,2025-12-25 19:00:00+00:00,51484.89,52425.04706123468
2025-12-24 21:00:00+00:00,2025-12-25 20:00:00+00:00,50084.33,50969.46989747412
2025-12-24 21:00:00+00:00,2025-12-25 21:00:00+00:00,49344.69,49059.2085131122
2025-12-25 21:00:00+00:00,2025-12-25 22:00:00+00:00,47321.52,47446.99845698134
2025-12-25 21:00:00+00:00,2025-12-25 23:00:00+00:00,45270.82,45105.78485905668
2025-12-25 21:00:00+00:00,2025-12-26 00:00:00+00:00,43739.99,43334.69779120841
2025-12-25 21:00:00+00:00,2025-12-26 01:00:00+00:00,42712.49,42476.57826382929
2025-12-25 21:00:00+00:00,2025-12-26 02:00:00+00:00,42070.45,42520.99405388348
2025-12-25 21:00:00+00:00,2025-12-26 03:00:00+00:00,42366.67,43209.39446544566
2025-12-25 21:00:00+00:00,2025-12-26 04:00:00+00:00,43264.71,45055.2213132181
2025-12-25 21:00:00+00:00,2025-12-26 05:00:00+00:00,43066.94,48331.935721992246
2025-12-25 21:00:00+00:00,2025-12-26 06:00:00+00:00,44546.96,51716.56495327697
2025-12-25 21:00:00+00:00,2025-12-26 07:00:00+00:00,47389.84,54755.970529637874
2025-12-25 21:00:00+00:00,2025-12-26 08:00:00+00:00,50291.34,55980.38789593127
2025-12-25 21:00:00+00:00,2025-12-26 09:00:00+00:00,51590.16,55691.18946235337
2025-12-25 21:00:00+00:00,2025-12-26 10:00:00+00:00,53428.29,55045.01989755047
2025-12-25 21:00:00+00:00,2025-12-26 11:00:00+00:00,52308.26,53272.53770710238
2025-12-25 21:00:00+00:00,2025-12-26 12:00:00+00:00,50032.02,50417.155375189024
2025-12-25 21:00:00+00:00,2025-12-26 13:00:00+00:00,48515.96,49394.26531503009
2025-12-25 21:00:00+00:00,2025-12-26 14:00:00+00:00,49178.73,48992.951992842645
2025-12-25 21:00:00+00:00,2025-12-26 15:00:00+00:00,50782.37,50090.25315076501
2025-12-25 21:00:00+00:00,2025-12-26 16:00:00+00:00,52973.65,51357.969080245806
2025-12-25 21:00:00+00:00,2025-12-26 17:00:00+00:00,53504.76,51511.33698601046
2025-12-25 21:00:00+00:00,2025-12-26 18:00:00+00:00,52548.13,51333.83024542715
2025-12-25 21:00:00+00:00,2025-12-26 19:00:00+00:00,51085.41,49554.84196744148
2025-12-25 21:00:00+00:00,2025-12-26 20:00:00+00:00,49753.9,48178.319413980054
2025-12-25 21:00:00+00:00,2025-12-26 21:00:00+00:00,48633.51,47055.8001722744
2025-12-26 21:00:00+00:00,2025-12-26 22:00:00+00:00,46500.9,45574.111705896896
2025-12-26 21:00:00+00:00,2025-12-26 23:00:00+00:00,44184.62,42949.765232462945
2025-12-26 21:00:00+00:00,2025-12-27 00:00:00+00:00,42850.73,40701.16206761193
2025-12-26 21:00:00+00:00,2025-12-27 01:00:00+00:00,42210.52,39321.44251987742
2025-12-26 21:00:00+00:00,2025-12-27 02:00:00+00:00,41981.0,38245.18928103772
2025-12-26 21:00:00+00:00,2025-12-27 03:00:00+00:00,42436.09,38432.9907398473
2025-12-26 21:00:00+00:00,2025-12-27 04:00:00+00:00,43302.59,38810.13869992063
2025-12-26 21:00:00+00:00,2025-12-27 05:00:00+00:00,45187.82,39400.84981007113
2025-12-26 21:00:00+00:00,2025-12-27 06:00:00+00:00,47904.87,40827.20998534222
2025-12-26 21:00:00+00:00,2025-12-27 07:00:00+00:00,51364.04,42912.77399804132
2025-12-26 21:00:00+00:00,2025-12-27 08:00:00+00:00,53967.86,45157.98148969975
2025-12-26 21:00:00+00:00,2025-12-27 09:00:00+00:00,55257.1,47739.68121141585
2025-12-26 21:00:00+00:00,2025-12-27 10:00:00+00:00,56531.11,49736.667027320706
2025-12-26 21:00:00+00:00,2025-12-27 11:00:00+00:00,56766.92,50843.24023701782
2025-12-26 21:00:00+00:00,2025-12-27 12:00:00+00:00,55399.99,49073.76130168114
2025-12-26 21:00:00+00:00,2025-12-27 13:00:00+00:00,54232.86,47943.683647571044
2025-12-26 21:00:00+00:00,2025-12-27 14:00:00+00:00,54897.6,48331.065177876124
2025-12-26 21:00:00+00:00,2025-12-27 15:00:00+00:00,57843.53,49689.899090673774
2025-12-26 21:00:00+00:00,2025-12-27 16:00:00+00:00,60683.59,52411.710025502274
2025-12-26 21:00:00+00:00,2025-12-27 17:00:00+00:00,61070.96,52901.441340818164
2025-12-26 21:00:00+00:00,2025-12-27 18:00:00+00:00,59156.53,52506.135931946774
2025-12-26 21:00:00+00:00,2025-12-27 19:00:00+00:00,56331.73,50198.29153656104
2025-12-26 21:00:00+00:00,2025-12-27 20:00:00+00:00,53616.5,48098.967940386836
2025-12-26 21:00:00+00:00,2025-12-27 21:00:00+00:00,51822.33,46593.97525164365
2025-12-27 21:00:00+00:00,2025-12-27 22:00:00+00:00,49450.57,48455.20011987584
2025-12-27 21:00:00+00:00,2025-12-27 23:00:00+00:00,46799.32,45666.621989986146
2025-12-27 21:00:00+00:00,2025-12-28 00:00:00+00:00,44394.94,43600.5917762071
2025-12-27 21:00:00+00:00,2025-12-28 01:00:00+00:00,42696.49,42034.082938129075
2025-12-27 21:00:00+00:00,2025-12-28 02:00:00+00:00,42541.91,41140.62456172817
2025-12-27 21:00:00+00:00,2025-12-28 03:00:00+00:00,42894.25,40988.24545088788
2025-12-27 21:00:00+00:00,2025-12-28 04:00:00+00:00,43409.38,41231.86768646216
2025-12-27 21:00:00+00:00,2025-12-28 05:00:00+00:00,43911.07,42169.09306960548
2025-12-27 21:00:00+00:00,2025-12-28 06:00:00+00:00,45726.32,43356.91974274771
2025-12-27 21:00:00+00:00,2025-12-28 07:00:00+00:00,48691.14,46271.707249556086
2025-12-27 21:00:00+00:00,2025-12-28 08:00:00+00:00,50165.53,49122.468939407285
2025-12-27 21:00:00+00:00,2025-12-28 09:00:00+00:00,51732.12,51454.786776037974
2025-12-27 21:00:00+00:00,2025-12-28 10:00:00+00:00,52980.04,53462.0749183582
2025-12-27 21:00:00+00:00,2025-12-28 11:00:00+00:00,52831.59,53313.27195590001
2025-12-27 21:00:00+00:00,2025-12-28 12:00:00+00:00,50917.63,51344.99944854283
2025-12-27 21:00:00+00:00,2025-12-28 13:00:00+00:00,50292.43,50363.17006754107
2025-12-27 21:00:00+00:00,2025-12-28 14:00:00+00:00,51752.64,50746.260318204324
2025-12-27 21:00:00+00:00,2025-12-28 15:00:00+00:00,53539.17,53741.66791494924
2025-12-27 21:00:00+00:00,2025-12-28 16:00:00+00:00,56740.41,56212.37338519067
2025-12-27 21:00:00+00:00,2025-12-28 17:00:00+00:00,57532.6,56911.5947336778
2025-12-27 21:00:00+00:00,2025-12-28 18:00:00+00:00,57128.43,55585.047624994186
2025-12-27 21:00:00+00:00,2025-12-28 19:00:00+00:00,55354.61,52506.46228906858
2025-12-27 21:00:00+00:00,2025-12-28 20:00:00+00:00,53830.51,50736.100625663516
2025-12-27 21:00:00+00:00,2025-12-28 21:00:00+00:00,52813.38,49434.11736956811
2025-12-28 21:00:00+00:00,2025-12-28 22:00:00+00:00,50659.62,50341.02919228525
2025-12-28 21:00:00+00:00,2025-12-28 23:00:00+00:00,48080.48,48078.28713331326
2025-12-28 21:00:00+00:00,2025-12-29 00:00:00+00:00,46728.68,46205.45025051323
2025-12-28 21:00:00+00:00,2025-12-29 01:00:00+00:00,45417.45,45001.34180014135
2025-12-28 21:00:00+00:00,2025-12-29 02:00:00+00:00,45212.21,44465.65251831091
2025-12-28 21:00:00+00:00,2025-12-29 03:00:00+00:00,45941.77,45594.74571026752
2025-12-28 21:00:00+00:00,2025-12-29 04:00:00+00:00,47152.04,48566.49171001003
2025-12-28 21:00:00+00:00,2025-12-29 05:00:00+00:00,49647.32,51688.4686449482
2025-12-28 21:00:00+00:00,2025-12-29 06:00:00+00:00,52806.98,57239.846799532934
2025-12-28 21:00:00+00:00,2025-12-29 07:00:00+00:00,55876.01,59570.59626644886
2025-12-28 21:00:00+00:00,2025-12-29 08:00:00+00:00,57943.65,60444.46097771006
2025-12-28 21:00:00+00:00,2025-12-29 09:00:00+00:00,58656.77,60467.624421850334
2025-12-28 21:00:00+00:00,2025-12-29 10:00:00+00:00,59268.46,60583.10547188636
2025-12-28 21:00:00+00:00,2025-12-29 11:00:00+00:00,59319.62,60366.28774200795
2025-12-28 21:00:00+00:00,2025-12-29 12:00:00+00:00,58875.14,58966.61196799121
2025-12-28 21:00:00+00:00,2025-12-29 13:00:00+00:00,58635.91,57855.65682695593
2025-12-28 21:00:00+00:00,2025-12-29 14:00:00+00:00,59412.57,57342.99531085574
2025-12-28 21:00:00+00:00,2025-12-29 15:00:00+00:00,61650.57,58030.705063148496
2025-12-28 21:00:00+00:00,2025-12-29 16:00:00+00:00,63795.29,58743.448391666105
2025-12-28 21:00:00+00:00,2025-12-29 17:00:00+00:00,63680.26,59497.57182922356
2025-12-28 21:00:00+00:00,2025-12-29 18:00:00+00:00,61826.58,58911.63334632767
2025-12-28 21:00:00+00:00,2025-12-29 19:00:00+00:00,58460.03,55815.650389972514
2025-12-28 21:00:00+00:00,2025-12-29 20:00:00+00:00,55882.36,53521.14219678348
2025-12-28 21:00:00+00:00,2025-12-29 21:00:00+00:00,53812.7,51413.07272723803
2025-12-29 21:00:00+00:00,2025-12-29 22:00:00+00:00,51029.92,50447.4898923734
2025-12-29 21:00:00+00:00,2025-12-29 23:00:00+00:00,47917.89,47709.12049515358
2025-12-29 21:00:00+00:00,2025-12-30 00:00:00+00:00,45463.31,45627.114005610696
2025-12-29 21:00:00+00:00,2025-12-30 01:00:00+00:00,44758.86,44551.81295628103
2025-12-29 21:00:00+00:00,2025-12-30 02:00:00+00:00,44765.54,44354.45681822428
2025-12-29 21:00:00+00:00,2025-12-30 03:00:00+00:00,45224.84,45509.98058439928
2025-12-29 21:00:00+00:00,2025-12-30 04:00:00+00:00,47247.94,47952.60124554153
2025-12-29 21:00:00+00:00,2025-12-30 05:00:00+00:00,50554.35,50917.859104242685
2025-12-29 21:00:00+00:00,2025-12-30 06:00:00+00:00,54005.55,55026.339257128304
2025-12-29 21:00:00+00:00,2025-12-30 07:00:00+00:00,57062.69,58392.84229646076
2025-12-29 21:00:00+00:00,2025-12-30 08:00:00+00:00,58569.24,58743.596041396624
2025-12-29 21:00:00+00:00,2025-12-30 09:00:00+00:00,59189.74,60119.06846235717
2025-12-29 21:00:00+00:00,2025-12-30 10:00:00+00:00,59032.98,60321.411071815426
2025-12-29 21:00:00+00:00,2025-12-30 11:00:00+00:00,58765.03,59578.19029864713
2025-12-29 21:00:00+00:00,2025-12-30 12:00:00+00:00,57200.09,58702.83780305829
2025-12-29 21:00:00+00:00,2025-12-30 13:00:00+00:00,56646.62,58125.50257921783
2025-12-29 21:00:00+00:00,2025-12-30 14:00:00+00:00,57619.74,58500.247410674856
2025-12-29 21:00:00+00:00,2025-12-30 15:00:00+00:00,60092.43,60521.82832067574
2025-12-29 21:00:00+00:00,2025-12-30 16:00:00+00:00,62880.46,62703.145399094705
2025-12-29 21:00:00+00:00,2025-12-30 17:00:00+00:00,62957.86,62941.702634762645
2025-12-29 21:00:00+00:00,2025-12-30 18:00:00+00:00,61192.83,61691.37306014157
2025-12-29 21:00:00+00:00,2025-12-30 19:00:00+00:00,57905.44,58326.583625132545
2025-12-29 21:00:00+00:00,2025-12-30 20:00:00+00:00,55865.78,55009.258238954055
2025-12-29 21:00:00+00:00,2025-12-30 21:00:00+00:00,53882.88,52529.769498834234
2025-12-30 21:00:00+00:00,2025-12-30 22:00:00+00:00,51477.81,51083.67082087451
2025-12-30 21:00:00+00:00,2025-12-30 23:00:00+00:00,49577.65,48338.95473320667
2025-12-30 21:00:00+00:00,2025-12-31 00:00:00+00:00,47539.28,46080.269560472734
2025-12-30 21:00:00+00:00,2025-12-31 01:00:00+00:00,46522.73,44950.808931772546
2025-12-30 21:00:00+00:00,2025-12-31 02:00:00+00:00,45614.48,44735.79998897131
2025-12-30 21:00:00+00:00,2025-12-31 03:00:00+00:00,45502.7,45679.17616601342
2025-12-30 21:00:00+00:00,2025-12-31 04:00:00+00:00,47063.68,47100.55599080687
2025-12-30 21:00:00+00:00,2025-12-31 05:00:00+00:00,48493.64,49386.344958576185
2025-12-30 21:00:00+00:00,2025-12-31 06:00:00+00:00,50621.23,51271.13629155974
2025-12-30 21:00:00+00:00,2025-12-31 07:00:00+00:00,52745.86,53575.97527861863
2025-12-30 21:00:00+00:00,2025-12-31 08:00:00+00:00,54978.51,55376.42329255854
2025-12-30 21:00:00+00:00,2025-12-31 09:00:00+00:00,56085.8,56445.607996895815
2025-12-30 21:00:00+00:00,2025-12-31 10:00:00+00:00,56885.79,57249.35081487662
2025-12-30 21:00:00+00:00,2025-12-31 11:00:00+00:00,57255.14,56444.250682167105
2025-12-30 21:00:00+00:00,2025-12-31 12:00:00+00:00,56131.44,55444.15115198945
2025-12-30 21:00:00+00:00,2025-12-31 13:00:00+00:00,55142.98,53605.42572843485
2025-12-30 21:00:00+00:00,2025-12-31 14:00:00+00:00,55597.42,53441.43654322791
2025-12-30 21:00:00+00:00,2025-12-31 15:00:00+00:00,57467.45,55335.80760808622
2025-12-30 21:00:00+00:00,2025-12-31 16:00:00+00:00,59079.43,57570.47358963842
2025-12-30 21:00:00+00:00,2025-12-31 17:00:00+00:00,58358.16,57909.29344821959
2025-12-30 21:00:00+00:00,2025-12-31 18:00:00+00:00,55505.61,56777.046156006676
2025-12-30 21:00:00+00:00,2025-12-31 19:00:00+00:00,52297.32,54773.712269543335
2025-12-30 21:00:00+00:00,2025-12-31 20:00:00+00:00,50355.34,52806.407867842136
2025-12-30 21:00:00+00:00,2025-12-31 21:00:00+00:00,49025.54,50338.1835592155
2025-12-31 21:00:00+00:00,2025-12-31 22:00:00+00:00,47434.6,45862.537976407366
2025-12-31 21:00:00+00:00,2025-12-31 23:00:00+00:00,46122.88,43939.39346338205
2025-12-31 21:00:00+00:00,2026-01-01 00:00:00+00:00,45598.23,42147.59697942207
2025-12-31 21:00:00+00:00,2026-01-01 01:00:00+00:00,44673.92,41703.53345600629
2025-12-31 21:00:00+00:00,2026-01-01 02:00:00+00:00,43796.41,42050.16038189605
2025-12-31 21:00:00+00:00,2026-01-01 03:00:00+00:00,43359.56,42666.549618019606
2025-12-31 21:00:00+00:00,2026-01-01 04:00:00+00:00,43074.61,43747.568084605235
2025-12-31 21:00:00+00:00,2026-01-01 05:00:00+00:00,42545.64,45447.272394595486
2025-12-31 21:00:00+00:00,2026-01-01 06:00:00+00:00,43155.68,47984.452960360315
2025-12-31 21:00:00+00:00,2026-01-01 07:00:00+00:00,44050.53,50422.366426986075
2025-12-31 21:00:00+00:00,2026-01-01 08:00:00+00:00,46027.91,51399.64942914735
2025-12-31 21:00:00+00:00,2026-01-01 09:00:00+00:00,48127.3,52496.7577311061
2025-12-31 21:00:00+00:00,2026-01-01 10:00:00+00:00,50221.08,53095.68077003103
2025-12-31 21:00:00+00:00,2026-01-01 11:00:00+00:00,51399.6,51920.09858061712
2025-12-31 21:00:00+00:00,2026-01-01 12:00:00+00:00,50855.27,50177.34562807917
2025-12-31 21:00:00+00:00,2026-01-01 13:00:00+00:00,51180.0,49120.32452031552
2025-12-31 21:00:00+00:00,2026-01-01 14:00:00+00:00,51984.26,48892.571667132324
2025-12-31 21:00:00+00:00,2026-01-01 15:00:00+00:00,54167.81,50544.17124038076
2025-12-31 21:00:00+00:00,2026-01-01 16:00:00+00:00,56380.21,53027.008838080306
2025-12-31 21:00:00+00:00,2026-01-01 17:00:00+00:00,56244.99,54181.03782660918
2025-12-31 21:00:00+00:00,2026-01-01 18:00:00+00:00,55009.6,53266.88430570075
2025-12-31 21:00:00+00:00,2026-01-01 19:00:00+00:00,52949.63,50433.36862923466
2025-12-31 21:00:00+00:00,2026-01-01 20:00:00+00:00,51424.93,48326.46433063191
2025-12-31 21:00:00+00:00,2026-01-01 21:00:00+00:00,49860.54,47098.23060334513
2026-01-01 21:00:00+00:00,2026-01-01 22:00:00+00:00,47977.97,47130.29473043732
2026-01-01 21:00:00+00:00,2026-01-01 23:00:00+00:00,45652.08,44948.11160023711
2026-01-01 21:00:00+00:00,2026-01-02 00:00:00+00:00,44883.25,43262.57827178287
2026-01-01 21:00:00+00:00,2026-01-02 01:00:00+00:00,44091.92,42410.72522570208
2026-01-01 21:00:00+00:00,2026-01-02 02:00:00+00:00,43999.25,42390.63455215284
2026-01-01 21:00:00+00:00,2026-01-02 03:00:00+00:00,45223.84,42970.738102481504
2026-01-01 21:00:00+00:00,2026-01-02 04:00:00+00:00,46732.85,43725.80617123504
2026-01-01 21:00:00+00:00,2026-01-02 05:00:00+00:00,49108.85,44849.44526094111
2026-01-01 21:00:00+00:00,2026-01-02 06:00:00+00:00,52804.41,47219.61496349944
2026-01-01 21:00:00+00:00,2026-01-02 07:00:00+00:00,55651.54,49576.701609162534
2026-01-01 21:00:00+00:00,2026-01-02 08:00:00+00:00,58290.16,50710.176860166626
2026-01-01 21:00:00+00:00,2026-01-02 09:00:00+00:00,61026.41,50687.94361267445
2026-01-01 21:00:00+00:00,2026-01-02 10:00:00+00:00,62116.04,51097.563394443554
2026-01-01 21:00:00+00:00,2026-01-02 11:00:00+00:00,63062.89,50397.99783658895
2026-01-01 21:00:00+00:00,2026-01-02 12:00:00+00:00,61893.49,49117.04239578887
2026-01-01 21:00:00+00:00,2026-01-02 13:00:00+00:00,60835.86,47756.29388942786
2026-01-01 21:00:00+00:00,2026-01-02 14:00:00+00:00,60797.0,48044.241300366186
2026-01-01 21:00:00+00:00,2026-01-02 15:00:00+00:00,61879.19,48877.140006354704
2026-01-01 21:00:00+00:00,2026-01-02 16:00:00+00:00,64194.65,52016.750110934365
2026-01-01 21:00:00+00:00,2026-01-02 17:00:00+00:00,63860.58,53479.68116900238
2026-01-01 21:00:00+00:00,2026-01-02 18:00:00+00:00,61633.56,52943.63097743476
2026-01-01 21:00:00+00:00,2026-01-02 19:00:00+00:00,58232.36,50498.437454098166
2026-01-01 21:00:00+00:00,2026-01-02 20:00:00+00:00,56176.43,48884.473766157535
2026-01-01 21:00:00+00:00,2026-01-02 21:00:00+00:00,54466.21,46993.47183280705
2026-01-02 21:00:00+00:00,2026-01-02 22:00:00+00:00,51845.17,51856.78738413918
2026-01-02 21:00:00+00:00,2026-01-02 23:00:00+00:00,50749.78,48842.44345596456
2026-01-02 21:00:00+00:00,2026-01-03 00:00:00+00:00,49234.49,46986.43437648717
2026-01-02 21:00:00+00:00,2026-01-03 01:00:00+00:00,47630.41,45862.69018431111
2026-01-02 21:00:00+00:00,2026-01-03 02:00:00+00:00,46849.13,45648.865809120776
2026-01-02 21:00:00+00:00,2026-01-03 03:00:00+00:00,47122.33,46573.965096499895
2026-01-02 21:00:00+00:00,2026-01-03 04:00:00+00:00,47611.3,48525.35658713801
2026-01-02 21:00:00+00:00,2026-01-03 05:00:00+00:00,48412.35,51066.97050343886
2026-01-02 21:00:00+00:00,2026-01-03 06:00:00+00:00,50681.28,52792.889710535695
2026-01-02 21:00:00+00:00,2026-01-03 07:00:00+00:00,53334.48,54307.806262436425
2026-01-02 21:00:00+00:00,2026-01-03 08:00:00+00:00,56150.87,56305.408117173254
2026-01-02 21:00:00+00:00,2026-01-03 09:00:00+00:00,58665.55,57545.03054825441
2026-01-02 21:00:00+00:00,2026-01-03 10:00:00+00:00,60410.86,58570.781933654376
2026-01-02 21:00:00+00:00,2026-01-03 11:00:00+00:00,60984.22,58491.0479189556
2026-01-02 21:00:00+00:00,2026-01-03 12:00:00+00:00,59291.06,57356.03890599251
2026-01-02 21:00:00+00:00,2026-01-03 13:00:00+00:00,58836.02,56097.66485443981
2026-01-02 21:00:00+00:00,2026-01-03 14:00:00+00:00,59355.26,56188.12576011707
2026-01-02 21:00:00+00:00,2026-01-03 15:00:00+00:00,60813.45,57194.41159854321
2026-01-02 21:00:00+00:00,2026-01-03 16:00:00+00:00,63084.64,58835.86079970358
2026-01-02 21:00:00+00:00,2026-01-03 17:00:00+00:00,62848.96,59883.80070242294
2026-01-02 21:00:00+00:00,2026-01-03 18:00:00+00:00,61392.92,58193.38858500984
2026-01-02 21:00:00+00:00,2026-01-03 19:00:00+00:00,58261.43,55516.167579930974
2026-01-02 21:00:00+00:00,2026-01-03 20:00:00+00:00,55279.23,52501.50474966182
2026-01-02 21:00:00+00:00,2026-01-03 21:00:00+00:00,54149.5,49920.23158174138
2026-01-03 21:00:00+00:00,2026-01-03 22:00:00+00:00,51809.42,52011.622418839164
2026-01-03 21:00:00+00:00,2026-01-03 23:00:00+00:00,48682.66,49641.92199669794
2026-01-03 21:00:00+00:00,2026-01-04 00:00:00+00:00,46973.92,48002.33159661623
2026-01-03 21:00:00+00:00,2026-01-04 01:00:00+00:00,45927.37,46564.586568463164
2026-01-03 21:00:00+00:00,2026-01-04 02:00:00+00:00,46114.88,45891.16180819714
2026-01-03 21:00:00+00:00,2026-01-04 03:00:00+00:00,45958.98,46473.22009389998
2026-01-03 21:00:00+00:00,2026-01-04 04:00:00+00:00,45573.1,47461.02904382751
2026-01-03 21:00:00+00:00,2026-01-04 05:00:00+00:00,45486.15,49211.02317587769
2026-01-03 21:00:00+00:00,2026-01-04 06:00:00+00:00,47313.95,50968.43641642696
2026-01-03 21:00:00+00:00,2026-01-04 07:00:00+00:00,50147.2,53202.009811729185
2026-01-03 21:00:00+00:00,2026-01-04 08:00:00+00:00,53117.69,54850.61515433872
2026-01-03 21:00:00+00:00,2026-01-04 09:00:00+00:00,55360.48,56720.94709869451
2026-01-03 21:00:00+00:00,2026-01-04 10:00:00+00:00,57541.61,57971.00885238226
2026-01-03 21:00:00+00:00,2026-01-04 11:00:00+00:00,57855.78,58006.78560308367
2026-01-03 21:00:00+00:00,2026-01-04 12:00:00+00:00,57125.07,56784.72662344806
2026-01-03 21:00:00+00:00,2026-01-04 13:00:00+00:00,55937.32,55644.83496420243
2026-01-03 21:00:00+00:00,2026-01-04 14:00:00+00:00,56153.07,56083.71756410502
2026-01-03 21:00:00+00:00,2026-01-04 15:00:00+00:00,57899.4,57229.19192540711
2026-01-03 21:00:00+00:00,2026-01-04 16:00:00+00:00,60950.3,60022.46547906885
2026-01-03 21:00:00+00:00,2026-01-04 17:00:00+00:00,61375.13,61019.500580236534
2026-01-03 21:00:00+00:00,2026-01-04 18:00:00+00:00,59964.54,59885.46312525295
2026-01-03 21:00:00+00:00,2026-01-04 19:00:00+00:00,57413.58,56539.606165637466
2026-01-03 21:00:00+00:00,2026-01-04 20:00:00+00:00,55519.35,54689.395010862085
2026-01-03 21:00:00+00:00,2026-01-04 21:00:00+00:00,53931.26,53041.24814538598
2026-01-04 21:00:00+00:00,2026-01-04 22:00:00+00:00,51102.96,51665.13985296584
2026-01-04 21:00:00+00:00,2026-01-04 23:00:00+00:00,48717.84,49575.163881917564
2026-01-04 21:00:00+00:00,2026-01-05 00:00:00+00:00,47383.3,47419.625968644345
2026-01-04 21:00:00+00:00,2026-01-05 01:00:00+00:00,47058.42,46277.11445277602
2026-01-04 21:00:00+00:00,2026-01-05 02:00:00+00:00,47068.69,46271.50068908406
2026-01-04 21:00:00+00:00,2026-01-05 03:00:00+00:00,48029.04,47152.46763393282
2026-01-04 21:00:00+00:00,2026-01-05 04:00:00+00:00,51071.5,50773.43467803121
2026-01-04 21:00:00+00:00,2026-01-05 05:00:00+00:00,56542.31,53343.5245061409
2026-01-04 21:00:00+00:00,2026-01-05 06:00:00+00:00,61433.84,55782.84521579861
2026-01-04 21:00:00+00:00,2026-01-05 07:00:00+00:00,64841.53,59168.25160047031
2026-01-04 21:00:00+00:00,2026-01-05 08:00:00+00:00,66279.0,61488.540229602426
2026-01-04 21:00:00+00:00,2026-01-05 09:00:00+00:00,66751.99,62015.53633487425
2026-01-04 21:00:00+00:00,2026-01-05 10:00:00+00:00,67926.38,62660.94685559442
2026-01-04 21:00:00+00:00,2026-01-05 11:00:00+00:00,67421.41,61937.72493611503
2026-01-04 21:00:00+00:00,2026-01-05 12:00:00+00:00,66509.86,60880.14733687313
2026-01-04 21:00:00+00:00,2026-01-05 13:00:00+00:00,65226.52,59773.75394077165
2026-01-04 21:00:00+00:00,2026-01-05 14:00:00+00:00,65447.39,59366.01088814704
2026-01-04 21:00:00+00:00,2026-01-05 15:00:00+00:00,66911.23,59990.67593306872
2026-01-04 21:00:00+00:00,2026-01-05 16:00:00+00:00,69136.48,61938.30036943476
2026-01-04 21:00:00+00:00,2026-01-05 17:00:00+00:00,69539.64,63737.435837197256
2026-01-04 21:00:00+00:00,2026-01-05 18:00:00+00:00,67919.85,63129.01647448615
2026-01-04 21:00:00+00:00,2026-01-05 19:00:00+00:00,64883.3,60032.373308105576
2026-01-04 21:00:00+00:00,2026-01-05 20:00:00+00:00,61873.26,57241.8822383626
2026-01-04 21:00:00+00:00,2026-01-05 21:00:00+00:00,58991.64,54648.037042588774
2026-01-05 21:00:00+00:00,2026-01-05 22:00:00+00:00,55992.01,55752.8570972747
2026-01-05 21:00:00+00:00,2026-01-05 23:00:00+00:00,54320.76,54398.108052747164
2026-01-05 21:00:00+00:00,2026-01-06 00:00:00+00:00,52146.36,52835.605600202274
2026-01-05 21:00:00+00:00,2026-01-06 01:00:00+00:00,51043.21,52302.35005170418
2026-01-05 21:00:00+00:00,2026-01-06 02:00:00+00:00,50652.09,52813.69504498301
2026-01-05 21:00:00+00:00,2026-01-06 03:00:00+00:00,51528.91,54126.33587149439
2026-01-05 21:00:00+00:00,2026-01-06 04:00:00+00:00,53399.79,55539.793204004134
2026-01-05 21:00:00+00:00,2026-01-06 05:00:00+00:00,57577.22,57284.75810549014
2026-01-05 21:00:00+00:00,2026-01-06 06:00:00+00:00,61536.17,61751.99771331101
2026-01-05 21:00:00+00:00,2026-01-06 07:00:00+00:00,64272.92,64389.90317547869
2026-01-05 21:00:00+00:00,2026-01-06 08:00:00+00:00,65789.02,65279.96081065086
2026-01-05 21:00:00+00:00,2026-01-06 09:00:00+00:00,66862.88,65601.71967573313
2026-01-05 21:00:00+00:00,2026-01-06 10:00:00+00:00,67610.07,65814.78291697684
2026-01-05 21:00:00+00:00,2026-01-06 11:00:00+00:00,67743.98,65029.74773430994
2026-01-05 21:00:00+00:00,2026-01-06 12:00:00+00:00,66879.5,64249.04584017059
2026-01-05 21:00:00+00:00,2026-01-06 13:00:00+00:00,65724.36,63643.66965275118
2026-01-05 21:00:00+00:00,2026-01-06 14:00:00+00:00,65820.76,63054.304034976834
2026-01-05 21:00:00+00:00,2026-01-06 15:00:00+00:00,66822.93,63846.88479513149
2026-01-05 21:00:00+00:00,2026-01-06 16:00:00+00:00,69465.8,66381.19142077911
2026-01-05 21:00:00+00:00,2026-01-06 17:00:00+00:00,69449.21,66334.12731622384
2026-01-05 21:00:00+00:00,2026-01-06 18:00:00+00:00,68050.04,65141.40011274129
2026-01-05 21:00:00+00:00,2026-01-06 19:00:00+00:00,65100.48,61964.72298962991
2026-01-05 21:00:00+00:00,2026-01-06 20:00:00+00:00,62411.71,58234.19577188198
2026-01-05 21:00:00+00:00,2026-01-06 21:00:00+00:00,60191.77,55426.00474784428
2026-01-06 21:00:00+00:00,2026-01-06 22:00:00+00:00,57412.83,57117.278489783945
2026-01-06 21:00:00+00:00,2026-01-06 23:00:00+00:00,55181.96,56564.260291194776
2026-01-06 21:00:00+00:00,2026-01-07 00:00:00+00:00,53608.1,56645.80905440411
2026-01-06 21:00:00+00:00,2026-01-07 01:00:00+00:00,52888.72,56910.80750722712
2026-01-06 21:00:00+00:00,2026-01-07 02:00:00+00:00,53266.09,57356.11883164566
2026-01-06 21:00:00+00:00,2026-01-07 03:00:00+00:00,54782.29,58241.024488661795
2026-01-06 21:00:00+00:00,2026-01-07 04:00:00+00:00,58167.66,59090.52385414854
2026-01-06 21:00:00+00:00,2026-01-07 05:00:00+00:00,65399.3,62955.987043094516
2026-01-06 21:00:00+00:00,2026-01-07 06:00:00+00:00,70819.2,66043.42149507547
2026-01-06 21:00:00+00:00,2026-01-07 07:00:00+00:00,73905.03,69194.442605124
2026-01-06 21:00:00+00:00,2026-01-07 08:00:00+00:00,75053.48,69129.99833370809
2026-01-06 21:00:00+00:00,2026-01-07 09:00:00+00:00,75249.65,69193.29046982294
2026-01-06 21:00:00+00:00,2026-01-07 10:00:00+00:00,74576.07,69289.30472215163
2026-01-06 21:00:00+00:00,2026-01-07 11:00:00+00:00,74321.59,68601.74947491231
2026-01-06 21:00:00+00:00,2026-01-07 12:00:00+00:00,72934.86,67766.97049216766
2026-01-06 21:00:00+00:00,2026-01-07 13:00:00+00:00,72130.87,66985.91794480821
2026-01-06 21:00:00+00:00,2026-01-07 14:00:00+00:00,72216.37,67202.8601597473
2026-01-06 21:00:00+00:00,2026-01-07 15:00:00+00:00,74072.13,67897.53816815317
2026-01-06 21:00:00+00:00,2026-01-07 16:00:00+00:00,77143.62,69312.73306895747
2026-01-06 21:00:00+00:00,2026-01-07 17:00:00+00:00,76867.52,68893.94532294561
2026-01-06 21:00:00+00:00,2026-01-07 18:00:00+00:00,75658.92,67233.36847396483
2026-01-06 21:00:00+00:00,2026-01-07 19:00:00+00:00,71368.22,64159.384124473225
2026-01-06 21:00:00+00:00,2026-01-07 20:00:00+00:00,67122.92,60773.689331262874
2026-01-06 21:00:00+00:00,2026-01-07 21:00:00+00:00,64254.47,57782.09211215664
2026-01-07 21:00:00+00:00,2026-01-07 22:00:00+00:00,61120.81,61721.240631026434
2026-01-07 21:00:00+00:00,2026-01-07 23:00:00+00:00,58820.11,65665.51112038578
2026-01-07 21:00:00+00:00,2026-01-08 00:00:00+00:00,56674.08,70242.39911795665
2026-01-07 21:00:00+00:00,2026-01-08 01:00:00+00:00,55485.03,71871.03978040692
2026-01-07 21:00:00+00:00,2026-01-08 02:00:00+00:00,55273.72,73212.6392992961
2026-01-07 21:00:00+00:00,2026-01-08 03:00:00+00:00,55996.63,74563.46596854925
2026-01-07 21:00:00+00:00,2026-01-08 04:00:00+00:00,59133.22,74597.19047491055
2026-01-07 21:00:00+00:00,2026-01-08 05:00:00+00:00,65569.79,74611.9314660891
2026-01-07 21:00:00+00:00,2026-01-08 06:00:00+00:00,71047.32,75243.23317713778
2026-01-07 21:00:00+00:00,2026-01-08 07:00:00+00:00,74343.56,74811.34363805887
2026-01-07 21:00:00+00:00,2026-01-08 08:00:00+00:00,75266.46,74424.61343547735
2026-01-07 21:00:00+00:00,2026-01-08 09:00:00+00:00,75361.21,74399.10132333165
2026-01-07 21:00:00+00:00,2026-01-08 10:00:00+00:00,75214.25,74230.31348722133
2026-01-07 21:00:00+00:00,2026-01-08 11:00:00+00:00,74126.48,73882.3976622117
2026-01-07 21:00:00+00:00,2026-01-08 12:00:00+00:00,72960.1,73387.44503214094
2026-01-07 21:00:00+00:00,2026-01-08 13:00:00+00:00,72240.73,73356.2218643462
2026-01-07 21:00:00+00:00,2026-01-08 14:00:00+00:00,72161.14,73961.61354329948
2026-01-07 21:00:00+00:00,2026-01-08 15:00:00+00:00,72799.27,74560.86443529231
2026-01-07 21:00:00+00:00,2026-01-08 16:00:00+00:00,74857.83,75346.80651330399
2026-01-07 21:00:00+00:00,2026-01-08 17:00:00+00:00,73782.55,74665.89225372497
2026-01-07 21:00:00+00:00,2026-01-08 18:00:00+00:00,72361.25,73810.8675932223
2026-01-07 21:00:00+00:00,2026-01-08 19:00:00+00:00,69373.87,72948.8055699348
2026-01-07 21:00:00+00:00,2026-01-08 20:00:00+00:00,65912.28,72688.64297422607
2026-01-07 21:00:00+00:00,2026-01-08 21:00:00+00:00,63287.73,70051.35680509996
2026-01-08 21:00:00+00:00,2026-01-08 22:00:00+00:00,59006.75,59636.86178133111
2026-01-08 21:00:00+00:00,2026-01-08 23:00:00+00:00,56559.9,60735.140369500725
2026-01-08 21:00:00+00:00,2026-01-09 00:00:00+00:00,54832.14,62191.23238414232
2026-01-08 21:00:00+00:00,2026-01-09 01:00:00+00:00,53887.32,65160.57382114207
2026-01-08 21:00:00+00:00,2026-01-09 02:00:00+00:00,54688.92,68969.66927604878
2026-01-08 21:00:00+00:00,2026-01-09 03:00:00+00:00,56431.97,70423.1693564074
2026-01-08 21:00:00+00:00,2026-01-09 04:00:00+00:00,58832.56,71188.09832579306
2026-01-08 21:00:00+00:00,2026-01-09 05:00:00+00:00,64760.76,73088.16043772108
2026-01-08 21:00:00+00:00,2026-01-09 06:00:00+00:00,70120.49,74009.93436625763
2026-01-08 21:00:00+00:00,2026-01-09 07:00:00+00:00,73404.18,74814.92030900916
2026-01-08 21:00:00+00:00,2026-01-09 08:00:00+00:00,73691.04,74424.14847287477
2026-01-08 21:00:00+00:00,2026-01-09 09:00:00+00:00,73890.19,74238.97076985477
2026-01-08 21:00:00+00:00,2026-01-09 10:00:00+00:00,74525.17,74010.3162079559
2026-01-08 21:00:00+00:00,2026-01-09 11:00:00+00:00,74088.98,73386.26699845177
2026-01-08 21:00:00+00:00,2026-01-09 12:00:00+00:00,72756.33,73022.38873896156
2026-01-08 21:00:00+00:00,2026-01-09 13:00:00+00:00,71936.83,71933.2413742874
2026-01-08 21:00:00+00:00,2026-01-09 14:00:00+00:00,71883.21,71486.98316702073
2026-01-08 21:00:00+00:00,2026-01-09 15:00:00+00:00,72294.11,71644.05893086032
2026-01-08 21:00:00+00:00,2026-01-09 16:00:00+00:00,74271.68,72185.34806613893
2026-01-08 21:00:00+00:00,2026-01-09 17:00:00+00:00,73030.69,71725.87661451678
2026-01-08 21:00:00+00:00,2026-01-09 18:00:00+00:00,70971.58,69422.02818528726
2026-01-08 21:00:00+00:00,2026-01-09 19:00:00+00:00,66867.44,65988.87906726486
2026-01-08 21:00:00+00:00,2026-01-09 20:00:00+00:00,63039.32,62730.069765989094
2026-01-08 21:00:00+00:00,2026-01-09 21:00:00+00:00,60673.28,59268.972993498835
2026-01-09 21:00:00+00:00,2026-01-09 22:00:00+00:00,57110.11,57700.136580102604
2026-01-09 21:00:00+00:00,2026-01-09 23:00:00+00:00,54622.76,56122.33464074843
2026-01-09 21:00:00+00:00,2026-01-10 00:00:00+00:00,52249.79,53308.43041168387
2026-01-09 21:00:00+00:00,2026-01-10 01:00:00+00:00,51517.67,53049.825976874636
2026-01-09 21:00:00+00:00,2026-01-10 02:00:00+00:00,51803.26,53849.516416476705
2026-01-09 21:00:00+00:00,2026-01-10 03:00:00+00:00,51907.05,56067.136134284054
2026-01-09 21:00:00+00:00,2026-01-10 04:00:00+00:00,51750.73,59803.820899810315
2026-01-09 21:00:00+00:00,2026-01-10 05:00:00+00:00,53037.78,65164.6604006711
2026-01-09 21:00:00+00:00,2026-01-10 06:00:00+00:00,54501.93,71436.11129463716
2026-01-09 21:00:00+00:00,2026-01-10 07:00:00+00:00,58138.76,74088.44942035551
2026-01-09 21:00:00+00:00,2026-01-10 08:00:00+00:00,61855.1,75108.22673258507
2026-01-09 21:00:00+00:00,2026-01-10 09:00:00+00:00,63563.36,75155.83806962393
2026-01-09 21:00:00+00:00,2026-01-10 10:00:00+00:00,65025.39,74698.60408492826
2026-01-09 21:00:00+00:00,2026-01-10 11:00:00+00:00,65289.89,74124.5502192503
2026-01-09 21:00:00+00:00,2026-01-10 12:00:00+00:00,64465.12,73804.66130646023
2026-01-09 21:00:00+00:00,2026-01-10 13:00:00+00:00,63689.76,74385.52177596142
2026-01-09 21:00:00+00:00,2026-01-10 14:00:00+00:00,63501.5,73526.36582742305
2026-01-09 21:00:00+00:00,2026-01-10 15:00:00+00:00,64856.0,73693.81302584232
2026-01-09 21:00:00+00:00,2026-01-10 16:00:00+00:00,67466.65,74370.03055940654
2026-01-09 21:00:00+00:00,2026-01-10 17:00:00+00:00,67021.02,73544.66430789788
2026-01-09 21:00:00+00:00,2026-01-10 18:00:00+00:00,65047.83,72066.71555944894
2026-01-09 21:00:00+00:00,2026-01-10 19:00:00+00:00,62212.35,69034.52283762804
2026-01-09 21:00:00+00:00,2026-01-10 20:00:00+00:00,59789.83,65039.00074066193
2026-01-09 21:00:00+00:00,2026-01-10 21:00:00+00:00,58300.77,61282.3160738749
2026-01-10 21:00:00+00:00,2026-01-10 22:00:00+00:00,55797.6,54881.87611724467
2026-01-10 21:00:00+00:00,2026-01-10 23:00:00+00:00,53665.16,52103.58445512298
2026-01-10 21:00:00+00:00,2026-01-11 00:00:00+00:00,52307.81,49776.239003542105
2026-01-10 21:00:00+00:00,2026-01-11 01:00:00+00:00,51202.59,48570.49425169322
2026-01-10 21:00:00+00:00,2026-01-11 02:00:00+00:00,50564.03,48505.573875923124
2026-01-10 21:00:00+00:00,2026-01-11 03:00:00+00:00,50877.27,48875.39034190539
2026-01-10 21:00:00+00:00,2026-01-11 04:00:00+00:00,51145.76,49811.28762131581
2026-01-10 21:00:00+00:00,2026-01-11 05:00:00+00:00,51264.7,50258.788075316785
2026-01-10 21:00:00+00:00,2026-01-11 06:00:00+00:00,53323.57,51144.77282856535
2026-01-10 21:00:00+00:00,2026-01-11 07:00:00+00:00,56390.86,52978.68457707718
2026-01-10 21:00:00+00:00,2026-01-11 08:00:00+00:00,59200.02,54669.018725413465
2026-01-10 21:00:00+00:00,2026-01-11 09:00:00+00:00,61311.67,56915.12832093023
2026-01-10 21:00:00+00:00,2026-01-11 10:00:00+00:00,62704.68,58693.25874764418
2026-01-10 21:00:00+00:00,2026-01-11 11:00:00+00:00,62190.62,58598.752543871014
2026-01-10 21:00:00+00:00,2026-01-11 12:00:00+00:00,60655.13,57836.069373846265
2026-01-10 21:00:00+00:00,2026-01-11 13:00:00+00:00,59418.91,57455.40720030567
2026-01-10 21:00:00+00:00,2026-01-11 14:00:00+00:00,59622.69,58492.80530769781
2026-01-10 21:00:00+00:00,2026-01-11 15:00:00+00:00,62027.09,60242.13772300391
2026-01-10 21:00:00+00:00,2026-01-11 16:00:00+00:00,66184.0,61917.126538695935
2026-01-10 21:00:00+00:00,2026-01-11 17:00:00+00:00,66427.45,63160.192129673465
2026-01-10 21:00:00+00:00,2026-01-11 18:00:00+00:00,64341.16,62237.79389327494
2026-01-10 21:00:00+00:00,2026-01-11 19:00:00+00:00,61981.42,59501.52460315028
2026-01-10 21:00:00+00:00,2026-01-11 20:00:00+00:00,59853.86,56700.65812292435
2026-01-10 21:00:00+00:00,2026-01-11 21:00:00+00:00,58547.86,55176.60933145659
2026-01-11 21:00:00+00:00,2026-01-11 22:00:00+00:00,55684.42,56509.4467535531
2026-01-11 21:00:00+00:00,2026-01-11 23:00:00+00:00,53862.4,54652.90995616375
2026-01-11 21:00:00+00:00,2026-01-12 00:00:00+00:00,52156.79,53284.20876470035
2026-01-11 21:00:00+00:00,2026-01-12 01:00:00+00:00,51724.99,53294.58044868252
2026-01-11 21:00:00+00:00,2026-01-12 02:00:00+00:00,51676.2,54243.298396887934
2026-01-11 21:00:00+00:00,2026-01-12 03:00:00+00:00,52997.36,56079.55355045055
2026-01-11 21:00:00+00:00,2026-01-12 04:00:00+00:00,56470.22,58337.056797526835
2026-01-11 21:00:00+00:00,2026-01-12 05:00:00+00:00,64696.34,62113.174041471124
2026-01-11 21:00:00+00:00,2026-01-12 06:00:00+00:00,70544.34,67362.99502510368
2026-01-11 21:00:00+00:00,2026-01-12 07:00:00+00:00,74262.14,70464.21812705869
2026-01-11 21:00:00+00:00,2026-01-12 08:00:00+00:00,75280.5,70804.95992891697
2026-01-11 21:00:00+00:00,2026-01-12 09:00:00+00:00,75823.06,71445.67817735457
2026-01-11 21:00:00+00:00,2026-01-12 10:00:00+00:00,75814.41,71566.38970282096
2026-01-11 21:00:00+00:00,2026-01-12 11:00:00+00:00,75391.72,71034.79645513353
2026-01-11 21:00:00+00:00,2026-01-12 12:00:00+00:00,74908.78,70450.28798340195
2026-01-11 21:00:00+00:00,2026-01-12 13:00:00+00:00,73846.11,69494.31640552745
2026-01-11 21:00:00+00:00,2026-01-12 14:00:00+00:00,73522.58,69600.66274920161
2026-01-11 21:00:00+00:00,2026-01-12 15:00:00+00:00,73858.5,70859.86183769476
2026-01-11 21:00:00+00:00,2026-01-12 16:00:00+00:00,75044.83,73003.55318961486
2026-01-11 21:00:00+00:00,2026-01-12 17:00:00+00:00,74111.49,72587.07240607688
2026-01-11 21:00:00+00:00,2026-01-12 18:00:00+00:00,72298.1,70603.85091294345
2026-01-11 21:00:00+00:00,2026-01-12 19:00:00+00:00,68616.93,67759.37436453605
2026-01-11 21:00:00+00:00,2026-01-12 20:00:00+00:00,64563.31,64516.41528451697
2026-01-11 21:00:00+00:00,2026-01-12 21:00:00+00:00,60741.43,61492.76694500647
2026-01-12 21:00:00+00:00,2026-01-12 22:00:00+00:00,57220.27,57105.10523669391
2026-01-12 21:00:00+00:00,2026-01-12 23:00:00+00:00,54264.2,54552.68938200829
2026-01-12 21:00:00+00:00,2026-01-13 00:00:00+00:00,52826.04,51805.08044081161
2026-01-12 21:00:00+00:00,2026-01-13 01:00:00+00:00,51517.83,50862.17105054568
2026-01-12 21:00:00+00:00,2026-01-13 02:00:00+00:00,51119.03,50961.69351202145
2026-01-12 21:00:00+00:00,2026-01-13 03:00:00+00:00,51994.57,51584.959454009266
2026-01-12 21:00:00+00:00,2026-01-13 04:00:00+00:00,55333.12,53984.34117421538
2026-01-12 21:00:00+00:00,2026-01-13 05:00:00+00:00,62206.12,62182.90139655247
2026-01-12 21:00:00+00:00,2026-01-13 06:00:00+00:00,67798.17,68664.45528981076
2026-01-12 21:00:00+00:00,2026-01-13 07:00:00+00:00,71032.27,71691.37798426248
2026-01-12 21:00:00+00:00,2026-01-13 08:00:00+00:00,71259.86,73440.62779445952
2026-01-12 21:00:00+00:00,2026-01-13 09:00:00+00:00,71120.15,74685.62578543712
2026-01-12 21:00:00+00:00,2026-01-13 10:00:00+00:00,71355.11,75180.64458678328
2026-01-12 21:00:00+00:00,2026-01-13 11:00:00+00:00,70937.45,74511.53099730256
2026-01-12 21:00:00+00:00,2026-01-13 12:00:00+00:00,69998.81,74050.42089008086
2026-01-12 21:00:00+00:00,2026-01-13 13:00:00+00:00,68815.2,73959.11694385542
2026-01-12 21:00:00+00:00,2026-01-13 14:00:00+00:00,68841.52,74268.86814565297
2026-01-12 21:00:00+00:00,2026-01-13 15:00:00+00:00,69595.8,74800.43925597517
2026-01-12 21:00:00+00:00,2026-01-13 16:00:00+00:00,72200.47,75463.5404392439
2026-01-12 21:00:00+00:00,2026-01-13 17:00:00+00:00,72380.32,74423.38008441207
2026-01-12 21:00:00+00:00,2026-01-13 18:00:00+00:00,70491.08,73440.13344654025
2026-01-12 21:00:00+00:00,2026-01-13 19:00:00+00:00,67324.19,71709.48803635183
2026-01-12 21:00:00+00:00,2026-01-13 20:00:00+00:00,63713.94,68934.63702425419
2026-01-12 21:00:00+00:00,2026-01-13 21:00:00+00:00,60710.35,65184.44512205305
2026-01-13 21:00:00+00:00,2026-01-13 22:00:00+00:00,57680.02,57566.458510668315
2026-01-13 21:00:00+00:00,2026-01-13 23:00:00+00:00,54302.05,56520.838839429874
2026-01-13 21:00:00+00:00,2026-01-14 00:00:00+00:00,52201.93,55190.085603499116
2026-01-13 21:00:00+00:00,2026-01-14 01:00:00+00:00,51896.24,54219.09670851289
2026-01-13 21:00:00+00:00,2026-01-14 02:00:00+00:00,51749.15,54727.22239871924
2026-01-13 21:00:00+00:00,2026-01-14 03:00:00+00:00,53150.55,56509.762158818296
2026-01-13 21:00:00+00:00,2026-01-14 04:00:00+00:00,56650.54,59891.959222453785
2026-01-13 21:00:00+00:00,2026-01-14 05:00:00+00:00,64295.43,66059.94555345488
2026-01-13 21:00:00+00:00,2026-01-14 06:00:00+00:00,70067.82,70244.9560008979
2026-01-13 21:00:00+00:00,2026-01-14 07:00:00+00:00,73265.77,72087.45146947044
2026-01-13 21:00:00+00:00,2026-01-14 08:00:00+00:00,72717.66,72137.85578343262
2026-01-13 21:00:00+00:00,2026-01-14 09:00:00+00:00,72767.51,72004.16491599916
2026-01-13 21:00:00+00:00,2026-01-14 10:00:00+00:00,72657.59,72022.9381391302
2026-01-13 21:00:00+00:00,2026-01-14 11:00:00+00:00,71867.17,71465.38179970405
2026-01-13 21:00:00+00:00,2026-01-14 12:00:00+00:00,70606.47,70831.71845192523
2026-01-13 21:00:00+00:00,2026-01-14 13:00:00+00:00,69152.11,70206.68510626991
2026-01-13 21:00:00+00:00,2026-01-14 14:00:00+00:00,69022.07,70415.70330865838
2026-01-13 21:00:00+00:00,2026-01-14 15:00:00+00:00,69799.53,71480.52423919004
2026-01-13 21:00:00+00:00,2026-01-14 16:00:00+00:00,71804.02,72950.84679990284
2026-01-13 21:00:00+00:00,2026-01-14 17:00:00+00:00,71364.41,72402.3306857968
2026-01-13 21:00:00+00:00,2026-01-14 18:00:00+00:00,69378.09,70561.98371856865
2026-01-13 21:00:00+00:00,2026-01-14 19:00:00+00:00,66369.89,66900.24322948388
2026-01-13 21:00:00+00:00,2026-01-14 20:00:00+00:00,62782.83,63304.05049242391
2026-01-13 21:00:00+00:00,2026-01-14 21:00:00+00:00,59156.78,60367.67717218578
2026-01-14 21:00:00+00:00,2026-01-14 22:00:00+00:00,55565.02,56163.270570127264
2026-01-14 21:00:00+00:00,2026-01-14 23:00:00+00:00,51938.04,55117.71680344078
2026-01-14 21:00:00+00:00,2026-01-15 00:00:00+00:00,50518.22,55518.385173867515
2026-01-14 21:00:00+00:00,2026-01-15 01:00:00+00:00,49679.45,53576.31448592902
2026-01-14 21:00:00+00:00,2026-01-15 02:00:00+00:00,49673.42,54448.08008854306
2026-01-14 21:00:00+00:00,2026-01-15 03:00:00+00:00,51056.32,57052.8832307654
2026-01-14 21:00:00+00:00,2026-01-15 04:00:00+00:00,54817.03,59501.20005722469
2026-01-14 21:00:00+00:00,2026-01-15 05:00:00+00:00,62541.9,65297.93524031272
2026-01-14 21:00:00+00:00,2026-01-15 06:00:00+00:00,68078.73,70411.30705417525
2026-01-14 21:00:00+00:00,2026-01-15 07:00:00+00:00,71304.35,72271.1986163838
2026-01-14 21:00:00+00:00,2026-01-15 08:00:00+00:00,71549.39,72513.96831974311
2026-01-14 21:00:00+00:00,2026-01-15 09:00:00+00:00,71516.41,72441.14067539603
2026-01-14 21:00:00+00:00,2026-01-15 10:00:00+00:00,71900.28,72441.14067539603
2026-01-14 21:00:00+00:00,2026-01-15 11:00:00+00:00,70669.02,71879.26331256691
2026-01-14 21:00:00+00:00,2026-01-15 12:00:00+00:00,68631.91,71414.45064823049
2026-01-14 21:00:00+00:00,2026-01-15 13:00:00+00:00,67262.29,70721.3996533449
2026-01-14 21:00:00+00:00,2026-01-15 14:00:00+00:00,67014.24,71050.60329172433
2026-01-14 21:00:00+00:00,2026-01-15 15:00:00+00:00,68641.31,72264.42244251819
2026-01-14 21:00:00+00:00,2026-01-15 16:00:00+00:00,71212.23,73992.46667033732
2026-01-14 21:00:00+00:00,2026-01-15 17:00:00+00:00,70995.13,74047.97619087131
2026-01-14 21:00:00+00:00,2026-01-15 18:00:00+00:00,69493.69,73333.81729967384
2026-01-14 21:00:00+00:00,2026-01-15 19:00:00+00:00,66374.19,71403.69979110414
2026-01-14 21:00:00+00:00,2026-01-15 20:00:00+00:00,62584.68,68116.81826620662
2026-01-14 21:00:00+00:00,2026-01-15 21:00:00+00:00,59393.34,64795.188873517734
2026-01-15 21:00:00+00:00,2026-01-15 22:00:00+00:00,56044.33,56307.093367189445
2026-01-15 21:00:00+00:00,2026-01-15 23:00:00+00:00,53568.66,54978.03597660863
2026-01-15 21:00:00+00:00,2026-01-16 00:00:00+00:00,51731.63,52893.184834603126
2026-01-15 21:00:00+00:00,2026-01-16 01:00:00+00:00,51540.06,52019.9052042349
2026-01-15 21:00:00+00:00,2026-01-16 02:00:00+00:00,51512.61,52226.1436170355
2026-01-15 21:00:00+00:00,2026-01-16 03:00:00+00:00,53164.0,54478.600375589325
2026-01-15 21:00:00+00:00,2026-01-16 04:00:00+00:00,56871.7,56970.49321756514
2026-01-15 21:00:00+00:00,2026-01-16 05:00:00+00:00,64421.8,64129.92034969213
2026-01-15 21:00:00+00:00,2026-01-16 06:00:00+00:00,70019.05,69186.36056551168
2026-01-15 21:00:00+00:00,2026-01-16 07:00:00+00:00,72832.67,71244.26160225591
2026-01-15 21:00:00+00:00,2026-01-16 08:00:00+00:00,72436.94,71447.01100733147
2026-01-15 21:00:00+00:00,2026-01-16 09:00:00+00:00,71343.22,71395.31043633696
2026-01-15 21:00:00+00:00,2026-01-16 10:00:00+00:00,70204.84,71348.10987919527
2026-01-15 21:00:00+00:00,2026-01-16 11:00:00+00:00,68525.91,70598.36113147283
2026-01-15 21:00:00+00:00,2026-01-16 12:00:00+00:00,66995.93,68955.79780818056
2026-01-15 21:00:00+00:00,2026-01-16 13:00:00+00:00,64757.79,67665.50662356817
2026-01-15 21:00:00+00:00,2026-01-16 14:00:00+00:00,65022.67,67792.53773885519
2026-01-15 21:00:00+00:00,2026-01-16 15:00:00+00:00,66701.05,68715.76870776873
2026-01-15 21:00:00+00:00,2026-01-16 16:00:00+00:00,69011.17,70370.20204250238
2026-01-15 21:00:00+00:00,2026-01-16 17:00:00+00:00,68720.8,69735.55341875622
2026-01-15 21:00:00+00:00,2026-01-16 18:00:00+00:00,66067.9,67607.8455597539
2026-01-15 21:00:00+00:00,2026-01-16 19:00:00+00:00,62430.88,63890.01527302649
2026-01-15 21:00:00+00:00,2026-01-16 20:00:00+00:00,59356.01,61311.66280228458
2026-01-15 21:00:00+00:00,2026-01-16 21:00:00+00:00,56231.12,59053.193449507206
2026-01-16 21:00:00+00:00,2026-01-16 22:00:00+00:00,53271.14,53816.78713918322
2026-01-16 21:00:00+00:00,2026-01-16 23:00:00+00:00,50294.67,50914.194315990484
2026-01-16 21:00:00+00:00,2026-01-17 00:00:00+00:00,48365.75,49488.745067252865
2026-01-16 21:00:00+00:00,2026-01-17 01:00:00+00:00,47471.49,48895.8801519785
2026-01-16 21:00:00+00:00,2026-01-17 02:00:00+00:00,47263.98,49243.61944569161
2026-01-16 21:00:00+00:00,2026-01-17 03:00:00+00:00,47909.94,50103.791538860154
2026-01-16 21:00:00+00:00,2026-01-17 04:00:00+00:00,48960.47,51735.071068833044
2026-01-16 21:00:00+00:00,2026-01-17 05:00:00+00:00,50728.42,55948.84750135726
2026-01-16 21:00:00+00:00,2026-01-17 06:00:00+00:00,53116.5,61195.78361555435
2026-01-16 21:00:00+00:00,2026-01-17 07:00:00+00:00,56426.56,65121.832450039845
2026-01-16 21:00:00+00:00,2026-01-17 08:00:00+00:00,59333.24,66156.30447384475
2026-01-16 21:00:00+00:00,2026-01-17 09:00:00+00:00,60012.0,66673.18662290268
2026-01-16 21:00:00+00:00,2026-01-17 10:00:00+00:00,60765.11,67004.45677510487
2026-01-16 21:00:00+00:00,2026-01-17 11:00:00+00:00,59687.15,66180.83950271769
2026-01-16 21:00:00+00:00,2026-01-17 12:00:00+00:00,58399.87,64806.286626854395
2026-01-16 21:00:00+00:00,2026-01-17 13:00:00+00:00,57514.64,63445.75707559129
2026-01-16 21:00:00+00:00,2026-01-17 14:00:00+00:00,57543.52,63022.8342867476
2026-01-16 21:00:00+00:00,2026-01-17 15:00:00+00:00,58924.57,64885.934166802566
2026-01-16 21:00:00+00:00,2026-01-17 16:00:00+00:00,62064.8,67296.98775711062
2026-01-16 21:00:00+00:00,2026-01-17 17:00:00+00:00,62328.53,67106.20597408868
2026-01-16 21:00:00+00:00,2026-01-17 18:00:00+00:00,60775.23,65264.276786059374
2026-01-16 21:00:00+00:00,2026-01-17 19:00:00+00:00,57670.63,62149.8916321031
2026-01-16 21:00:00+00:00,2026-01-17 20:00:00+00:00,56052.19,59116.961840943186
2026-01-16 21:00:00+00:00,2026-01-17 21:00:00+00:00,54255.63,56902.855316099995
2026-01-17 21:00:00+00:00,2026-01-17 22:00:00+00:00,51396.64,52138.485952146264
2026-01-17 21:00:00+00:00,2026-01-17 23:00:00+00:00,48702.02,50083.67175377781
2026-01-17 21:00:00+00:00,2026-01-18 00:00:00+00:00,47188.71,48111.28029377167
2026-01-17 21:00:00+00:00,2026-01-18 01:00:00+00:00,46165.66,47030.862131983595
2026-01-17 21:00:00+00:00,2026-01-18 02:00:00+00:00,45696.86,46519.03589395375
2026-01-17 21:00:00+00:00,2026-01-18 03:00:00+00:00,46075.52,46862.946511639035
2026-01-17 21:00:00+00:00,2026-01-18 04:00:00+00:00,46193.21,48946.836245916646
2026-01-17 21:00:00+00:00,2026-01-18 05:00:00+00:00,46630.43,50258.297450013706
2026-01-17 21:00:00+00:00,2026-01-18 06:00:00+00:00,48797.48,52279.421827943275
2026-01-17 21:00:00+00:00,2026-01-18 07:00:00+00:00,52051.91,56007.6316783276
2026-01-17 21:00:00+00:00,2026-01-18 08:00:00+00:00,55040.3,58776.53173113931
2026-01-17 21:00:00+00:00,2026-01-18 09:00:00+00:00,57389.54,60382.84677154682
2026-01-17 21:00:00+00:00,2026-01-18 10:00:00+00:00,58333.05,61009.86046056048
2026-01-17 21:00:00+00:00,2026-01-18 11:00:00+00:00,58448.34,60806.42853044904
2026-01-17 21:00:00+00:00,2026-01-18 12:00:00+00:00,56347.69,59850.559181581746
2026-01-17 21:00:00+00:00,2026-01-18 13:00:00+00:00,55132.25,59106.9946000021
2026-01-17 21:00:00+00:00,2026-01-18 14:00:00+00:00,54915.55,59425.6325187654
2026-01-17 21:00:00+00:00,2026-01-18 15:00:00+00:00,57504.29,60973.93516078317
2026-01-17 21:00:00+00:00,2026-01-18 16:00:00+00:00,62339.66,63335.99136973542
2026-01-17 21:00:00+00:00,2026-01-18 17:00:00+00:00,63679.67,63845.79580704887
2026-01-17 21:00:00+00:00,2026-01-18 18:00:00+00:00,62065.81,62326.14910845866
2026-01-17 21:00:00+00:00,2026-01-18 19:00:00+00:00,59977.96,59799.626465269495
2026-01-17 21:00:00+00:00,2026-01-18 20:00:00+00:00,58696.8,57659.30658518782
2026-01-17 21:00:00+00:00,2026-01-18 21:00:00+00:00,57411.73,55659.76502463464
2026-01-18 21:00:00+00:00,2026-01-18 22:00:00+00:00,54391.51,55244.69637063591
2026-01-18 21:00:00+00:00,2026-01-18 23:00:00+00:00,52715.48,53270.727686474485
2026-01-18 21:00:00+00:00,2026-01-19 00:00:00+00:00,51386.37,52534.8954009473
2026-01-18 21:00:00+00:00,2026-01-19 01:00:00+00:00,50748.09,52395.34060585126
2026-01-18 21:00:00+00:00,2026-01-19 02:00:00+00:00,50477.6,53228.96575217427
2026-01-18 21:00:00+00:00,2026-01-19 03:00:00+00:00,51959.85,55680.35439191307
2026-01-18 21:00:00+00:00,2026-01-19 04:00:00+00:00,56310.53,59329.44338052522
2026-01-18 21:00:00+00:00,2026-01-19 05:00:00+00:00,65142.21,67119.6997173985
2026-01-18 21:00:00+00:00,2026-01-19 06:00:00+00:00,71255.25,70977.4737858411
2026-01-18 21:00:00+00:00,2026-01-19 07:00:00+00:00,74079.7,72659.26232128042
2026-01-18 21:00:00+00:00,2026-01-19 08:00:00+00:00,73489.19,73012.57809446291
2026-01-18 21:00:00+00:00,2026-01-19 09:00:00+00:00,73121.2,73432.84879653467
2026-01-18 21:00:00+00:00,2026-01-19 10:00:00+00:00,72419.35,73726.09802873753
2026-01-18 21:00:00+00:00,2026-01-19 11:00:00+00:00,71263.8,73645.70201775988
2026-01-18 21:00:00+00:00,2026-01-19 12:00:00+00:00,70025.46,73252.06832868553
2026-01-18 21:00:00+00:00,2026-01-19 13:00:00+00:00,68855.0,72580.91616753192
2026-01-18 21:00:00+00:00,2026-01-19 14:00:00+00:00,68412.92,72382.88081443244
2026-01-18 21:00:00+00:00,2026-01-19 15:00:00+00:00,70190.16,73054.00860965089
2026-01-18 21:00:00+00:00,2026-01-19 16:00:00+00:00,73705.66,74451.77443064367
2026-01-18 21:00:00+00:00,2026-01-19 17:00:00+00:00,73965.16,74048.21915873741
2026-01-18 21:00:00+00:00,2026-01-19 18:00:00+00:00,72556.54,73025.63244482919
2026-01-18 21:00:00+00:00,2026-01-19 19:00:00+00:00,69163.53,70211.93312716193
2026-01-18 21:00:00+00:00,2026-01-19 20:00:00+00:00,66115.67,66874.19773867415
2026-01-18 21:00:00+00:00,2026-01-19 21:00:00+00:00,62784.86,63620.044079431944
2026-01-19 21:00:00+00:00,2026-01-19 22:00:00+00:00,59117.1,58798.448492091906
2026-01-19 21:00:00+00:00,2026-01-19 23:00:00+00:00,56241.05,59534.03079838279
2026-01-19 21:00:00+00:00,2026-01-20 00:00:00+00:00,54140.83,62164.717319225674
2026-01-19 21:00:00+00:00,2026-01-20 01:00:00+00:00,53678.94,66393.2036170928
2026-01-19 21:00:00+00:00,2026-01-20 02:00:00+00:00,53808.62,70661.819431932
2026-01-19 21:00:00+00:00,2026-01-20 03:00:00+00:00,54913.61,72399.60900414582
2026-01-19 21:00:00+00:00,2026-01-20 04:00:00+00:00,58186.31,72728.88393431176
2026-01-19 21:00:00+00:00,2026-01-20 05:00:00+00:00,65174.05,73934.44088153348
2026-01-19 21:00:00+00:00,2026-01-20 06:00:00+00:00,70923.03,74790.21607673643
2026-01-19 21:00:00+00:00,2026-01-20 07:00:00+00:00,73302.96,74719.76138359324
2026-01-19 21:00:00+00:00,2026-01-20 08:00:00+00:00,72834.63,74258.07392270601
2026-01-19 21:00:00+00:00,2026-01-20 09:00:00+00:00,72214.06,74258.07392270601
2026-01-19 21:00:00+00:00,2026-01-20 10:00:00+00:00,71356.56,74229.88573870013
2026-01-19 21:00:00+00:00,2026-01-20 11:00:00+00:00,69900.94,73898.27935265264
2026-01-19 21:00:00+00:00,2026-01-20 12:00:00+00:00,68441.71,73425.45418620268
2026-01-19 21:00:00+00:00,2026-01-20 13:00:00+00:00,66994.52,72520.9344267372
2026-01-19 21:00:00+00:00,2026-01-20 14:00:00+00:00,66902.35,71899.0298153406
2026-01-19 21:00:00+00:00,2026-01-20 15:00:00+00:00,69123.83,72567.84612100513
2026-01-19 21:00:00+00:00,2026-01-20 16:00:00+00:00,73359.22,73646.04385738246
2026-01-19 21:00:00+00:00,2026-01-20 17:00:00+00:00,73705.18,73094.17228871892
2026-01-19 21:00:00+00:00,2026-01-20 18:00:00+00:00,72576.69,71066.20651387131
2026-01-19 21:00:00+00:00,2026-01-20 19:00:00+00:00,69822.46,68356.70052299164
2026-01-19 21:00:00+00:00,2026-01-20 20:00:00+00:00,66610.99,64865.88849700812
2026-01-19 21:00:00+00:00,2026-01-20 21:00:00+00:00,63086.56,61754.365794456564
2026-01-20 21:00:00+00:00,2026-01-20 22:00:00+00:00,58731.01,59707.3564196362
2026-01-20 21:00:00+00:00,2026-01-20 23:00:00+00:00,55935.8,59615.98950449511
2026-01-20 21:00:00+00:00,2026-01-21 00:00:00+00:00,54740.78,61231.030699796676
2026-01-20 21:00:00+00:00,2026-01-21 01:00:00+00:00,54167.98,64692.03463209549
2026-01-20 21:00:00+00:00,2026-01-21 02:00:00+00:00,54389.07,69997.92872719032
2026-01-20 21:00:00+00:00,2026-01-21 03:00:00+00:00,55759.03,72319.46017516112
2026-01-20 21:00:00+00:00,2026-01-21 04:00:00+00:00,59440.27,72566.15077455174
2026-01-20 21:00:00+00:00,2026-01-21 05:00:00+00:00,66863.2,72944.38027026046
2026-01-20 21:00:00+00:00,2026-01-21 06:00:00+00:00,72937.95,73517.6680534085
2026-01-20 21:00:00+00:00,2026-01-21 07:00:00+00:00,74894.46,74179.74972116614
2026-01-20 21:00:00+00:00,2026-01-21 08:00:00+00:00,73698.45,73993.83439850871
2026-01-20 21:00:00+00:00,2026-01-21 09:00:00+00:00,73148.46,73938.97225529901
2026-01-20 21:00:00+00:00,2026-01-21 10:00:00+00:00,72086.41,73497.98601581772
2026-01-20 21:00:00+00:00,2026-01-21 11:00:00+00:00,70836.12,72729.51120976539
2026-01-20 21:00:00+00:00,2026-01-21 12:00:00+00:00,69201.13,70907.0784828746
2026-01-20 21:00:00+00:00,2026-01-21 13:00:00+00:00,67898.42,69760.3452267013
2026-01-20 21:00:00+00:00,2026-01-21 14:00:00+00:00,69146.71,69396.6159610023
2026-01-20 21:00:00+00:00,2026-01-21 15:00:00+00:00,70928.83,70337.01642634982
2026-01-20 21:00:00+00:00,2026-01-21 16:00:00+00:00,74099.01,72611.35975850184
2026-01-20 21:00:00+00:00,2026-01-21 17:00:00+00:00,74677.61,71855.56350400831
2026-01-20 21:00:00+00:00,2026-01-21 18:00:00+00:00,73640.54,69393.08768958799
2026-01-20 21:00:00+00:00,2026-01-21 19:00:00+00:00,70549.81,65423.43885254098
2026-01-20 21:00:00+00:00,2026-01-21 20:00:00+00:00,67320.88,61967.77987287215
2026-01-20 21:00:00+00:00,2026-01-21 21:00:00+00:00,64041.43,58805.561886691765
2026-01-21 21:00:00+00:00,2026-01-21 22:00:00+00:00,60018.3,60124.75337486055
2026-01-21 21:00:00+00:00,2026-01-21 23:00:00+00:00,57706.72,60348.63601579586
2026-01-21 21:00:00+00:00,2026-01-22 00:00:00+00:00,56975.16,61605.88309006516
2026-01-21 21:00:00+00:00,2026-01-22 01:00:00+00:00,56228.38,64603.52013477264
2026-01-21 21:00:00+00:00,2026-01-22 02:00:00+00:00,56034.78,68913.50716606995
2026-01-21 21:00:00+00:00,2026-01-22 03:00:00+00:00,57597.66,71326.40711495208
2026-01-21 21:00:00+00:00,2026-01-22 04:00:00+00:00,61591.59,72796.60223599742
2026-01-21 21:00:00+00:00,2026-01-22 05:00:00+00:00,68478.01,73669.7006074395
2026-01-21 21:00:00+00:00,2026-01-22 06:00:00+00:00,74884.09,73998.51465223053
2026-01-21 21:00:00+00:00,2026-01-22 07:00:00+00:00,77615.93,74164.13762262823
2026-01-21 21:00:00+00:00,2026-01-22 08:00:00+00:00,77150.18,74061.63044569506
2026-01-21 21:00:00+00:00,2026-01-22 09:00:00+00:00,76036.13,73690.62836436697
2026-01-21 21:00:00+00:00,2026-01-22 10:00:00+00:00,74976.69,72916.45155391686
2026-01-21 21:00:00+00:00,2026-01-22 11:00:00+00:00,73286.14,71788.77700282107
2026-01-21 21:00:00+00:00,2026-01-22 12:00:00+00:00,72231.54,70141.12831337555
2026-01-21 21:00:00+00:00,2026-01-22 13:00:00+00:00,71334.27,68767.68418704344
2026-01-21 21:00:00+00:00,2026-01-22 14:00:00+00:00,71855.55,68216.17217195175
2026-01-21 21:00:00+00:00,2026-01-22 15:00:00+00:00,73140.75,69720.46060682616
2026-01-21 21:00:00+00:00,2026-01-22 16:00:00+00:00,76571.31,72642.18253982528
2026-01-21 21:00:00+00:00,2026-01-22 17:00:00+00:00,76770.68,71657.34610919596
2026-01-21 21:00:00+00:00,2026-01-22 18:00:00+00:00,75328.54,69522.80650727176
2026-01-21 21:00:00+00:00,2026-01-22 19:00:00+00:00,72122.17,65945.60400365689
2026-01-21 21:00:00+00:00,2026-01-22 20:00:00+00:00,68424.06,62334.2187401808
2026-01-21 21:00:00+00:00,2026-01-22 21:00:00+00:00,65150.61,58814.7897799059
2026-01-22 21:00:00+00:00,2026-01-22 22:00:00+00:00,61537.06,61619.300464489694
2026-01-22 21:00:00+00:00,2026-01-22 23:00:00+00:00,58267.72,62809.971501291366
2026-01-22 21:00:00+00:00,2026-01-23 00:00:00+00:00,56625.3,65268.849143630825
2026-01-22 21:00:00+00:00,2026-01-23 01:00:00+00:00,55642.98,69617.98244605554
2026-01-22 21:00:00+00:00,2026-01-23 02:00:00+00:00,55381.75,71813.11784177815
2026-01-22 21:00:00+00:00,2026-01-23 03:00:00+00:00,56445.24,72546.81404575788
2026-01-22 21:00:00+00:00,2026-01-23 04:00:00+00:00,59728.84,72732.12147967161
2026-01-22 21:00:00+00:00,2026-01-23 05:00:00+00:00,67035.42,74097.52487886378
2026-01-22 21:00:00+00:00,2026-01-23 06:00:00+00:00,73162.81,76294.78372040723
2026-01-22 21:00:00+00:00,2026-01-23 07:00:00+00:00,75826.83,76582.00694320761
2026-01-22 21:00:00+00:00,2026-01-23 08:00:00+00:00,75490.21,75632.07575532932
2026-01-22 21:00:00+00:00,2026-01-23 09:00:00+00:00,75207.55,75632.07575532932
2026-01-22 21:00:00+00:00,2026-01-23 10:00:00+00:00,74312.38,75623.21744387178
2026-01-22 21:00:00+00:00,2026-01-23 11:00:00+00:00,72300.01,75068.26861812585
2026-01-22 21:00:00+00:00,2026-01-23 12:00:00+00:00,70621.88,74042.90577337523
2026-01-22 21:00:00+00:00,2026-01-23 13:00:00+00:00,69374.11,72952.59450206495
2026-01-22 21:00:00+00:00,2026-01-23 14:00:00+00:00,70373.82,72857.62977956948
2026-01-22 21:00:00+00:00,2026-01-23 15:00:00+00:00,71971.78,73758.82811702862
2026-01-22 21:00:00+00:00,2026-01-23 16:00:00+00:00,74083.7,75526.80207876548
2026-01-22 21:00:00+00:00,2026-01-23 17:00:00+00:00,74416.62,74713.17498477583
2026-01-22 21:00:00+00:00,2026-01-23 18:00:00+00:00,72841.52,73426.64022656193
2026-01-22 21:00:00+00:00,2026-01-23 19:00:00+00:00,69403.19,71386.77540585808
2026-01-22 21:00:00+00:00,2026-01-23 20:00:00+00:00,65730.14,67643.91441888706
2026-01-22 21:00:00+00:00,2026-01-23 21:00:00+00:00,62786.38,64520.51547400993
2026-01-23 21:00:00+00:00,2026-01-23 22:00:00+00:00,59541.63,58932.42751764151
2026-01-23 21:00:00+00:00,2026-01-23 23:00:00+00:00,55974.8,56547.95254770339
2026-01-23 21:00:00+00:00,2026-01-24 00:00:00+00:00,53783.18,54461.03919570717
2026-01-23 21:00:00+00:00,2026-01-24 01:00:00+00:00,52213.63,53062.14431158001
2026-01-23 21:00:00+00:00,2026-01-24 02:00:00+00:00,51733.51,52877.907463191405
2026-01-23 21:00:00+00:00,2026-01-24 03:00:00+00:00,51438.12,53614.00105841217
2026-01-23 21:00:00+00:00,2026-01-24 04:00:00+00:00,51895.37,57241.95750159203
2026-01-23 21:00:00+00:00,2026-01-24 05:00:00+00:00,53261.58,62255.47715482829
2026-01-23 21:00:00+00:00,2026-01-24 06:00:00+00:00,56058.12,67471.04237873839
2026-01-23 21:00:00+00:00,2026-01-24 07:00:00+00:00,59638.61,70521.4866426171
2026-01-23 21:00:00+00:00,2026-01-24 08:00:00+00:00,62215.64,70633.1922693587
2026-01-23 21:00:00+00:00,2026-01-24 09:00:00+00:00,63322.86,70442.73166785782
2026-01-23 21:00:00+00:00,2026-01-24 10:00:00+00:00,63686.46,70239.14089036785
2026-01-23 21:00:00+00:00,2026-01-24 11:00:00+00:00,62449.85,69256.98223753339
2026-01-23 21:00:00+00:00,2026-01-24 12:00:00+00:00,60718.82,67758.24744156252
2026-01-23 21:00:00+00:00,2026-01-24 13:00:00+00:00,59877.42,66373.6676815583
2026-01-23 21:00:00+00:00,2026-01-24 14:00:00+00:00,60081.18,65859.87815426438
2026-01-23 21:00:00+00:00,2026-01-24 15:00:00+00:00,61959.25,66921.50894092227
2026-01-23 21:00:00+00:00,2026-01-24 16:00:00+00:00,64751.89,68991.53856456316
2026-01-23 21:00:00+00:00,2026-01-24 17:00:00+00:00,65546.04,68738.53541253532
2026-01-23 21:00:00+00:00,2026-01-24 18:00:00+00:00,63480.52,66515.40117781177
2026-01-23 21:00:00+00:00,2026-01-24 19:00:00+00:00,60189.58,63312.92988924169
2026-01-23 21:00:00+00:00,2026-01-24 20:00:00+00:00,57749.2,60284.201851824764
2026-01-23 21:00:00+00:00,2026-01-24 21:00:00+00:00,55875.8,57760.8277998307
2026-01-24 21:00:00+00:00,2026-01-24 22:00:00+00:00,53022.08,53336.923664964685
2026-01-24 21:00:00+00:00,2026-01-24 23:00:00+00:00,50929.83,50910.287620512
2026-01-24 21:00:00+00:00,2026-01-25 00:00:00+00:00,49365.6,48628.29349605626
2026-01-24 21:00:00+00:00,2026-01-25 01:00:00+00:00,47818.64,46686.02522916248
2026-01-24 21:00:00+00:00,2026-01-25 02:00:00+00:00,47549.19,45630.80510194493
2026-01-24 21:00:00+00:00,2026-01-25 03:00:00+00:00,47719.12,45763.764119045336
2026-01-24 21:00:00+00:00,2026-01-25 04:00:00+00:00,47670.8,46454.96896508405
2026-01-24 21:00:00+00:00,2026-01-25 05:00:00+00:00,48094.73,47299.828572045306
2026-01-24 21:00:00+00:00,2026-01-25 06:00:00+00:00,49823.55,49056.97599326429
2026-01-24 21:00:00+00:00,2026-01-25 07:00:00+00:00,53104.93,51113.11888543207
2026-01-24 21:00:00+00:00,2026-01-25 08:00:00+00:00,56918.13,53284.588636320244
2026-01-24 21:00:00+00:00,2026-01-25 09:00:00+00:00,59756.96,54920.78602902517
2026-01-24 21:00:00+00:00,2026-01-25 10:00:00+00:00,61683.26,56701.94648808597
2026-01-24 21:00:00+00:00,2026-01-25 11:00:00+00:00,61137.63,56777.90847350057
2026-01-24 21:00:00+00:00,2026-01-25 12:00:00+00:00,60093.0,55367.37244713106
2026-01-24 21:00:00+00:00,2026-01-25 13:00:00+00:00,59457.32,54769.72484744981
2026-01-24 21:00:00+00:00,2026-01-25 14:00:00+00:00,59914.34,55561.62829312326
2026-01-24 21:00:00+00:00,2026-01-25 15:00:00+00:00,61281.65,57258.86975133243
2026-01-24 21:00:00+00:00,2026-01-25 16:00:00+00:00,65115.05,60343.98164415399
2026-01-24 21:00:00+00:00,2026-01-25 17:00:00+00:00,65958.93,60893.49839805446
2026-01-24 21:00:00+00:00,2026-01-25 18:00:00+00:00,64343.49,60198.40522791243
2026-01-24 21:00:00+00:00,2026-01-25 19:00:00+00:00,61879.31,57913.51488116366
2026-01-24 21:00:00+00:00,2026-01-25 20:00:00+00:00,59881.7,56498.89009860311
2026-01-24 21:00:00+00:00,2026-01-25 21:00:00+00:00,58307.3,55158.08718573584
2026-01-25 21:00:00+00:00,2026-01-25 22:00:00+00:00,55667.1,55866.55814565167
2026-01-25 21:00:00+00:00,2026-01-25 23:00:00+00:00,53800.22,53476.224788842555
2026-01-25 21:00:00+00:00,2026-01-26 00:00:00+00:00,52077.25,52414.76709896313
2026-01-25 21:00:00+00:00,2026-01-26 01:00:00+00:00,51245.84,52109.760811194465
2026-01-25 21:00:00+00:00,2026-01-26 02:00:00+00:00,51442.88,52730.09064067536
2026-01-25 21:00:00+00:00,2026-01-26 03:00:00+00:00,52709.06,54268.23955399293
2026-01-25 21:00:00+00:00,2026-01-26 04:00:00+00:00,56876.85,59394.8276036855
2026-01-25 21:00:00+00:00,2026-01-26 05:00:00+00:00,65044.02,67692.42944358962
2026-01-25 21:00:00+00:00,2026-01-26 06:00:00+00:00,70643.43,72046.6302634328
2026-01-25 21:00:00+00:00,2026-01-26 07:00:00+00:00,74033.25,73484.5735236477
2026-01-25 21:00:00+00:00,2026-01-26 08:00:00+00:00,75590.06,73558.94987629597
2026-01-25 21:00:00+00:00,2026-01-26 09:00:00+00:00,76406.0,73537.48288620921
2026-01-25 21:00:00+00:00,2026-01-26 10:00:00+00:00,76533.12,73245.17261869229
2026-01-25 21:00:00+00:00,2026-01-26 11:00:00+00:00,76427.31,72531.25529334799
2026-01-25 21:00:00+00:00,2026-01-26 12:00:00+00:00,75461.84,71060.15794281938
2026-01-25 21:00:00+00:00,2026-01-26 13:00:00+00:00,74018.5,69932.12768958011
2026-01-25 21:00:00+00:00,2026-01-26 14:00:00+00:00,73183.15,69735.49724306921
2026-01-25 21:00:00+00:00,2026-01-26 15:00:00+00:00,72959.53,70933.87370697633
2026-01-25 21:00:00+00:00,2026-01-26 16:00:00+00:00,74429.64,73260.49510705871
2026-01-25 21:00:00+00:00,2026-01-26 17:00:00+00:00,74429.45,73042.1085616903
2026-01-25 21:00:00+00:00,2026-01-26 18:00:00+00:00,72444.2,71884.0607627204
2026-01-25 21:00:00+00:00,2026-01-26 19:00:00+00:00,68903.41,68868.68021826257
2026-01-25 21:00:00+00:00,2026-01-26 20:00:00+00:00,65056.63,65292.45575585301
2026-01-25 21:00:00+00:00,2026-01-26 21:00:00+00:00,62062.04,61749.694996544
2026-01-26 21:00:00+00:00,2026-01-26 22:00:00+00:00,58659.26,58299.919282064286
2026-01-26 21:00:00+00:00,2026-01-26 23:00:00+00:00,56015.38,55626.20860241389
2026-01-26 21:00:00+00:00,2026-01-27 00:00:00+00:00,53971.2,53948.59261277629
2026-01-26 21:00:00+00:00,2026-01-27 01:00:00+00:00,52437.19,53016.45780897609
2026-01-26 21:00:00+00:00,2026-01-27 02:00:00+00:00,53133.69,53120.47383252111
2026-01-26 21:00:00+00:00,2026-01-27 03:00:00+00:00,54777.95,54699.7719886717
2026-01-26 21:00:00+00:00,2026-01-27 04:00:00+00:00,57602.71,57881.91972561587
2026-01-26 21:00:00+00:00,2026-01-27 05:00:00+00:00,64933.08,65554.38628629551
2026-01-26 21:00:00+00:00,2026-01-27 06:00:00+00:00,70797.02,71499.78727601342
2026-01-26 21:00:00+00:00,2026-01-27 07:00:00+00:00,73090.9,74630.85095954983
2026-01-26 21:00:00+00:00,2026-01-27 08:00:00+00:00,73465.69,75255.52732083603
2026-01-26 21:00:00+00:00,2026-01-27 09:00:00+00:00,73818.44,76010.7100378568
2026-01-26 21:00:00+00:00,2026-01-27 10:00:00+00:00,73293.63,75942.55292954811
2026-01-26 21:00:00+00:00,2026-01-27 11:00:00+00:00,72799.55,75324.69860285766
2026-01-26 21:00:00+00:00,2026-01-27 12:00:00+00:00,71388.03,74693.38326706948
2026-01-26 21:00:00+00:00,2026-01-27 13:00:00+00:00,70832.92,73589.95749327813
2026-01-26 21:00:00+00:00,2026-01-27 14:00:00+00:00,71119.95,73499.9721610151
2026-01-26 21:00:00+00:00,2026-01-27 15:00:00+00:00,72019.45,73822.77099125469
2026-01-26 21:00:00+00:00,2026-01-27 16:00:00+00:00,74732.32,75637.59640134985
2026-01-26 21:00:00+00:00,2026-01-27 17:00:00+00:00,74523.73,75648.39824697831
2026-01-26 21:00:00+00:00,2026-01-27 18:00:00+00:00,72660.47,74331.49106715732
2026-01-26 21:00:00+00:00,2026-01-27 19:00:00+00:00,69066.19,72059.29394340502
2026-01-26 21:00:00+00:00,2026-01-27 20:00:00+00:00,65600.07,68513.22037198875
2026-01-26 21:00:00+00:00,2026-01-27 21:00:00+00:00,61905.15,65154.904984079745
2026-01-27 21:00:00+00:00,2026-01-27 22:00:00+00:00,58432.5,58536.517439795825
2026-01-27 21:00:00+00:00,2026-01-27 23:00:00+00:00,55590.52,55902.22815601188
2026-01-27 21:00:00+00:00,2026-01-28 00:00:00+00:00,54067.59,54104.11713513864
2026-01-27 21:00:00+00:00,2026-01-28 01:00:00+00:00,53359.83,52939.14341424633
2026-01-27 21:00:00+00:00,2026-01-28 02:00:00+00:00,53583.07,53077.02838491031
2026-01-27 21:00:00+00:00,2026-01-28 03:00:00+00:00,54902.28,54885.20112538209
2026-01-27 21:00:00+00:00,2026-01-28 04:00:00+00:00,58296.63,59065.852139135444
2026-01-27 21:00:00+00:00,2026-01-28 05:00:00+00:00,65524.68,65471.56942419195
2026-01-27 21:00:00+00:00,2026-01-28 06:00:00+00:00,70950.19,70840.33675712535
2026-01-27 21:00:00+00:00,2026-01-28 07:00:00+00:00,73480.07,73418.68938569055
2026-01-27 21:00:00+00:00,2026-01-28 08:00:00+00:00,74037.55,73388.74820192861
2026-01-27 21:00:00+00:00,2026-01-28 09:00:00+00:00,74136.25,73537.81714569441
2026-01-27 21:00:00+00:00,2026-01-28 10:00:00+00:00,74361.17,72946.01531479541
2026-01-27 21:00:00+00:00,2026-01-28 11:00:00+00:00,74167.83,72027.90506030292
2026-01-27 21:00:00+00:00,2026-01-28 12:00:00+00:00,73305.96,70761.03617934203
2026-01-27 21:00:00+00:00,2026-01-28 13:00:00+00:00,73050.65,69245.54200004038
2026-01-27 21:00:00+00:00,2026-01-28 14:00:00+00:00,72737.08,69641.26249445853
2026-01-27 21:00:00+00:00,2026-01-28 15:00:00+00:00,73739.64,71175.98179012752
2026-01-27 21:00:00+00:00,2026-01-28 16:00:00+00:00,75999.81,74044.7461669164
2026-01-27 21:00:00+00:00,2026-01-28 17:00:00+00:00,75379.73,74478.01490117479
2026-01-27 21:00:00+00:00,2026-01-28 18:00:00+00:00,74043.33,73059.0396570879
2026-01-27 21:00:00+00:00,2026-01-28 19:00:00+00:00,71157.28,70422.8500515092
2026-01-27 21:00:00+00:00,2026-01-28 20:00:00+00:00,67273.47,66981.90417437772
2026-01-27 21:00:00+00:00,2026-01-28 21:00:00+00:00,63330.61,63846.27348149403
2026-01-28 21:00:00+00:00,2026-01-28 22:00:00+00:00,59443.66,59545.54181752252
2026-01-28 21:00:00+00:00,2026-01-28 23:00:00+00:00,56787.49,57612.005415872554
2026-01-28 21:00:00+00:00,2026-01-29 00:00:00+00:00,54838.93,55504.33208040758
2026-01-28 21:00:00+00:00,2026-01-29 01:00:00+00:00,54208.69,53884.157169832826
2026-01-28 21:00:00+00:00,2026-01-29 02:00:00+00:00,54518.77,54980.526072512665
2026-01-28 21:00:00+00:00,2026-01-29 03:00:00+00:00,55652.67,55822.76126172551
2026-01-28 21:00:00+00:00,2026-01-29 04:00:00+00:00,59442.83,59246.007034506016
2026-01-28 21:00:00+00:00,2026-01-29 05:00:00+00:00,66718.68,67016.63562445425
2026-01-28 21:00:00+00:00,2026-01-29 06:00:00+00:00,72730.31,71798.84947294653
2026-01-28 21:00:00+00:00,2026-01-29 07:00:00+00:00,75649.48,74040.59583768557
2026-01-28 21:00:00+00:00,2026-01-29 08:00:00+00:00,76810.2,74628.7042007953
2026-01-28 21:00:00+00:00,2026-01-29 09:00:00+00:00,77670.65,74712.99069787811
2026-01-28 21:00:00+00:00,2026-01-29 10:00:00+00:00,78241.2,74602.41295522448
2026-01-28 21:00:00+00:00,2026-01-29 11:00:00+00:00,78145.47,74176.32394055533
2026-01-28 21:00:00+00:00,2026-01-29 12:00:00+00:00,77419.98,73414.60273876386
2026-01-28 21:00:00+00:00,2026-01-29 13:00:00+00:00,76155.63,72910.31642196696
2026-01-28 21:00:00+00:00,2026-01-29 14:00:00+00:00,75387.03,73588.7049342995
2026-01-28 21:00:00+00:00,2026-01-29 15:00:00+00:00,75018.01,75215.42087415434
2026-01-28 21:00:00+00:00,2026-01-29 16:00:00+00:00,76888.47,76404.48486258961
2026-01-28 21:00:00+00:00,2026-01-29 17:00:00+00:00,76932.64,75716.66271270094
2026-01-28 21:00:00+00:00,2026-01-29 18:00:00+00:00,75540.13,75032.67556778663
2026-01-28 21:00:00+00:00,2026-01-29 19:00:00+00:00,71906.74,72874.51319832061
2026-01-28 21:00:00+00:00,2026-01-29 20:00:00+00:00,68000.51,69522.54181840463
2026-01-28 21:00:00+00:00,2026-01-29 21:00:00+00:00,64316.33,66121.40037297354
2026-01-29 21:00:00+00:00,2026-01-29 22:00:00+00:00,60681.56,61181.91230084548
2026-01-29 21:00:00+00:00,2026-01-29 23:00:00+00:00,57887.55,59794.94572189995
2026-01-29 21:00:00+00:00,2026-01-30 00:00:00+00:00,55585.66,59378.877678311525
2026-01-29 21:00:00+00:00,2026-01-30 01:00:00+00:00,54688.42,59526.90666131222
2026-01-29 21:00:00+00:00,2026-01-30 02:00:00+00:00,54909.46,61051.178844545546
2026-01-29 21:00:00+00:00,2026-01-30 03:00:00+00:00,56056.14,62404.685920919794
2026-01-29 21:00:00+00:00,2026-01-30 04:00:00+00:00,59423.8,65156.15706580019
2026-01-29 21:00:00+00:00,2026-01-30 05:00:00+00:00,66319.14,70725.92774034143
2026-01-29 21:00:00+00:00,2026-01-30 06:00:00+00:00,72260.2,73538.63713989755
2026-01-29 21:00:00+00:00,2026-01-30 07:00:00+00:00,75037.59,75696.61700908857
2026-01-29 21:00:00+00:00,2026-01-30 08:00:00+00:00,75180.35,75903.17136660204
2026-01-29 21:00:00+00:00,2026-01-30 09:00:00+00:00,75181.45,76906.84491670146
2026-01-29 21:00:00+00:00,2026-01-30 10:00:00+00:00,75151.09,76853.34386601861
2026-01-29 21:00:00+00:00,2026-01-30 11:00:00+00:00,74453.59,76420.23578597503
2026-01-29 21:00:00+00:00,2026-01-30 12:00:00+00:00,72918.47,75960.73096849328
2026-01-29 21:00:00+00:00,2026-01-30 13:00:00+00:00,71078.56,75973.61981012602
2026-01-29 21:00:00+00:00,2026-01-30 14:00:00+00:00,70514.43,76035.98675633658
2026-01-29 21:00:00+00:00,2026-01-30 15:00:00+00:00,71314.93,76494.76912637112
2026-01-29 21:00:00+00:00,2026-01-30 16:00:00+00:00,73357.68,77082.00018494051
2026-01-29 21:00:00+00:00,2026-01-30 17:00:00+00:00,73849.96,76380.7766460249
2026-01-29 21:00:00+00:00,2026-01-30 18:00:00+00:00,71866.15,75495.08843149028
2026-01-29 21:00:00+00:00,2026-01-30 19:00:00+00:00,68198.64,72212.80699594467
2026-01-29 21:00:00+00:00,2026-01-30 20:00:00+00:00,64318.3,68278.87359971712
2026-01-29 21:00:00+00:00,2026-01-30 21:00:00+00:00,60621.54,64827.50374993972
2026-01-30 21:00:00+00:00,2026-01-30 22:00:00+00:00,57097.7,56910.98492892655
2026-01-30 21:00:00+00:00,2026-01-30 23:00:00+00:00,53922.85,54940.513122796845
2026-01-30 21:00:00+00:00,2026-01-31 00:00:00+00:00,52237.62,53585.189204848124
2026-01-30 21:00:00+00:00,2026-01-31 01:00:00+00:00,51114.55,52653.61243399415
2026-01-30 21:00:00+00:00,2026-01-31 02:00:00+00:00,50545.77,52062.07366191708
2026-01-30 21:00:00+00:00,2026-01-31 03:00:00+00:00,50606.08,52578.205345942726
2026-01-30 21:00:00+00:00,2026-01-31 04:00:00+00:00,51061.61,53722.42631549868
2026-01-30 21:00:00+00:00,2026-01-31 05:00:00+00:00,52959.77,58029.46792099648
2026-01-30 21:00:00+00:00,2026-01-31 06:00:00+00:00,55642.91,63326.93713962412
2026-01-30 21:00:00+00:00,2026-01-31 07:00:00+00:00,59051.4,65829.4398138504
2026-01-30 21:00:00+00:00,2026-01-31 08:00:00+00:00,62562.34,65907.27259872343
2026-01-30 21:00:00+00:00,2026-01-31 09:00:00+00:00,63900.87,65998.93655718894
2026-01-30 21:00:00+00:00,2026-01-31 10:00:00+00:00,63972.2,66066.92305418078
2026-01-30 21:00:00+00:00,2026-01-31 11:00:00+00:00,62859.91,65131.45438235326
2026-01-30 21:00:00+00:00,2026-01-31 12:00:00+00:00,61848.35,63674.069101112465
2026-01-30 21:00:00+00:00,2026-01-31 13:00:00+00:00,60888.78,62043.45777473448
2026-01-30 21:00:00+00:00,2026-01-31 14:00:00+00:00,61331.64,61874.80961070334
2026-01-30 21:00:00+00:00,2026-01-31 15:00:00+00:00,62580.59,63195.327358345596
2026-01-30 21:00:00+00:00,2026-01-31 16:00:00+00:00,65269.22,65847.38770856387
2026-01-30 21:00:00+00:00,2026-01-31 17:00:00+00:00,66050.09,65623.70685450594
2026-01-30 21:00:00+00:00,2026-01-31 18:00:00+00:00,64572.1,63777.926517784894
2026-01-30 21:00:00+00:00,2026-01-31 19:00:00+00:00,61238.33,60325.99811242849
2026-01-30 21:00:00+00:00,2026-01-31 20:00:00+00:00,58619.9,57522.1550063585
2026-01-30 21:00:00+00:00,2026-01-31 21:00:00+00:00,57000.66,55497.73462623634
2026-01-31 21:00:00+00:00,2026-01-31 22:00:00+00:00,54072.07,54211.31266764111
2026-01-31 21:00:00+00:00,2026-01-31 23:00:00+00:00,50837.59,51454.97116170222
2026-01-31 21:00:00+00:00,2026-02-01 00:00:00+00:00,48762.19,49554.63918047937
2026-01-31 21:00:00+00:00,2026-02-01 01:00:00+00:00,47905.7,47961.09955304396
2026-01-31 21:00:00+00:00,2026-02-01 02:00:00+00:00,47443.31,46964.8624291204
2026-01-31 21:00:00+00:00,2026-02-01 03:00:00+00:00,47487.32,47144.685469231925
2026-01-31 21:00:00+00:00,2026-02-01 04:00:00+00:00,47668.47,47660.888037948425
2026-01-31 21:00:00+00:00,2026-02-01 05:00:00+00:00,48366.28,48443.65049395166
2026-01-31 21:00:00+00:00,2026-02-01 06:00:00+00:00,50223.83,50311.47723183
2026-01-31 21:00:00+00:00,2026-02-01 07:00:00+00:00,53881.78,52866.62819896289
2026-01-31 21:00:00+00:00,2026-02-01 08:00:00+00:00,57215.17,55595.666699232024
2026-01-31 21:00:00+00:00,2026-02-01 09:00:00+00:00,59644.12,57850.43578284458
2026-01-31 21:00:00+00:00,2026-02-01 10:00:00+00:00,60991.04,59502.634607779495
2026-01-31 21:00:00+00:00,2026-02-01 11:00:00+00:00,60776.69,59872.08901319291
2026-01-31 21:00:00+00:00,2026-02-01 12:00:00+00:00,59313.99,59175.55077434552
2026-01-31 21:00:00+00:00,2026-02-01 13:00:00+00:00,58278.41,58794.18194205685
2026-01-31 21:00:00+00:00,2026-02-01 14:00:00+00:00,58327.53,58918.506597271284
2026-01-31 21:00:00+00:00,2026-02-01 15:00:00+00:00,59769.23,60950.739160587356
2026-01-31 21:00:00+00:00,2026-02-01 16:00:00+00:00,63335.65,63967.08258908638
2026-01-31 21:00:00+00:00,2026-02-01 17:00:00+00:00,64935.79,64800.6945881752
2026-01-31 21:00:00+00:00,2026-02-01 18:00:00+00:00,63872.04,63982.47091156414
2026-01-31 21:00:00+00:00,2026-02-01 19:00:00+00:00,61657.8,61095.00937853112
2026-01-31 21:00:00+00:00,2026-02-01 20:00:00+00:00,59177.22,59324.49885230531
2026-01-31 21:00:00+00:00,2026-02-01 21:00:00+00:00,57537.43,57755.31855702364
2026-02-01 21:00:00+00:00,2026-02-01 22:00:00+00:00,55020.97,55241.35669878401
2026-02-01 21:00:00+00:00,2026-02-01 23:00:00+00:00,52088.63,53100.326539397145
2026-02-01 21:00:00+00:00,2026-02-02 00:00:00+00:00,50844.2,51896.83449169397
2026-02-01 21:00:00+00:00,2026-02-02 01:00:00+00:00,50348.69,51333.70331199029
2026-02-01 21:00:00+00:00,2026-02-02 02:00:00+00:00,50885.0,51653.48571714214
2026-02-01 21:00:00+00:00,2026-02-02 03:00:00+00:00,52402.75,53347.026132057676
2026-02-01 21:00:00+00:00,2026-02-02 04:00:00+00:00,56419.54,57992.65331212453
2026-02-01 21:00:00+00:00,2026-02-02 05:00:00+00:00,64602.98,65524.89086237253
2026-02-01 21:00:00+00:00,2026-02-02 06:00:00+00:00,70632.26,70556.99047677839
2026-02-01 21:00:00+00:00,2026-02-02 07:00:00+00:00,73668.32,73187.99968252207
2026-02-01 21:00:00+00:00,2026-02-02 08:00:00+00:00,74411.1,73793.04318403432
2026-02-01 21:00:00+00:00,2026-02-02 09:00:00+00:00,74893.26,74359.22313102099
2026-02-01 21:00:00+00:00,2026-02-02 10:00:00+00:00,74215.68,74866.0630396392
2026-02-01 21:00:00+00:00,2026-02-02 11:00:00+00:00,73370.33,74970.25737699418
2026-02-01 21:00:00+00:00,2026-02-02 12:00:00+00:00,72985.56,74545.58293916838
2026-02-01 21:00:00+00:00,2026-02-02 13:00:00+00:00,71933.81,73583.41519783485
2026-02-01 21:00:00+00:00,2026-02-02 14:00:00+00:00,71656.52,73406.33843248196
2026-02-01 21:00:00+00:00,2026-02-02 15:00:00+00:00,72272.3,73985.74453369087
2026-02-01 21:00:00+00:00,2026-02-02 16:00:00+00:00,74559.71,75319.04302486287
2026-02-01 21:00:00+00:00,2026-02-02 17:00:00+00:00,75722.21,74718.56633573679
2026-02-01 21:00:00+00:00,2026-02-02 18:00:00+00:00,74588.0,73546.56673008033
2026-02-01 21:00:00+00:00,2026-02-02 19:00:00+00:00,71268.19,70860.47574874105
2026-02-01 21:00:00+00:00,2026-02-02 20:00:00+00:00,67979.53,67687.30387585238
2026-02-01 21:00:00+00:00,2026-02-02 21:00:00+00:00,64385.34,64553.27010451369
2026-02-02 21:00:00+00:00,2026-02-02 22:00:00+00:00,60519.5,60598.56507278692
2026-02-02 21:00:00+00:00,2026-02-02 23:00:00+00:00,57734.05,59114.4910605204
2026-02-02 21:00:00+00:00,2026-02-03 00:00:00+00:00,56193.99,57764.03384987268
2026-02-02 21:00:00+00:00,2026-02-03 01:00:00+00:00,55109.73,56706.20993241011
2026-02-02 21:00:00+00:00,2026-02-03 02:00:00+00:00,55787.35,57049.67451014796
2026-02-02 21:00:00+00:00,2026-02-03 03:00:00+00:00,57108.35,59336.184480261545
2026-02-02 21:00:00+00:00,2026-02-03 04:00:00+00:00,60470.01,60860.30285844824
2026-02-02 21:00:00+00:00,2026-02-03 05:00:00+00:00,67817.26,66577.43727917004
2026-02-02 21:00:00+00:00,2026-02-03 06:00:00+00:00,73646.54,71847.30200364409
2026-02-02 21:00:00+00:00,2026-02-03 07:00:00+00:00,76471.51,74138.46379362114
2026-02-02 21:00:00+00:00,2026-02-03 08:00:00+00:00,76585.28,75017.6795930416
2026-02-02 21:00:00+00:00,2026-02-03 09:00:00+00:00,76376.57,75605.66286869085
2026-02-02 21:00:00+00:00,2026-02-03 10:00:00+00:00,76187.98,75736.07982693029
2026-02-02 21:00:00+00:00,2026-02-03 11:00:00+00:00,76155.35,74990.01536737505
2026-02-02 21:00:00+00:00,2026-02-03 12:00:00+00:00,75341.36,74069.7305492414
2026-02-02 21:00:00+00:00,2026-02-03 13:00:00+00:00,74240.21,73083.32743339865
2026-02-02 21:00:00+00:00,2026-02-03 14:00:00+00:00,73789.03,72206.29674401783
2026-02-02 21:00:00+00:00,2026-02-03 15:00:00+00:00,74477.21,72466.45369924
2026-02-02 21:00:00+00:00,2026-02-03 16:00:00+00:00,77271.46,74633.52364381144
2026-02-02 21:00:00+00:00,2026-02-03 17:00:00+00:00,77583.24,74401.91631825166
2026-02-02 21:00:00+00:00,2026-02-03 18:00:00+00:00,75740.7,72971.49283412415
2026-02-02 21:00:00+00:00,2026-02-03 19:00:00+00:00,72018.63,69764.74503797796
2026-02-02 21:00:00+00:00,2026-02-03 20:00:00+00:00,68272.04,66051.55244586404
2026-02-02 21:00:00+00:00,2026-02-03 21:00:00+00:00,64978.54,62204.08738830755
2026-02-03 21:00:00+00:00,2026-02-03 22:00:00+00:00,61053.05,61329.363869058085
2026-02-03 21:00:00+00:00,2026-02-03 23:00:00+00:00,58051.24,60045.459991239
2026-02-03 21:00:00+00:00,2026-02-04 00:00:00+00:00,56532.64,59669.19779770866
2026-02-03 21:00:00+00:00,2026-02-04 01:00:00+00:00,56196.42,60252.94576586112
2026-02-03 21:00:00+00:00,2026-02-04 02:00:00+00:00,55624.42,61023.93623690552
2026-02-03 21:00:00+00:00,2026-02-04 03:00:00+00:00,56765.42,61860.86151232195
2026-02-03 21:00:00+00:00,2026-02-04 04:00:00+00:00,59680.49,63564.20243081133
2026-02-03 21:00:00+00:00,2026-02-04 05:00:00+00:00,67039.92,70238.21005091013
2026-02-03 21:00:00+00:00,2026-02-04 06:00:00+00:00,72208.82,74553.64041373738
2026-02-03 21:00:00+00:00,2026-02-04 07:00:00+00:00,74581.85,75995.7050177567
2026-02-03 21:00:00+00:00,2026-02-04 08:00:00+00:00,74845.19,75923.85803928475
2026-02-03 21:00:00+00:00,2026-02-04 09:00:00+00:00,74319.38,75890.48227461892
2026-02-03 21:00:00+00:00,2026-02-04 10:00:00+00:00,73846.22,76153.7810210315
2026-02-03 21:00:00+00:00,2026-02-04 11:00:00+00:00,73421.38,75610.99898373627
2026-02-03 21:00:00+00:00,2026-02-04 12:00:00+00:00,72904.0,75219.71438298583
2026-02-03 21:00:00+00:00,2026-02-04 13:00:00+00:00,71516.26,74867.49377793027
2026-02-03 21:00:00+00:00,2026-02-04 14:00:00+00:00,71840.81,74812.84885507992
2026-02-03 21:00:00+00:00,2026-02-04 15:00:00+00:00,72297.98,75578.6306724368
2026-02-03 21:00:00+00:00,2026-02-04 16:00:00+00:00,74730.94,76929.26672866957
2026-02-03 21:00:00+00:00,2026-02-04 17:00:00+00:00,75801.11,76895.4151632607
2026-02-03 21:00:00+00:00,2026-02-04 18:00:00+00:00,74456.14,75729.72584503458
2026-02-03 21:00:00+00:00,2026-02-04 19:00:00+00:00,71163.77,72398.34465264449
2026-02-03 21:00:00+00:00,2026-02-04 20:00:00+00:00,67078.78,68715.12810207694
2026-02-03 21:00:00+00:00,2026-02-04 21:00:00+00:00,63457.46,64991.76575822212
2026-02-04 21:00:00+00:00,2026-02-04 22:00:00+00:00,59886.37,59898.29930256267
2026-02-04 21:00:00+00:00,2026-02-04 23:00:00+00:00,57145.8,57205.28267321916
2026-02-04 21:00:00+00:00,2026-02-05 00:00:00+00:00,56074.36,55493.014648000266
2026-02-04 21:00:00+00:00,2026-02-05 01:00:00+00:00,55014.32,54208.44099961892
2026-02-04 21:00:00+00:00,2026-02-05 02:00:00+00:00,55233.6,54526.69631060116
2026-02-04 21:00:00+00:00,2026-02-05 03:00:00+00:00,56168.53,55972.404657472405
2026-02-04 21:00:00+00:00,2026-02-05 04:00:00+00:00,59560.2,59748.74403750504
2026-02-04 21:00:00+00:00,2026-02-05 05:00:00+00:00,67240.62,67135.93271511147
2026-02-04 21:00:00+00:00,2026-02-05 06:00:00+00:00,73088.56,72405.56910799697
2026-02-04 21:00:00+00:00,2026-02-05 07:00:00+00:00,75571.93,75036.86521717143
2026-02-04 21:00:00+00:00,2026-02-05 08:00:00+00:00,76182.34,75633.20541049236
2026-02-04 21:00:00+00:00,2026-02-05 09:00:00+00:00,75444.67,76032.51836826575
2026-02-04 21:00:00+00:00,2026-02-05 10:00:00+00:00,75272.99,76266.67536454949
2026-02-04 21:00:00+00:00,2026-02-05 11:00:00+00:00,74655.72,77195.97553189808
2026-02-04 21:00:00+00:00,2026-02-05 12:00:00+00:00,73209.96,76436.70833757303
2026-02-04 21:00:00+00:00,2026-02-05 13:00:00+00:00,71646.64,76287.15924475712
2026-02-04 21:00:00+00:00,2026-02-05 14:00:00+00:00,70619.54,76321.92593792823
2026-02-04 21:00:00+00:00,2026-02-05 15:00:00+00:00,71302.95,76553.46025024891
2026-02-04 21:00:00+00:00,2026-02-05 16:00:00+00:00,73947.4,77590.7934123894
2026-02-04 21:00:00+00:00,2026-02-05 17:00:00+00:00,74945.91,77080.60373428986
2026-02-04 21:00:00+00:00,2026-02-05 18:00:00+00:00,73639.31,76231.5258088661
2026-02-04 21:00:00+00:00,2026-02-05 19:00:00+00:00,69916.83,73811.43420401319
2026-02-04 21:00:00+00:00,2026-02-05 20:00:00+00:00,66476.4,70858.06629741265
2026-02-04 21:00:00+00:00,2026-02-05 21:00:00+00:00,63237.6,67123.29246111643
2026-02-05 21:00:00+00:00,2026-02-05 22:00:00+00:00,59403.2,59243.59495003234
2026-02-05 21:00:00+00:00,2026-02-05 23:00:00+00:00,56536.74,56862.07831501243
2026-02-05 21:00:00+00:00,2026-02-06 00:00:00+00:00,54598.14,55586.791721523274
2026-02-05 21:00:00+00:00,2026-02-06 01:00:00+00:00,53580.87,54434.55007931644
2026-02-05 21:00:00+00:00,2026-02-06 02:00:00+00:00,53601.28,54385.052794594536
2026-02-05 21:00:00+00:00,2026-02-06 03:00:00+00:00,54897.83,55819.001001951714
2026-02-05 21:00:00+00:00,2026-02-06 04:00:00+00:00,58429.58,59536.10126240688
2026-02-05 21:00:00+00:00,2026-02-06 05:00:00+00:00,65301.92,66914.71294424593
2026-02-05 21:00:00+00:00,2026-02-06 06:00:00+00:00,70810.55,72397.3724318231
2026-02-05 21:00:00+00:00,2026-02-06 07:00:00+00:00,73200.5,74843.89294614119
2026-02-05 21:00:00+00:00,2026-02-06 08:00:00+00:00,73681.91,74992.21379009455
2026-02-05 21:00:00+00:00,2026-02-06 09:00:00+00:00,73496.69,74926.68014567309
2026-02-05 21:00:00+00:00,2026-02-06 10:00:00+00:00,73055.39,74788.44700694132
2026-02-05 21:00:00+00:00,2026-02-06 11:00:00+00:00,72258.39,74128.17708423104
2026-02-05 21:00:00+00:00,2026-02-06 12:00:00+00:00,70518.41,73291.53866921179
2026-02-05 21:00:00+00:00,2026-02-06 13:00:00+00:00,69123.18,71715.80996538204
2026-02-05 21:00:00+00:00,2026-02-06 14:00:00+00:00,68944.18,70832.1491905104
2026-02-05 21:00:00+00:00,2026-02-06 15:00:00+00:00,69328.08,71271.13206061159
2026-02-05 21:00:00+00:00,2026-02-06 16:00:00+00:00,71243.73,73307.63721289017
2026-02-05 21:00:00+00:00,2026-02-06 17:00:00+00:00,71885.27,73552.77186206546
2026-02-05 21:00:00+00:00,2026-02-06 18:00:00+00:00,70099.82,72238.92876254102
2026-02-05 21:00:00+00:00,2026-02-06 19:00:00+00:00,66155.29,68586.35173868341
2026-02-05 21:00:00+00:00,2026-02-06 20:00:00+00:00,62754.12,64861.17528106737
2026-02-05 21:00:00+00:00,2026-02-06 21:00:00+00:00,59709.94,61533.02677497128
2026-02-06 21:00:00+00:00,2026-02-06 22:00:00+00:00,56029.06,56313.698231946415
2026-02-06 21:00:00+00:00,2026-02-06 23:00:00+00:00,52872.66,53509.208139524584
2026-02-06 21:00:00+00:00,2026-02-07 00:00:00+00:00,51017.08,51451.7524850686
2026-02-06 21:00:00+00:00,2026-02-07 01:00:00+00:00,49784.88,50464.17704986803
2026-02-06 21:00:00+00:00,2026-02-07 02:00:00+00:00,49295.0,49849.42689106039
2026-02-06 21:00:00+00:00,2026-02-07 03:00:00+00:00,49438.44,49731.3104222797
2026-02-06 21:00:00+00:00,2026-02-07 04:00:00+00:00,49620.69,49931.15725724838
2026-02-06 21:00:00+00:00,2026-02-07 05:00:00+00:00,51367.87,51961.30650609351
2026-02-06 21:00:00+00:00,2026-02-07 06:00:00+00:00,54008.48,55695.870711554184
2026-02-06 21:00:00+00:00,2026-02-07 07:00:00+00:00,57241.35,58825.40889064218
2026-02-06 21:00:00+00:00,2026-02-07 08:00:00+00:00,59753.62,60559.75203727569
2026-02-06 21:00:00+00:00,2026-02-07 09:00:00+00:00,60819.04,61785.52875335603
2026-02-06 21:00:00+00:00,2026-02-07 10:00:00+00:00,60913.61,62820.52950375609
2026-02-06 21:00:00+00:00,2026-02-07 11:00:00+00:00,59829.78,62734.99319213731
2026-02-06 21:00:00+00:00,2026-02-07 12:00:00+00:00,57873.33,61879.39410166392
2026-02-06 21:00:00+00:00,2026-02-07 13:00:00+00:00,56782.24,61329.29371316895
2026-02-06 21:00:00+00:00,2026-02-07 14:00:00+00:00,56835.12,61741.61038491555
2026-02-06 21:00:00+00:00,2026-02-07 15:00:00+00:00,57907.36,62725.76123901297
2026-02-06 21:00:00+00:00,2026-02-07 16:00:00+00:00,60927.2,65372.45372319514
2026-02-06 21:00:00+00:00,2026-02-07 17:00:00+00:00,62941.36,65803.89705980288
2026-02-06 21:00:00+00:00,2026-02-07 18:00:00+00:00,61623.81,64092.33246869636
2026-02-06 21:00:00+00:00,2026-02-07 19:00:00+00:00,58546.38,60804.35913453798
2026-02-06 21:00:00+00:00,2026-02-07 20:00:00+00:00,56055.54,58010.344258024284
2026-02-06 21:00:00+00:00,2026-02-07 21:00:00+00:00,54183.96,56175.396926755035
2026-02-07 21:00:00+00:00,2026-02-07 22:00:00+00:00,51409.09,51288.959891488885
2026-02-07 21:00:00+00:00,2026-02-07 23:00:00+00:00,48626.07,48510.89514475542
2026-02-07 21:00:00+00:00,2026-02-08 00:00:00+00:00,46857.68,46227.061828001446
2026-02-07 21:00:00+00:00,2026-02-08 01:00:00+00:00,45896.31,44732.51020802629
2026-02-07 21:00:00+00:00,2026-02-08 02:00:00+00:00,45479.14,44542.20286742147
2026-02-07 21:00:00+00:00,2026-02-08 03:00:00+00:00,45836.28,45075.38444973649
2026-02-07 21:00:00+00:00,2026-02-08 04:00:00+00:00,45940.48,45969.160422085835
2026-02-07 21:00:00+00:00,2026-02-08 05:00:00+00:00,46530.06,47328.204871970636
2026-02-07 21:00:00+00:00,2026-02-08 06:00:00+00:00,48555.1,49397.12809832759
2026-02-07 21:00:00+00:00,2026-02-08 07:00:00+00:00,51859.53,52234.7561584318
2026-02-07 21:00:00+00:00,2026-02-08 08:00:00+00:00,54879.93,55139.477303181986
2026-02-07 21:00:00+00:00,2026-02-08 09:00:00+00:00,56555.62,57322.39448773265
2026-02-07 21:00:00+00:00,2026-02-08 10:00:00+00:00,58069.55,58727.20272198976
2026-02-07 21:00:00+00:00,2026-02-08 11:00:00+00:00,57760.0,58090.56686331808
2026-02-07 21:00:00+00:00,2026-02-08 12:00:00+00:00,56631.53,56617.87679270673
2026-02-07 21:00:00+00:00,2026-02-08 13:00:00+00:00,55310.65,55370.146659764614
2026-02-07 21:00:00+00:00,2026-02-08 14:00:00+00:00,55027.78,55433.8221124979
2026-02-07 21:00:00+00:00,2026-02-08 15:00:00+00:00,56394.28,56872.62991400922
2026-02-07 21:00:00+00:00,2026-02-08 16:00:00+00:00,60161.15,60255.82775647741
2026-02-07 21:00:00+00:00,2026-02-08 17:00:00+00:00,62783.81,61965.52173901071
2026-02-07 21:00:00+00:00,2026-02-08 18:00:00+00:00,61741.41,61569.07780068541
2026-02-07 21:00:00+00:00,2026-02-08 19:00:00+00:00,59624.05,59167.7138811565
2026-02-07 21:00:00+00:00,2026-02-08 20:00:00+00:00,57657.68,57723.631250243685
2026-02-07 21:00:00+00:00,2026-02-08 21:00:00+00:00,55890.92,56190.940915458086
2026-02-08 21:00:00+00:00,2026-02-08 22:00:00+00:00,52686.69,52930.547423257005
2026-02-08 21:00:00+00:00,2026-02-08 23:00:00+00:00,49916.42,49745.40379683921
2026-02-08 21:00:00+00:00,2026-02-09 00:00:00+00:00,48625.85,47970.089538673055
2026-02-08 21:00:00+00:00,2026-02-09 01:00:00+00:00,47839.43,47322.271834375824
2026-02-08 21:00:00+00:00,2026-02-09 02:00:00+00:00,47906.59,47972.12996251267
2026-02-08 21:00:00+00:00,2026-02-09 03:00:00+00:00,49056.65,50194.19691385717
2026-02-08 21:00:00+00:00,2026-02-09 04:00:00+00:00,53266.75,54595.40620474217
2026-02-08 21:00:00+00:00,2026-02-09 05:00:00+00:00,61561.91,61691.25394488909
2026-02-08 21:00:00+00:00,2026-02-09 06:00:00+00:00,67285.68,66886.0531193321
2026-02-08 21:00:00+00:00,2026-02-09 07:00:00+00:00,70142.16,70743.7844913408
2026-02-08 21:00:00+00:00,2026-02-09 08:00:00+00:00,70458.24,71465.4853541651
2026-02-08 21:00:00+00:00,2026-02-09 09:00:00+00:00,70249.81,71727.00078528053
2026-02-08 21:00:00+00:00,2026-02-09 10:00:00+00:00,70017.09,71529.64217321126
2026-02-08 21:00:00+00:00,2026-02-09 11:00:00+00:00,69686.76,70818.74323892957
2026-02-08 21:00:00+00:00,2026-02-09 12:00:00+00:00,68609.34,69926.92808180512
2026-02-08 21:00:00+00:00,2026-02-09 13:00:00+00:00,67537.25,68778.46191793376
2026-02-08 21:00:00+00:00,2026-02-09 14:00:00+00:00,67278.47,68640.46108470668
2026-02-08 21:00:00+00:00,2026-02-09 15:00:00+00:00,66951.47,69782.21979334157
2026-02-08 21:00:00+00:00,2026-02-09 16:00:00+00:00,69246.03,72100.90320765275
2026-02-08 21:00:00+00:00,2026-02-09 17:00:00+00:00,70879.4,72110.03205482669
2026-02-08 21:00:00+00:00,2026-02-09 18:00:00+00:00,69630.69,70274.15467986549
2026-02-08 21:00:00+00:00,2026-02-09 19:00:00+00:00,65964.53,66563.0175140466
2026-02-08 21:00:00+00:00,2026-02-09 20:00:00+00:00,62754.55,62782.88250428399
2026-02-08 21:00:00+00:00,2026-02-09 21:00:00+00:00,59718.53,60019.244327407374
2026-02-09 21:00:00+00:00,2026-02-09 22:00:00+00:00,56286.95,55949.79133619516
2026-02-09 21:00:00+00:00,2026-02-09 23:00:00+00:00,53135.68,54104.26354834597
2026-02-09 21:00:00+00:00,2026-02-10 00:00:00+00:00,51265.33,54053.391555449154
2026-02-09 21:00:00+00:00,2026-02-10 01:00:00+00:00,50496.11,53681.368562161886
2026-02-09 21:00:00+00:00,2026-02-10 02:00:00+00:00,50810.44,54757.023906590875
2026-02-09 21:00:00+00:00,2026-02-10 03:00:00+00:00,51708.94,56789.114850710874
2026-02-09 21:00:00+00:00,2026-02-10 04:00:00+00:00,54959.44,60542.00224596141
2026-02-09 21:00:00+00:00,2026-02-10 05:00:00+00:00,62539.36,67094.97292196352
2026-02-09 21:00:00+00:00,2026-02-10 06:00:00+00:00,68083.38,71911.5323191098
2026-02-09 21:00:00+00:00,2026-02-10 07:00:00+00:00,70069.39,73635.67546884633
2026-02-09 21:00:00+00:00,2026-02-10 08:00:00+00:00,70053.32,73725.367474865
2026-02-09 21:00:00+00:00,2026-02-10 09:00:00+00:00,70193.24,73749.73323814757
2026-02-09 21:00:00+00:00,2026-02-10 10:00:00+00:00,70344.84,73541.5057601016
2026-02-09 21:00:00+00:00,2026-02-10 11:00:00+00:00,69669.22,72877.10210533887
2026-02-09 21:00:00+00:00,2026-02-10 12:00:00+00:00,68303.65,71588.65211905968
2026-02-09 21:00:00+00:00,2026-02-10 13:00:00+00:00,67480.2,70487.29441086075
2026-02-09 21:00:00+00:00,2026-02-10 14:00:00+00:00,67255.66,70162.41788014883
2026-02-09 21:00:00+00:00,2026-02-10 15:00:00+00:00,67210.12,71362.48629104563
2026-02-09 21:00:00+00:00,2026-02-10 16:00:00+00:00,69342.71,73508.94962189416
2026-02-09 21:00:00+00:00,2026-02-10 17:00:00+00:00,70618.67,73928.97260392514
2026-02-09 21:00:00+00:00,2026-02-10 18:00:00+00:00,69105.35,72814.8617915276
2026-02-09 21:00:00+00:00,2026-02-10 19:00:00+00:00,65693.92,69557.81503032429
2026-02-09 21:00:00+00:00,2026-02-10 20:00:00+00:00,62303.97,66009.37066976518
2026-02-09 21:00:00+00:00,2026-02-10 21:00:00+00:00,58913.65,62717.58080699749
2026-02-10 21:00:00+00:00,2026-02-10 22:00:00+00:00,55094.93,56366.74717361195
2026-02-10 21:00:00+00:00,2026-02-10 23:00:00+00:00,52069.29,53546.10262010344
2026-02-10 21:00:00+00:00,2026-02-11 00:00:00+00:00,50055.4,52710.27159845936
2026-02-10 21:00:00+00:00,2026-02-11 01:00:00+00:00,49317.08,52422.311383483626
2026-02-10 21:00:00+00:00,2026-02-11 02:00:00+00:00,49894.62,52753.14419096908
2026-02-10 21:00:00+00:00,2026-02-11 03:00:00+00:00,50301.09,54373.333261199754
2026-02-10 21:00:00+00:00,2026-02-11 04:00:00+00:00,54072.54,58277.85240918593
2026-02-10 21:00:00+00:00,2026-02-11 05:00:00+00:00,61930.9,65254.41288450127
2026-02-10 21:00:00+00:00,2026-02-11 06:00:00+00:00,67942.29,70964.95126997372
2026-02-10 21:00:00+00:00,2026-02-11 07:00:00+00:00,70227.48,73442.22835826283
2026-02-10 21:00:00+00:00,2026-02-11 08:00:00+00:00,70882.66,73335.10541946445
2026-02-10 21:00:00+00:00,2026-02-11 09:00:00+00:00,71233.98,73220.31354984923
2026-02-10 21:00:00+00:00,2026-02-11 10:00:00+00:00,71444.62,72967.26942663899
2026-02-10 21:00:00+00:00,2026-02-11 11:00:00+00:00,70577.38,72252.6173242407
2026-02-10 21:00:00+00:00,2026-02-11 12:00:00+00:00,68947.65,71346.31195190451
2026-02-10 21:00:00+00:00,2026-02-11 13:00:00+00:00,68124.27,70276.8660273177
2026-02-10 21:00:00+00:00,2026-02-11 14:00:00+00:00,67945.29,70426.4072165001
2026-02-10 21:00:00+00:00,2026-02-11 15:00:00+00:00,68050.54,71501.98174580892
2026-02-10 21:00:00+00:00,2026-02-11 16:00:00+00:00,70150.95,73539.90886371605
2026-02-10 21:00:00+00:00,2026-02-11 17:00:00+00:00,71523.29,74075.69433268491
2026-02-10 21:00:00+00:00,2026-02-11 18:00:00+00:00,69940.77,73159.64444518751
2026-02-10 21:00:00+00:00,2026-02-11 19:00:00+00:00,66411.28,70787.7622129614
2026-02-10 21:00:00+00:00,2026-02-11 20:00:00+00:00,63200.01,67302.68104469098
2026-02-10 21:00:00+00:00,2026-02-11 21:00:00+00:00,59701.89,64051.097497061455
2026-02-11 21:00:00+00:00,2026-02-11 22:00:00+00:00,55453.2,55799.494787610354
2026-02-11 21:00:00+00:00,2026-02-11 23:00:00+00:00,51973.87,52594.354190836806
2026-02-11 21:00:00+00:00,2026-02-12 00:00:00+00:00,50049.42,51080.11348488075
2026-02-11 21:00:00+00:00,2026-02-12 01:00:00+00:00,49640.19,50360.60381563523
2026-02-11 21:00:00+00:00,2026-02-12 02:00:00+00:00,50258.31,50360.48713531283
2026-02-11 21:00:00+00:00,2026-02-12 03:00:00+00:00,51693.02,51175.978150137904
2026-02-11 21:00:00+00:00,2026-02-12 04:00:00+00:00,55274.51,54500.22755824254
2026-02-11 21:00:00+00:00,2026-02-12 05:00:00+00:00,63323.36,62180.316935628565
2026-02-11 21:00:00+00:00,2026-02-12 06:00:00+00:00,68964.95,68121.3081520662
2026-02-11 21:00:00+00:00,2026-02-12 07:00:00+00:00,71168.87,70705.49362310566
2026-02-11 21:00:00+00:00,2026-02-12 08:00:00+00:00,71669.67,70884.56885433618
2026-02-11 21:00:00+00:00,2026-02-12 09:00:00+00:00,71086.54,70875.46616979009
2026-02-11 21:00:00+00:00,2026-02-12 10:00:00+00:00,71092.53,70801.31622632516
2026-02-11 21:00:00+00:00,2026-02-12 11:00:00+00:00,70801.17,70181.23110926067
2026-02-11 21:00:00+00:00,2026-02-12 12:00:00+00:00,70426.41,69143.82838334025
2026-02-11 21:00:00+00:00,2026-02-12 13:00:00+00:00,69338.81,68426.20240786899
2026-02-11 21:00:00+00:00,2026-02-12 14:00:00+00:00,69129.04,68430.76664530109
2026-02-11 21:00:00+00:00,2026-02-12 15:00:00+00:00,69075.92,69325.56233199789
2026-02-11 21:00:00+00:00,2026-02-12 16:00:00+00:00,71177.63,71603.18206158171
2026-02-11 21:00:00+00:00,2026-02-12 17:00:00+00:00,72523.07,72205.61439804416
2026-02-11 21:00:00+00:00,2026-02-12 18:00:00+00:00,71022.77,70554.99444468171
2026-02-11 21:00:00+00:00,2026-02-12 19:00:00+00:00,67630.0,66939.25274472474
2026-02-11 21:00:00+00:00,2026-02-12 20:00:00+00:00,63584.43,64174.75416577711
2026-02-11 21:00:00+00:00,2026-02-12 21:00:00+00:00,59956.23,61032.40046581128
2026-02-12 21:00:00+00:00,2026-02-12 22:00:00+00:00,56547.49,56016.55120357476
2026-02-12 21:00:00+00:00,2026-02-12 23:00:00+00:00,53133.14,53134.06371371441
2026-02-12 21:00:00+00:00,2026-02-13 00:00:00+00:00,50896.59,51693.896649428585
2026-02-12 21:00:00+00:00,2026-02-13 01:00:00+00:00,49796.56,51057.909674838476
2026-02-12 21:00:00+00:00,2026-02-13 02:00:00+00:00,50101.58,51193.18815490451
2026-02-12 21:00:00+00:00,2026-02-13 03:00:00+00:00,51193.72,52041.43586307646
2026-02-12 21:00:00+00:00,2026-02-13 04:00:00+00:00,54677.81,55983.94800254497
2026-02-12 21:00:00+00:00,2026-02-13 05:00:00+00:00,62572.22,62917.75569212884
2026-02-12 21:00:00+00:00,2026-02-13 06:00:00+00:00,67850.92,68305.4988432329
2026-02-12 21:00:00+00:00,2026-02-13 07:00:00+00:00,70319.38,71259.0548487048
2026-02-12 21:00:00+00:00,2026-02-13 08:00:00+00:00,70691.69,71256.32939880452
2026-02-12 21:00:00+00:00,2026-02-13 09:00:00+00:00,71156.93,71155.47005439347
2026-02-12 21:00:00+00:00,2026-02-13 10:00:00+00:00,70508.56,70818.62683169683
2026-02-12 21:00:00+00:00,2026-02-13 11:00:00+00:00,69566.77,70069.81744132472
2026-02-12 21:00:00+00:00,2026-02-13 12:00:00+00:00,67601.35,68861.61740684941
2026-02-12 21:00:00+00:00,2026-02-13 13:00:00+00:00,66373.64,67271.23242964249
2026-02-12 21:00:00+00:00,2026-02-13 14:00:00+00:00,65675.31,66616.89483641283
2026-02-12 21:00:00+00:00,2026-02-13 15:00:00+00:00,66294.64,66594.54887622807
2026-02-12 21:00:00+00:00,2026-02-13 16:00:00+00:00,68175.7,67858.14752991076
2026-02-12 21:00:00+00:00,2026-02-13 17:00:00+00:00,69218.48,67754.42784530416
2026-02-12 21:00:00+00:00,2026-02-13 18:00:00+00:00,67806.78,65744.43133272904
2026-02-12 21:00:00+00:00,2026-02-13 19:00:00+00:00,64496.13,62521.41639612683
2026-02-12 21:00:00+00:00,2026-02-13 20:00:00+00:00,61505.95,59453.88962913184
2026-02-12 21:00:00+00:00,2026-02-13 21:00:00+00:00,58145.44,56412.245729978546
2026-02-13 21:00:00+00:00,2026-02-13 22:00:00+00:00,54521.12,54542.142009831674
2026-02-13 21:00:00+00:00,2026-02-13 23:00:00+00:00,51312.58,51843.578043564106
2026-02-13 21:00:00+00:00,2026-02-14 00:00:00+00:00,48981.2,49747.64576820463
2026-02-13 21:00:00+00:00,2026-02-14 01:00:00+00:00,47852.46,48795.31515129766
2026-02-13 21:00:00+00:00,2026-02-14 02:00:00+00:00,47536.79,48659.385461353006
2026-02-13 21:00:00+00:00,2026-02-14 03:00:00+00:00,47672.88,49486.919157121454
2026-02-13 21:00:00+00:00,2026-02-14 04:00:00+00:00,48322.72,50902.07953115605
2026-02-13 21:00:00+00:00,2026-02-14 05:00:00+00:00,49575.63,53370.04560357604
2026-02-13 21:00:00+00:00,2026-02-14 06:00:00+00:00,52482.46,57897.90574107936
2026-02-13 21:00:00+00:00,2026-02-14 07:00:00+00:00,55987.73,60731.34515111086
2026-02-13 21:00:00+00:00,2026-02-14 08:00:00+00:00,59027.76,61756.271822641305
2026-02-13 21:00:00+00:00,2026-02-14 09:00:00+00:00,60898.72,62605.59679350593
2026-02-13 21:00:00+00:00,2026-02-14 10:00:00+00:00,61728.22,63166.479584248045
2026-02-13 21:00:00+00:00,2026-02-14 11:00:00+00:00,61372.62,62339.33056355618
2026-02-13 21:00:00+00:00,2026-02-14 12:00:00+00:00,60050.21,61078.84993382136
2026-02-13 21:00:00+00:00,2026-02-14 13:00:00+00:00,58834.89,59608.14007671319
2026-02-13 21:00:00+00:00,2026-02-14 14:00:00+00:00,58683.38,59387.42937383253
2026-02-13 21:00:00+00:00,2026-02-14 15:00:00+00:00,59447.67,60486.95206280695
2026-02-13 21:00:00+00:00,2026-02-14 16:00:00+00:00,61833.54,62344.022853753435
2026-02-13 21:00:00+00:00,2026-02-14 17:00:00+00:00,63288.83,63122.080644518224
2026-02-13 21:00:00+00:00,2026-02-14 18:00:00+00:00,61594.55,62130.22508225463
2026-02-13 21:00:00+00:00,2026-02-14 19:00:00+00:00,57928.12,58986.87769771911
2026-02-13 21:00:00+00:00,2026-02-14 20:00:00+00:00,55415.26,56216.150964993554
2026-02-13 21:00:00+00:00,2026-02-14 21:00:00+00:00,54040.56,54648.854908017274
2026-02-14 21:00:00+00:00,2026-02-14 22:00:00+00:00,51427.06,50613.5648946545
2026-02-14 21:00:00+00:00,2026-02-14 23:00:00+00:00,48527.1,47963.47492377793
2026-02-14 21:00:00+00:00,2026-02-15 00:00:00+00:00,46828.23,46176.02856285357
2026-02-14 21:00:00+00:00,2026-02-15 01:00:00+00:00,45973.26,44922.11447331745
2026-02-14 21:00:00+00:00,2026-02-15 02:00:00+00:00,45544.59,44661.284541849505
2026-02-14 21:00:00+00:00,2026-02-15 03:00:00+00:00,45353.32,45349.670865087355
2026-02-14 21:00:00+00:00,2026-02-15 04:00:00+00:00,45444.41,46214.309217779104
2026-02-14 21:00:00+00:00,2026-02-15 05:00:00+00:00,45829.13,46918.94503784544
2026-02-14 21:00:00+00:00,2026-02-15 06:00:00+00:00,47682.03,49326.73647460968
2026-02-14 21:00:00+00:00,2026-02-15 07:00:00+00:00,50835.28,51931.35900928651
2026-02-14 21:00:00+00:00,2026-02-15 08:00:00+00:00,53645.82,54784.38304052071
2026-02-14 21:00:00+00:00,2026-02-15 09:00:00+00:00,55411.25,57032.542087317444
2026-02-14 21:00:00+00:00,2026-02-15 10:00:00+00:00,56784.88,58916.85544927293
2026-02-14 21:00:00+00:00,2026-02-15 11:00:00+00:00,56135.53,58476.57850739203
2026-02-14 21:00:00+00:00,2026-02-15 12:00:00+00:00,53757.83,57077.25566907906
2026-02-14 21:00:00+00:00,2026-02-15 13:00:00+00:00,52119.84,55815.55198535281
2026-02-14 21:00:00+00:00,2026-02-15 14:00:00+00:00,52515.71,55594.55180489045
2026-02-14 21:00:00+00:00,2026-02-15 15:00:00+00:00,53992.5,56476.53932027675
2026-02-14 21:00:00+00:00,2026-02-15 16:00:00+00:00,57563.6,59663.486749255186
2026-02-14 21:00:00+00:00,2026-02-15 17:00:00+00:00,61656.47,61498.13857069224
2026-02-14 21:00:00+00:00,2026-02-15 18:00:00+00:00,61177.14,60812.03568262923
2026-02-14 21:00:00+00:00,2026-02-15 19:00:00+00:00,59990.3,58522.1083028584
2026-02-14 21:00:00+00:00,2026-02-15 20:00:00+00:00,58902.28,56568.92685721808
2026-02-14 21:00:00+00:00,2026-02-15 21:00:00+00:00,58233.01,55213.74069677207
2026-02-15 21:00:00+00:00,2026-02-15 22:00:00+00:00,55496.32,56010.87376900348
2026-02-15 21:00:00+00:00,2026-02-15 23:00:00+00:00,53309.03,53734.716394040086
2026-02-15 21:00:00+00:00,2026-02-16 00:00:00+00:00,52255.0,52200.77614368738
2026-02-15 21:00:00+00:00,2026-02-16 01:00:00+00:00,51247.54,51575.52344651045
2026-02-15 21:00:00+00:00,2026-02-16 02:00:00+00:00,51361.7,52131.699731523164
2026-02-15 21:00:00+00:00,2026-02-16 03:00:00+00:00,52238.39,53727.81508232071
2026-02-15 21:00:00+00:00,2026-02-16 04:00:00+00:00,55451.63,56800.05735687456
2026-02-15 21:00:00+00:00,2026-02-16 05:00:00+00:00,63009.31,64859.38834041279
2026-02-15 21:00:00+00:00,2026-02-16 06:00:00+00:00,68241.03,70940.84927583215
2026-02-15 21:00:00+00:00,2026-02-16 07:00:00+00:00,71478.14,73510.49918433889
2026-02-15 21:00:00+00:00,2026-02-16 08:00:00+00:00,72338.88,73819.88382898191
2026-02-15 21:00:00+00:00,2026-02-16 09:00:00+00:00,72675.17,74143.71613585194
2026-02-15 21:00:00+00:00,2026-02-16 10:00:00+00:00,73024.21,74131.8981815978
2026-02-15 21:00:00+00:00,2026-02-16 11:00:00+00:00,71707.94,73687.00936683807
2026-02-15 21:00:00+00:00,2026-02-16 12:00:00+00:00,70135.15,73095.2514716726
2026-02-15 21:00:00+00:00,2026-02-16 13:00:00+00:00,68397.52,72326.06993401608
2026-02-15 21:00:00+00:00,2026-02-16 14:00:00+00:00,67984.76,72172.69403364064
2026-02-15 21:00:00+00:00,2026-02-16 15:00:00+00:00,68730.92,72938.8453872078
2026-02-15 21:00:00+00:00,2026-02-16 16:00:00+00:00,70625.02,74263.08656660652
2026-02-15 21:00:00+00:00,2026-02-16 17:00:00+00:00,72429.98,74050.54500657451
2026-02-15 21:00:00+00:00,2026-02-16 18:00:00+00:00,71024.67,72671.00027165485
2026-02-15 21:00:00+00:00,2026-02-16 19:00:00+00:00,67349.42,69142.37176833599
2026-02-15 21:00:00+00:00,2026-02-16 20:00:00+00:00,63493.9,65872.83426971348
2026-02-15 21:00:00+00:00,2026-02-16 21:00:00+00:00,59702.55,62278.685825242406
2026-02-16 21:00:00+00:00,2026-02-16 22:00:00+00:00,56144.93,55892.596220776344
2026-02-16 21:00:00+00:00,2026-02-16 23:00:00+00:00,52955.15,52986.57773590115
2026-02-16 21:00:00+00:00,2026-02-17 00:00:00+00:00,51052.84,51091.871222202186
2026-02-16 21:00:00+00:00,2026-02-17 01:00:00+00:00,50463.24,50641.66218809874
2026-02-16 21:00:00+00:00,2026-02-17 02:00:00+00:00,50703.45,50798.02792538912
2026-02-16 21:00:00+00:00,2026-02-17 03:00:00+00:00,52039.06,51917.96398249413
2026-02-16 21:00:00+00:00,2026-02-17 04:00:00+00:00,54755.38,55103.41736989831
2026-02-16 21:00:00+00:00,2026-02-17 05:00:00+00:00,62150.5,62929.23604604465
2026-02-16 21:00:00+00:00,2026-02-17 06:00:00+00:00,67261.81,68857.89586495947
2026-02-16 21:00:00+00:00,2026-02-17 07:00:00+00:00,69632.0,71550.13704922881
2026-02-16 21:00:00+00:00,2026-02-17 08:00:00+00:00,70214.77,71493.51144949754
2026-02-16 21:00:00+00:00,2026-02-17 09:00:00+00:00,70591.39,71341.18146045026
2026-02-16 21:00:00+00:00,2026-02-17 10:00:00+00:00,70663.18,71667.22111357904
2026-02-16 21:00:00+00:00,2026-02-17 11:00:00+00:00,69636.44,70848.97717933638
2026-02-16 21:00:00+00:00,2026-02-17 12:00:00+00:00,68564.98,70015.1314848918
2026-02-16 21:00:00+00:00,2026-02-17 13:00:00+00:00,67634.15,68691.19474917797
2026-02-16 21:00:00+00:00,2026-02-17 14:00:00+00:00,66715.2,68637.36387381905
2026-02-16 21:00:00+00:00,2026-02-17 15:00:00+00:00,66598.01,69354.46008517666
2026-02-16 21:00:00+00:00,2026-02-17 16:00:00+00:00,68840.15,71530.47430839343
2026-02-16 21:00:00+00:00,2026-02-17 17:00:00+00:00,71272.27,71875.6363757003
2026-02-16 21:00:00+00:00,2026-02-17 18:00:00+00:00,70121.26,69982.89175336774
2026-02-16 21:00:00+00:00,2026-02-17 19:00:00+00:00,66636.1,66151.83421747969
2026-02-16 21:00:00+00:00,2026-02-17 20:00:00+00:00,63919.58,62689.710323154315
2026-02-16 21:00:00+00:00,2026-02-17 21:00:00+00:00,59988.55,59172.26785076054
2026-02-17 21:00:00+00:00,2026-02-17 22:00:00+00:00,56224.42,56410.18151640325
2026-02-17 21:00:00+00:00,2026-02-17 23:00:00+00:00,53438.14,53316.879209635656
2026-02-17 21:00:00+00:00,2026-02-18 00:00:00+00:00,52359.28,51527.82415622762
2026-02-17 21:00:00+00:00,2026-02-18 01:00:00+00:00,51745.41,51108.521944463246
2026-02-17 21:00:00+00:00,2026-02-18 02:00:00+00:00,51461.26,51386.721959085975
2026-02-17 21:00:00+00:00,2026-02-18 03:00:00+00:00,52716.99,52090.57747011553
2026-02-17 21:00:00+00:00,2026-02-18 04:00:00+00:00,56066.25,54720.13103536677
2026-02-17 21:00:00+00:00,2026-02-18 05:00:00+00:00,62791.38,62421.67557323347
2026-02-17 21:00:00+00:00,2026-02-18 06:00:00+00:00,68338.75,68192.14227293743
2026-02-17 21:00:00+00:00,2026-02-18 07:00:00+00:00,70926.88,71095.2056685829
2026-02-17 21:00:00+00:00,2026-02-18 08:00:00+00:00,71118.39,71320.87595460893
2026-02-17 21:00:00+00:00,2026-02-18 09:00:00+00:00,71252.89,71340.23901832358
2026-02-17 21:00:00+00:00,2026-02-18 10:00:00+00:00,71877.6,71302.45826972154
2026-02-17 21:00:00+00:00,2026-02-18 11:00:00+00:00,70855.38,70596.05942143769
2026-02-17 21:00:00+00:00,2026-02-18 12:00:00+00:00,67989.17,69381.71772391908
2026-02-17 21:00:00+00:00,2026-02-18 13:00:00+00:00,66873.69,68492.17505214135
2026-02-17 21:00:00+00:00,2026-02-18 14:00:00+00:00,66713.08,68085.93588385009
2026-02-17 21:00:00+00:00,2026-02-18 15:00:00+00:00,67200.62,68608.0955936618
2026-02-17 21:00:00+00:00,2026-02-18 16:00:00+00:00,69597.64,70390.91462166366
2026-02-17 21:00:00+00:00,2026-02-18 17:00:00+00:00,71663.01,71045.66505373688
2026-02-17 21:00:00+00:00,2026-02-18 18:00:00+00:00,70465.93,69798.30355539487
2026-02-17 21:00:00+00:00,2026-02-18 19:00:00+00:00,66992.33,65982.36748532864
2026-02-17 21:00:00+00:00,2026-02-18 20:00:00+00:00,63275.56,62438.133938147825
2026-02-17 21:00:00+00:00,2026-02-18 21:00:00+00:00,60279.22,58825.965387727876
2026-02-18 21:00:00+00:00,2026-02-18 22:00:00+00:00,56724.93,56652.408672892736
2026-02-18 21:00:00+00:00,2026-02-18 23:00:00+00:00,53641.05,53829.95924533306
2026-02-18 21:00:00+00:00,2026-02-19 00:00:00+00:00,52713.43,51882.92477259469
2026-02-18 21:00:00+00:00,2026-02-19 01:00:00+00:00,52466.27,51059.00739545032
2026-02-18 21:00:00+00:00,2026-02-19 02:00:00+00:00,52822.05,51126.55206059948
2026-02-18 21:00:00+00:00,2026-02-19 03:00:00+00:00,54853.68,52037.44872333475
2026-02-18 21:00:00+00:00,2026-02-19 04:00:00+00:00,57942.05,55540.97767720386
2026-02-18 21:00:00+00:00,2026-02-19 05:00:00+00:00,64209.69,63042.57054597132
2026-02-18 21:00:00+00:00,2026-02-19 06:00:00+00:00,70578.2,68718.85775490395
2026-02-18 21:00:00+00:00,2026-02-19 07:00:00+00:00,73054.35,71496.80983431575
2026-02-18 21:00:00+00:00,2026-02-19 08:00:00+00:00,72940.52,71831.68437581306
2026-02-18 21:00:00+00:00,2026-02-19 09:00:00+00:00,72753.92,71660.26126496364
2026-02-18 21:00:00+00:00,2026-02-19 10:00:00+00:00,73008.38,71560.39031208647
2026-02-18 21:00:00+00:00,2026-02-19 11:00:00+00:00,72348.63,71066.94459528601
2026-02-18 21:00:00+00:00,2026-02-19 12:00:00+00:00,72050.85,69792.9202978747
2026-02-18 21:00:00+00:00,2026-02-19 13:00:00+00:00,69855.56,68555.42759241413
2026-02-18 21:00:00+00:00,2026-02-19 14:00:00+00:00,69187.27,68140.69022722925
2026-02-18 21:00:00+00:00,2026-02-19 15:00:00+00:00,69768.91,68818.41098753418
2026-02-18 21:00:00+00:00,2026-02-19 16:00:00+00:00,72293.47,71270.51367830813
2026-02-18 21:00:00+00:00,2026-02-19 17:00:00+00:00,73283.52,71758.86502779734
2026-02-18 21:00:00+00:00,2026-02-19 18:00:00+00:00,72140.85,69976.86058023453
2026-02-18 21:00:00+00:00,2026-02-19 19:00:00+00:00,68472.32,66010.40490780683
2026-02-18 21:00:00+00:00,2026-02-19 20:00:00+00:00,64476.15,62557.39925952773
2026-02-18 21:00:00+00:00,2026-02-19 21:00:00+00:00,61394.78,59130.156834420544
2026-02-19 21:00:00+00:00,2026-02-19 22:00:00+00:00,58095.66,57992.08110779935
2026-02-19 21:00:00+00:00,2026-02-19 23:00:00+00:00,55390.46,54351.32433204235
2026-02-19 21:00:00+00:00,2026-02-20 00:00:00+00:00,53762.38,52066.28592654271
2026-02-19 21:00:00+00:00,2026-02-20 01:00:00+00:00,52866.38,51210.8644160489
2026-02-19 21:00:00+00:00,2026-02-20 02:00:00+00:00,53045.55,51039.54039582042
2026-02-19 21:00:00+00:00,2026-02-20 03:00:00+00:00,54512.17,51924.15746141133
2026-02-19 21:00:00+00:00,2026-02-20 04:00:00+00:00,58207.88,53948.404313543324
2026-02-19 21:00:00+00:00,2026-02-20 05:00:00+00:00,65449.7,61533.409738231494
2026-02-19 21:00:00+00:00,2026-02-20 06:00:00+00:00,70243.24,67370.30931904713
2026-02-19 21:00:00+00:00,2026-02-20 07:00:00+00:00,72383.05,70294.86656814709
2026-02-19 21:00:00+00:00,2026-02-20 08:00:00+00:00,72956.74,70209.62968807506
2026-02-19 21:00:00+00:00,2026-02-20 09:00:00+00:00,72994.9,70095.700766038
2026-02-19 21:00:00+00:00,2026-02-20 10:00:00+00:00,72428.34,69967.329004785
2026-02-19 21:00:00+00:00,2026-02-20 11:00:00+00:00,70888.89,68950.87760916304
2026-02-19 21:00:00+00:00,2026-02-20 12:00:00+00:00,69523.54,67435.2611677578
2026-02-19 21:00:00+00:00,2026-02-20 13:00:00+00:00,68607.43,65848.57694271221
2026-02-19 21:00:00+00:00,2026-02-20 14:00:00+00:00,68934.77,65159.78923156499
2026-02-19 21:00:00+00:00,2026-02-20 15:00:00+00:00,69592.45,65492.925437978134
2026-02-19 21:00:00+00:00,2026-02-20 16:00:00+00:00,72105.16,67234.0305361906
2026-02-19 21:00:00+00:00,2026-02-20 17:00:00+00:00,73194.05,68213.43574622064
2026-02-19 21:00:00+00:00,2026-02-20 18:00:00+00:00,71214.47,66271.5287671337
2026-02-19 21:00:00+00:00,2026-02-20 19:00:00+00:00,66957.35,62914.85778121055
2026-02-19 21:00:00+00:00,2026-02-20 20:00:00+00:00,63039.14,59415.53293110804
2026-02-19 21:00:00+00:00,2026-02-20 21:00:00+00:00,60041.79,56779.1376899979
2026-02-20 21:00:00+00:00,2026-02-20 22:00:00+00:00,56906.03,56554.871251807424
2026-02-20 21:00:00+00:00,2026-02-20 23:00:00+00:00,53989.43,53516.40523106082
2026-02-20 21:00:00+00:00,2026-02-21 00:00:00+00:00,52226.97,52037.52375544715
2026-02-20 21:00:00+00:00,2026-02-21 01:00:00+00:00,50791.22,50793.29730221998
2026-02-20 21:00:00+00:00,2026-02-21 02:00:00+00:00,50040.2,49904.4289639383
2026-02-20 21:00:00+00:00,2026-02-21 03:00:00+00:00,50017.44,49819.017788541016
2026-02-20 21:00:00+00:00,2026-02-21 04:00:00+00:00,50927.92,49941.863016342235
2026-02-20 21:00:00+00:00,2026-02-21 05:00:00+00:00,52247.25,50634.91117546036
2026-02-20 21:00:00+00:00,2026-02-21 06:00:00+00:00,54502.85,52724.600276841826
2026-02-20 21:00:00+00:00,2026-02-21 07:00:00+00:00,58120.51,55377.47751336249
2026-02-20 21:00:00+00:00,2026-02-21 08:00:00+00:00,59953.53,58027.6500777964
2026-02-20 21:00:00+00:00,2026-02-21 09:00:00+00:00,61269.96,59668.60094643699
2026-02-20 21:00:00+00:00,2026-02-21 10:00:00+00:00,62049.14,60073.6753192437
2026-02-20 21:00:00+00:00,2026-02-21 11:00:00+00:00,61688.46,59616.59684182937
2026-02-20 21:00:00+00:00,2026-02-21 12:00:00+00:00,60462.59,58384.90004353345
2026-02-20 21:00:00+00:00,2026-02-21 13:00:00+00:00,59374.69,57358.63773981422
2026-02-20 21:00:00+00:00,2026-02-21 14:00:00+00:00,58819.33,57471.89065010724
2026-02-20 21:00:00+00:00,2026-02-21 15:00:00+00:00,59995.95,58656.38010427182
2026-02-20 21:00:00+00:00,2026-02-21 16:00:00+00:00,62449.65,60869.46048912757
2026-02-20 21:00:00+00:00,2026-02-21 17:00:00+00:00,63431.31,62054.62837501391
2026-02-20 21:00:00+00:00,2026-02-21 18:00:00+00:00,61435.91,61213.529624719675
2026-02-20 21:00:00+00:00,2026-02-21 19:00:00+00:00,57997.7,58188.58711341019
2026-02-20 21:00:00+00:00,2026-02-21 20:00:00+00:00,55527.36,56006.909256852465
2026-02-20 21:00:00+00:00,2026-02-21 21:00:00+00:00,52886.6,54230.000760220086
2026-02-21 21:00:00+00:00,2026-02-21 22:00:00+00:00,48928.77,50178.94043791359
2026-02-21 21:00:00+00:00,2026-02-21 23:00:00+00:00,45960.94,47720.45145033193
2026-02-21 21:00:00+00:00,2026-02-22 00:00:00+00:00,43600.27,45985.672103991186
2026-02-21 21:00:00+00:00,2026-02-22 01:00:00+00:00,41679.92,44530.67117962733
2026-02-21 21:00:00+00:00,2026-02-22 02:00:00+00:00,41352.49,44429.22797952166
2026-02-21 21:00:00+00:00,2026-02-22 03:00:00+00:00,41885.07,45140.96242719568
2026-02-21 21:00:00+00:00,2026-02-22 04:00:00+00:00,42355.24,45789.01588651084
2026-02-21 21:00:00+00:00,2026-02-22 05:00:00+00:00,42595.02,46407.105792003334
2026-02-21 21:00:00+00:00,2026-02-22 06:00:00+00:00,44501.15,48043.59437074932
2026-02-21 21:00:00+00:00,2026-02-22 07:00:00+00:00,47780.87,50343.14270728158
2026-02-21 21:00:00+00:00,2026-02-22 08:00:00+00:00,50749.67,52988.5468473445
2026-02-21 21:00:00+00:00,2026-02-22 09:00:00+00:00,53017.93,53974.78097132872
2026-02-21 21:00:00+00:00,2026-02-22 10:00:00+00:00,55838.4,55548.872777495395
2026-02-21 21:00:00+00:00,2026-02-22 11:00:00+00:00,55980.88,55030.20825806523
2026-02-21 21:00:00+00:00,2026-02-22 12:00:00+00:00,55166.08,54062.15291545808
2026-02-21 21:00:00+00:00,2026-02-22 13:00:00+00:00,53781.87,52960.217492271586
2026-02-21 21:00:00+00:00,2026-02-22 14:00:00+00:00,53699.62,52650.32351382907
2026-02-21 21:00:00+00:00,2026-02-22 15:00:00+00:00,54420.05,54194.47465452792
2026-02-21 21:00:00+00:00,2026-02-22 16:00:00+00:00,57217.02,57259.24454096145
2026-02-21 21:00:00+00:00,2026-02-22 17:00:00+00:00,58277.26,59390.16316894281
2026-02-21 21:00:00+00:00,2026-02-22 18:00:00+00:00,56929.82,58814.53944200166
2026-02-21 21:00:00+00:00,2026-02-22 19:00:00+00:00,54813.53,57255.42314984213
2026-02-21 21:00:00+00:00,2026-02-22 20:00:00+00:00,53843.28,56954.520330028055
2026-02-21 21:00:00+00:00,2026-02-22 21:00:00+00:00,52522.56,55874.32439776656
2026-02-22 21:00:00+00:00,2026-02-22 22:00:00+00:00,50112.63,50200.00121737819
2026-02-22 21:00:00+00:00,2026-02-22 23:00:00+00:00,47163.43,49040.59638081663
2026-02-22 21:00:00+00:00,2026-02-23 00:00:00+00:00,45620.44,48888.798078289175
2026-02-22 21:00:00+00:00,2026-02-23 01:00:00+00:00,45478.89,48982.11726675972
2026-02-22 21:00:00+00:00,2026-02-23 02:00:00+00:00,46404.32,49829.62876110038
2026-02-22 21:00:00+00:00,2026-02-23 03:00:00+00:00,48606.6,51549.77847736626
2026-02-22 21:00:00+00:00,2026-02-23 04:00:00+00:00,52488.21,55497.587743410215
2026-02-22 21:00:00+00:00,2026-02-23 05:00:00+00:00,60535.89,63295.15409528914
2026-02-22 21:00:00+00:00,2026-02-23 06:00:00+00:00,66101.03,68908.7528496491
2026-02-22 21:00:00+00:00,2026-02-23 07:00:00+00:00,68629.5,71511.33507029041
2026-02-22 21:00:00+00:00,2026-02-23 08:00:00+00:00,68992.01,71655.57680265896
2026-02-22 21:00:00+00:00,2026-02-23 09:00:00+00:00,69086.34,71541.51956167574
2026-02-22 21:00:00+00:00,2026-02-23 10:00:00+00:00,69057.06,71337.587797068
2026-02-22 21:00:00+00:00,2026-02-23 11:00:00+00:00,68845.82,70474.47353209551
2026-02-22 21:00:00+00:00,2026-02-23 12:00:00+00:00,68317.4,69109.70149700377
2026-02-22 21:00:00+00:00,2026-02-23 13:00:00+00:00,66938.52,68251.26134142805
2026-02-22 21:00:00+00:00,2026-02-23 14:00:00+00:00,66006.74,67864.12902899487
2026-02-22 21:00:00+00:00,2026-02-23 15:00:00+00:00,66011.75,68341.78002095061
2026-02-22 21:00:00+00:00,2026-02-23 16:00:00+00:00,68687.36,70557.18761134682
2026-02-22 21:00:00+00:00,2026-02-23 17:00:00+00:00,69390.3,71420.59106023777
2026-02-22 21:00:00+00:00,2026-02-23 18:00:00+00:00,67539.86,69926.62532758381
2026-02-22 21:00:00+00:00,2026-02-23 19:00:00+00:00,63964.69,66078.62953217895
2026-02-22 21:00:00+00:00,2026-02-23 20:00:00+00:00,60056.32,62646.318455818764
2026-02-22 21:00:00+00:00,2026-02-23 21:00:00+00:00,56535.12,59381.27158797063
2026-02-23 21:00:00+00:00,2026-02-23 22:00:00+00:00,53074.09,54016.646532931845
2026-02-23 21:00:00+00:00,2026-02-23 23:00:00+00:00,50220.52,50569.21783207876
2026-02-23 21:00:00+00:00,2026-02-24 00:00:00+00:00,48350.07,48679.8140284415
2026-02-23 21:00:00+00:00,2026-02-24 01:00:00+00:00,47506.52,48030.84781842826
2026-02-23 21:00:00+00:00,2026-02-24 02:00:00+00:00,47668.45,48072.850251070144
2026-02-23 21:00:00+00:00,2026-02-24 03:00:00+00:00,49154.35,49667.2645327094
2026-02-23 21:00:00+00:00,2026-02-24 04:00:00+00:00,52048.17,53838.15348102789
2026-02-23 21:00:00+00:00,2026-02-24 05:00:00+00:00,60044.02,61858.38148899159
2026-02-23 21:00:00+00:00,2026-02-24 06:00:00+00:00,65309.58,67258.55630853707
2026-02-23 21:00:00+00:00,2026-02-24 07:00:00+00:00,67259.35,69887.76466478083
2026-02-23 21:00:00+00:00,2026-02-24 08:00:00+00:00,66923.39,69828.15455617027
2026-02-23 21:00:00+00:00,2026-02-24 09:00:00+00:00,67496.57,69774.13720558838
2026-02-23 21:00:00+00:00,2026-02-24 10:00:00+00:00,66690.82,69678.99157294237
2026-02-23 21:00:00+00:00,2026-02-24 11:00:00+00:00,66239.45,69013.55621040148
2026-02-23 21:00:00+00:00,2026-02-24 12:00:00+00:00,65026.51,67878.87028701103
2026-02-23 21:00:00+00:00,2026-02-24 13:00:00+00:00,63744.74,66746.98637303383
2026-02-23 21:00:00+00:00,2026-02-24 14:00:00+00:00,63110.57,66314.01777448774
2026-02-23 21:00:00+00:00,2026-02-24 15:00:00+00:00,63554.09,66524.22377070671
2026-02-23 21:00:00+00:00,2026-02-24 16:00:00+00:00,66048.38,68546.53352492636
2026-02-23 21:00:00+00:00,2026-02-24 17:00:00+00:00,67421.2,69382.30916453442
2026-02-23 21:00:00+00:00,2026-02-24 18:00:00+00:00,66245.08,67971.29952695828
2026-02-23 21:00:00+00:00,2026-02-24 19:00:00+00:00,62864.69,64710.20510310154
2026-02-23 21:00:00+00:00,2026-02-24 20:00:00+00:00,59087.22,61743.98216428961
2026-02-23 21:00:00+00:00,2026-02-24 21:00:00+00:00,55260.67,58454.16344749511
2026-02-24 21:00:00+00:00,2026-02-24 22:00:00+00:00,51784.64,51796.32633080663
2026-02-24 21:00:00+00:00,2026-02-24 23:00:00+00:00,48787.6,49002.327153643324
2026-02-24 21:00:00+00:00,2026-02-25 00:00:00+00:00,46964.06,47786.66791388137
2026-02-24 21:00:00+00:00,2026-02-25 01:00:00+00:00,46397.38,47358.49427476946
2026-02-24 21:00:00+00:00,2026-02-25 02:00:00+00:00,46600.41,47826.00268903615
2026-02-24 21:00:00+00:00,2026-02-25 03:00:00+00:00,48385.07,49942.67396208828
2026-02-24 21:00:00+00:00,2026-02-25 04:00:00+00:00,52251.3,53526.59317404113
2026-02-24 21:00:00+00:00,2026-02-25 05:00:00+00:00,59475.42,61077.82652147996
2026-02-24 21:00:00+00:00,2026-02-25 06:00:00+00:00,64454.14,66189.1991624626
2026-02-24 21:00:00+00:00,2026-02-25 07:00:00+00:00,66238.63,68517.49467246459
2026-02-24 21:00:00+00:00,2026-02-25 08:00:00+00:00,66323.88,68389.47330508962
2026-02-24 21:00:00+00:00,2026-02-25 09:00:00+00:00,65974.51,68283.90604301436
2026-02-24 21:00:00+00:00,2026-02-25 10:00:00+00:00,65174.42,68099.75357997217
2026-02-24 21:00:00+00:00,2026-02-25 11:00:00+00:00,63648.25,67556.1990954457
2026-02-24 21:00:00+00:00,2026-02-25 12:00:00+00:00,61640.4,66260.79331596402
2026-02-24 21:00:00+00:00,2026-02-25 13:00:00+00:00,60048.37,64747.44909159577
2026-02-24 21:00:00+00:00,2026-02-25 14:00:00+00:00,59455.33,64279.91538122435
2026-02-24 21:00:00+00:00,2026-02-25 15:00:00+00:00,60796.42,64904.80168125187
2026-02-24 21:00:00+00:00,2026-02-25 16:00:00+00:00,64026.49,67546.06895913818
2026-02-24 21:00:00+00:00,2026-02-25 17:00:00+00:00,66347.77,68283.65330152474
2026-02-24 21:00:00+00:00,2026-02-25 18:00:00+00:00,66479.96,66893.38524735453
2026-02-24 21:00:00+00:00,2026-02-25 19:00:00+00:00,64141.69,64078.555958000296
2026-02-24 21:00:00+00:00,2026-02-25 20:00:00+00:00,61497.4,60401.31661709541
2026-02-24 21:00:00+00:00,2026-02-25 21:00:00+00:00,57617.36,56812.011704552126
2026-02-25 21:00:00+00:00,2026-02-25 22:00:00+00:00,54162.86,54299.207842961616
2026-02-25 21:00:00+00:00,2026-02-25 23:00:00+00:00,51544.48,50811.21026592296
2026-02-25 21:00:00+00:00,2026-02-26 00:00:00+00:00,49356.58,48895.24256107953
2026-02-25 21:00:00+00:00,2026-02-26 01:00:00+00:00,48431.07,48985.543301710466
2026-02-25 21:00:00+00:00,2026-02-26 02:00:00+00:00,48689.12,49624.40056104193
2026-02-25 21:00:00+00:00,2026-02-26 03:00:00+00:00,50634.11,50889.907060474325
2026-02-25 21:00:00+00:00,2026-02-26 04:00:00+00:00,54550.34,54450.983313125435
2026-02-25 21:00:00+00:00,2026-02-26 05:00:00+00:00,61699.46,61721.93805536015
2026-02-25 21:00:00+00:00,2026-02-26 06:00:00+00:00,66509.81,66434.19389846092
2026-02-25 21:00:00+00:00,2026-02-26 07:00:00+00:00,68879.62,68457.04676079229
2026-02-25 21:00:00+00:00,2026-02-26 08:00:00+00:00,68612.06,68152.14536493747
2026-02-25 21:00:00+00:00,2026-02-26 09:00:00+00:00,67455.68,67947.47055599722
2026-02-25 21:00:00+00:00,2026-02-26 10:00:00+00:00,65917.79,67488.72984333445
2026-02-25 21:00:00+00:00,2026-02-26 11:00:00+00:00,64091.8,66621.36884779042
2026-02-25 21:00:00+00:00,2026-02-26 12:00:00+00:00,61426.79,65243.34616585937
2026-02-25 21:00:00+00:00,2026-02-26 13:00:00+00:00,59782.53,63968.87820683188
2026-02-25 21:00:00+00:00,2026-02-26 14:00:00+00:00,59576.85,63202.52670859483
2026-02-25 21:00:00+00:00,2026-02-26 15:00:00+00:00,60814.49,63900.00935936398
2026-02-25 21:00:00+00:00,2026-02-26 16:00:00+00:00,64277.59,66636.41750249799
2026-02-25 21:00:00+00:00,2026-02-26 17:00:00+00:00,66537.42,67663.77732001265
2026-02-25 21:00:00+00:00,2026-02-26 18:00:00+00:00,65702.93,66595.19808331587
2026-02-25 21:00:00+00:00,2026-02-26 19:00:00+00:00,62582.04,63426.642818295295
2026-02-25 21:00:00+00:00,2026-02-26 20:00:00+00:00,59270.97,60802.483264085546
2026-02-25 21:00:00+00:00,2026-02-26 21:00:00+00:00,56520.89,57701.09013410777
2026-02-26 21:00:00+00:00,2026-02-26 22:00:00+00:00,52837.08,54013.934258409376
2026-02-26 21:00:00+00:00,2026-02-26 23:00:00+00:00,49621.12,50692.102860112835
2026-02-26 21:00:00+00:00,2026-02-27 00:00:00+00:00,47547.19,48673.833574802884
2026-02-26 21:00:00+00:00,2026-02-27 01:00:00+00:00,46953.67,48183.52675928013
2026-02-26 21:00:00+00:00,2026-02-27 02:00:00+00:00,47840.14,49140.720491722095
2026-02-26 21:00:00+00:00,2026-02-27 03:00:00+00:00,49747.38,50990.17577355686
2026-02-26 21:00:00+00:00,2026-02-27 04:00:00+00:00,53094.34,54841.11622252992
2026-02-26 21:00:00+00:00,2026-02-27 05:00:00+00:00,60443.29,61911.72036483266
2026-02-26 21:00:00+00:00,2026-02-27 06:00:00+00:00,65237.22,67297.10383676885
2026-02-26 21:00:00+00:00,2026-02-27 07:00:00+00:00,67181.43,69442.64369763748
2026-02-26 21:00:00+00:00,2026-02-27 08:00:00+00:00,66066.16,68908.95457323699
2026-02-26 21:00:00+00:00,2026-02-27 09:00:00+00:00,65157.06,68320.73757206465
2026-02-26 21:00:00+00:00,2026-02-27 10:00:00+00:00,63064.12,67236.23365781755
2026-02-26 21:00:00+00:00,2026-02-27 11:00:00+00:00,60385.94,65789.10994790566
2026-02-26 21:00:00+00:00,2026-02-27 12:00:00+00:00,58139.94,63757.189180521644
2026-02-26 21:00:00+00:00,2026-02-27 13:00:00+00:00,56760.0,61903.411968437154
2026-02-26 21:00:00+00:00,2026-02-27 14:00:00+00:00,55918.29,61548.311786315746
2026-02-26 21:00:00+00:00,2026-02-27 15:00:00+00:00,57089.7,61833.75796380779
2026-02-26 21:00:00+00:00,2026-02-27 16:00:00+00:00,60718.72,63686.18955680494
2026-02-26 21:00:00+00:00,2026-02-27 17:00:00+00:00,63027.58,64638.30343973296
2026-02-26 21:00:00+00:00,2026-02-27 18:00:00+00:00,61822.66,63588.59332843952
2026-02-26 21:00:00+00:00,2026-02-27 19:00:00+00:00,59006.74,60680.9835727505
2026-02-26 21:00:00+00:00,2026-02-27 20:00:00+00:00,55436.17,57241.31328041081
2026-02-26 21:00:00+00:00,2026-02-27 21:00:00+00:00,51920.41,55202.29307274682
2026-02-27 21:00:00+00:00,2026-02-27 22:00:00+00:00,48622.63,49375.50277352546
2026-02-27 21:00:00+00:00,2026-02-27 23:00:00+00:00,45245.45,47443.78437971887
2026-02-27 21:00:00+00:00,2026-02-28 00:00:00+00:00,43510.26,46006.46047609582
2026-02-27 21:00:00+00:00,2026-02-28 01:00:00+00:00,42059.28,44814.62677055751
2026-02-27 21:00:00+00:00,2026-02-28 02:00:00+00:00,41514.19,45109.78269893036
2026-02-27 21:00:00+00:00,2026-02-28 03:00:00+00:00,42331.26,46030.477747481666
2026-02-27 21:00:00+00:00,2026-02-28 04:00:00+00:00,42731.68,47574.48411190585
2026-02-27 21:00:00+00:00,2026-02-28 05:00:00+00:00,44098.01,50278.08602285589
2026-02-27 21:00:00+00:00,2026-02-28 06:00:00+00:00,46923.16,53404.26082742672
2026-02-27 21:00:00+00:00,2026-02-28 07:00:00+00:00,50782.96,56483.862515529814
2026-02-27 21:00:00+00:00,2026-02-28 08:00:00+00:00,53402.43,58444.596451707475
2026-02-27 21:00:00+00:00,2026-02-28 09:00:00+00:00,53923.59,58945.364361785854
2026-02-27 21:00:00+00:00,2026-02-28 10:00:00+00:00,53785.04,58721.616710342845
2026-02-27 21:00:00+00:00,2026-02-28 11:00:00+00:00,52911.1,57682.00438840131
2026-02-27 21:00:00+00:00,2026-02-28 12:00:00+00:00,51049.95,55714.65759474229
2026-02-27 21:00:00+00:00,2026-02-28 13:00:00+00:00,50126.89,54887.5892241489
2026-02-27 21:00:00+00:00,2026-02-28 14:00:00+00:00,51015.34,54227.58038920554
2026-02-27 21:00:00+00:00,2026-02-28 15:00:00+00:00,51825.56,54828.67219732806
2026-02-27 21:00:00+00:00,2026-02-28 16:00:00+00:00,54566.5,56761.62316044522
2026-02-27 21:00:00+00:00,2026-02-28 17:00:00+00:00,56967.84,57578.226424825174
2026-02-27 21:00:00+00:00,2026-02-28 18:00:00+00:00,55146.83,55838.996251997225
2026-02-27 21:00:00+00:00,2026-02-28 19:00:00+00:00,52582.3,53481.96216627873
2026-02-27 21:00:00+00:00,2026-02-28 20:00:00+00:00,51228.94,51411.66776255614
2026-02-27 21:00:00+00:00,2026-02-28 21:00:00+00:00,49835.41,49350.23469074485
2026-02-28 21:00:00+00:00,2026-02-28 22:00:00+00:00,47381.09,46728.60814006264
2026-02-28 21:00:00+00:00,2026-02-28 23:00:00+00:00,44872.51,44092.978165417844
2026-02-28 21:00:00+00:00,2026-03-01 00:00:00+00:00,43300.45,42182.752282544316
2026-02-28 21:00:00+00:00,2026-03-01 01:00:00+00:00,41849.52,40942.40629233114
2026-02-28 21:00:00+00:00,2026-03-01 02:00:00+00:00,41528.47,40740.854500053836
2026-02-28 21:00:00+00:00,2026-03-01 03:00:00+00:00,41990.47,40251.323456565326
2026-02-28 21:00:00+00:00,2026-03-01 04:00:00+00:00,42379.64,40301.027288511876
2026-02-28 21:00:00+00:00,2026-03-01 05:00:00+00:00,42793.3,41042.807984963285
2026-02-28 21:00:00+00:00,2026-03-01 06:00:00+00:00,44189.38,42878.137945653536
2026-02-28 21:00:00+00:00,2026-03-01 07:00:00+00:00,47085.15,45001.56878027316
2026-02-28 21:00:00+00:00,2026-03-01 08:00:00+00:00,50235.36,47850.608684083825
2026-02-28 21:00:00+00:00,2026-03-01 09:00:00+00:00,51618.61,50517.69886324871
2026-02-28 21:00:00+00:00,2026-03-01 10:00:00+00:00,51843.29,52702.05992511797
2026-02-28 21:00:00+00:00,2026-03-01 11:00:00+00:00,50741.54,52043.526722346876
2026-02-28 21:00:00+00:00,2026-03-01 12:00:00+00:00,49172.15,50467.3648450852
2026-02-28 21:00:00+00:00,2026-03-01 13:00:00+00:00,47104.16,49924.648374480275
2026-02-28 21:00:00+00:00,2026-03-01 14:00:00+00:00,46858.42,50423.57178330993
2026-02-28 21:00:00+00:00,2026-03-01 15:00:00+00:00,48006.72,51895.01472029546
2026-02-28 21:00:00+00:00,2026-03-01 16:00:00+00:00,51723.56,54165.71537487107
2026-02-28 21:00:00+00:00,2026-03-01 17:00:00+00:00,54534.11,55336.3254510107
2026-02-28 21:00:00+00:00,2026-03-01 18:00:00+00:00,54362.02,53974.8895191454
2026-02-28 21:00:00+00:00,2026-03-01 19:00:00+00:00,52406.88,52123.5786229995
2026-02-28 21:00:00+00:00,2026-03-01 20:00:00+00:00,50961.69,50798.76685159382
2026-02-28 21:00:00+00:00,2026-03-01 21:00:00+00:00,49663.85,49426.476283381686
2026-03-01 21:00:00+00:00,2026-03-01 22:00:00+00:00,47669.59,47221.323737589235
2026-03-01 21:00:00+00:00,2026-03-01 23:00:00+00:00,45935.04,45092.17337670328
2026-03-01 21:00:00+00:00,2026-03-02 00:00:00+00:00,43295.97,43384.370539656054
2026-03-01 21:00:00+00:00,2026-03-02 01:00:00+00:00,44584.81,42538.276884436804
2026-03-01 21:00:00+00:00,2026-03-02 02:00:00+00:00,45128.98,42712.69796574562
2026-03-01 21:00:00+00:00,2026-03-02 03:00:00+00:00,46612.71,43841.7105007131
2026-03-01 21:00:00+00:00,2026-03-02 04:00:00+00:00,50394.99,46661.611654878005
2026-03-01 21:00:00+00:00,2026-03-02 05:00:00+00:00,58749.91,51893.00745004675
2026-03-01 21:00:00+00:00,2026-03-02 06:00:00+00:00,63296.85,57563.007323290214
2026-03-01 21:00:00+00:00,2026-03-02 07:00:00+00:00,64868.44,60943.70238249037
2026-03-01 21:00:00+00:00,2026-03-02 08:00:00+00:00,64229.15,62158.76292943788
2026-03-01 21:00:00+00:00,2026-03-02 09:00:00+00:00,62624.97,62773.36733672583
2026-03-01 21:00:00+00:00,2026-03-02 10:00:00+00:00,60621.39,63076.15012190714
2026-03-01 21:00:00+00:00,2026-03-02 11:00:00+00:00,59021.81,62115.388913326075
2026-03-01 21:00:00+00:00,2026-03-02 12:00:00+00:00,57531.02,61057.77508511403
2026-03-01 21:00:00+00:00,2026-03-02 13:00:00+00:00,56294.0,60009.26080571856
2026-03-01 21:00:00+00:00,2026-03-02 14:00:00+00:00,56032.76,59516.929785689725
2026-03-01 21:00:00+00:00,2026-03-02 15:00:00+00:00,57341.75,60519.388697047296
2026-03-01 21:00:00+00:00,2026-03-02 16:00:00+00:00,61192.68,62635.42615548627
2026-03-01 21:00:00+00:00,2026-03-02 17:00:00+00:00,64154.73,63813.16658166583
2026-03-01 21:00:00+00:00,2026-03-02 18:00:00+00:00,63197.91,62747.91852735719
2026-03-01 21:00:00+00:00,2026-03-02 19:00:00+00:00,59812.53,59792.467952838975
2026-03-01 21:00:00+00:00,2026-03-02 20:00:00+00:00,56752.91,56204.932263534705
2026-03-01 21:00:00+00:00,2026-03-02 21:00:00+00:00,53939.08,53309.17686500614
2026-03-02 21:00:00+00:00,2026-03-02 22:00:00+00:00,50527.63,50456.0662475488
2026-03-02 21:00:00+00:00,2026-03-02 23:00:00+00:00,46596.05,47619.47289193627
2026-03-02 21:00:00+00:00,2026-03-03 00:00:00+00:00,45012.52,46105.0504755132
2026-03-02 21:00:00+00:00,2026-03-03 01:00:00+00:00,44332.54,45214.02450376904
2026-03-02 21:00:00+00:00,2026-03-03 02:00:00+00:00,44807.1,45560.65231893407
2026-03-02 21:00:00+00:00,2026-03-03 03:00:00+00:00,46876.2,47254.49610640707
2026-03-02 21:00:00+00:00,2026-03-03 04:00:00+00:00,51065.53,50897.254308206124
2026-03-02 21:00:00+00:00,2026-03-03 05:00:00+00:00,58456.54,58333.72361340785
2026-03-02 21:00:00+00:00,2026-03-03 06:00:00+00:00,63017.31,63437.05448593276
2026-03-02 21:00:00+00:00,2026-03-03 07:00:00+00:00,64926.82,65534.49397179746
2026-03-02 21:00:00+00:00,2026-03-03 08:00:00+00:00,64007.35,65283.438147727575
2026-03-02 21:00:00+00:00,2026-03-03 09:00:00+00:00,62418.44,65193.53716980615
2026-03-02 21:00:00+00:00,2026-03-03 10:00:00+00:00,60675.28,64954.344912287735
2026-03-02 21:00:00+00:00,2026-03-03 11:00:00+00:00,59409.08,64140.95663645435
2026-03-02 21:00:00+00:00,2026-03-03 12:00:00+00:00,58144.36,62242.10082024823
2026-03-02 21:00:00+00:00,2026-03-03 13:00:00+00:00,57089.07,60978.891090576486
2026-03-02 21:00:00+00:00,2026-03-03 14:00:00+00:00,57509.67,60392.210515184604
2026-03-02 21:00:00+00:00,2026-03-03 15:00:00+00:00,58843.95,60667.1607390358
2026-03-02 21:00:00+00:00,2026-03-03 16:00:00+00:00,62149.9,63235.01297392443
2026-03-02 21:00:00+00:00,2026-03-03 17:00:00+00:00,64762.45,64885.354207902725
2026-03-02 21:00:00+00:00,2026-03-03 18:00:00+00:00,63818.33,64438.17326333696
2026-03-02 21:00:00+00:00,2026-03-03 19:00:00+00:00,60373.38,61516.689410432184
2026-03-02 21:00:00+00:00,2026-03-03 20:00:00+00:00,56516.13,58261.25068111641
2026-03-02 21:00:00+00:00,2026-03-03 21:00:00+00:00,53861.26,54676.2899844797
2026-03-03 21:00:00+00:00,2026-03-03 22:00:00+00:00,50444.62,50230.28319279485
2026-03-03 21:00:00+00:00,2026-03-03 23:00:00+00:00,48915.67,47154.16900176482
2026-03-03 21:00:00+00:00,2026-03-04 00:00:00+00:00,47350.47,45284.92085309393
2026-03-03 21:00:00+00:00,2026-03-04 01:00:00+00:00,46645.24,44621.832675671525
2026-03-03 21:00:00+00:00,2026-03-04 02:00:00+00:00,46873.1,45010.58213719042
2026-03-03 21:00:00+00:00,2026-03-04 03:00:00+00:00,49045.91,46542.82730077373
2026-03-03 21:00:00+00:00,2026-03-04 04:00:00+00:00,52275.2,49989.40008654318
2026-03-03 21:00:00+00:00,2026-03-04 05:00:00+00:00,60089.95,57545.3220596132
2026-03-03 21:00:00+00:00,2026-03-04 06:00:00+00:00,64408.41,62614.85228654992
2026-03-03 21:00:00+00:00,2026-03-04 07:00:00+00:00,66121.14,64644.592882060955
2026-03-03 21:00:00+00:00,2026-03-04 08:00:00+00:00,65381.79,64488.009726463504
2026-03-03 21:00:00+00:00,2026-03-04 09:00:00+00:00,63090.55,64073.40076378895
2026-03-03 21:00:00+00:00,2026-03-04 10:00:00+00:00,61193.42,63630.329394249966
2026-03-03 21:00:00+00:00,2026-03-04 11:00:00+00:00,59756.2,62213.35098793693
2026-03-03 21:00:00+00:00,2026-03-04 12:00:00+00:00,58389.64,60911.86337765604
2026-03-03 21:00:00+00:00,2026-03-04 13:00:00+00:00,56736.46,59493.36417932929
2026-03-03 21:00:00+00:00,2026-03-04 14:00:00+00:00,57744.96,58377.67625218262
2026-03-03 21:00:00+00:00,2026-03-04 15:00:00+00:00,59054.89,57960.85406836776
2026-03-03 21:00:00+00:00,2026-03-04 16:00:00+00:00,62828.55,60785.52061275584
2026-03-03 21:00:00+00:00,2026-03-04 17:00:00+00:00,64845.76,62948.437632837384
2026-03-03 21:00:00+00:00,2026-03-04 18:00:00+00:00,64198.3,62339.85557417776
2026-03-03 21:00:00+00:00,2026-03-04 19:00:00+00:00,61027.33,59350.01978214102
2026-03-03 21:00:00+00:00,2026-03-04 20:00:00+00:00,57427.47,56716.53560439923
2026-03-03 21:00:00+00:00,2026-03-04 21:00:00+00:00,54287.54,53644.04597188744
2026-03-04 21:00:00+00:00,2026-03-04 22:00:00+00:00,50880.53,50537.64133117174
2026-03-04 21:00:00+00:00,2026-03-04 23:00:00+00:00,47615.62,47846.09704728572
2026-03-04 21:00:00+00:00,2026-03-05 00:00:00+00:00,45680.09,46601.18902733728
2026-03-04 21:00:00+00:00,2026-03-05 01:00:00+00:00,45036.19,46245.730991428216
2026-03-04 21:00:00+00:00,2026-03-05 02:00:00+00:00,45472.11,46801.80981135661
2026-03-04 21:00:00+00:00,2026-03-05 03:00:00+00:00,47731.84,48448.525458510514
2026-03-04 21:00:00+00:00,2026-03-05 04:00:00+00:00,51703.68,52522.472848768084
2026-03-04 21:00:00+00:00,2026-03-05 05:00:00+00:00,58996.48,60294.541066481645
2026-03-04 21:00:00+00:00,2026-03-05 06:00:00+00:00,63369.27,65111.384915811504
2026-03-04 21:00:00+00:00,2026-03-05 07:00:00+00:00,65339.0,66653.26155997325
2026-03-04 21:00:00+00:00,2026-03-05 08:00:00+00:00,64241.7,65840.19398826803
2026-03-04 21:00:00+00:00,2026-03-05 09:00:00+00:00,61798.63,64988.882424372314
2026-03-04 21:00:00+00:00,2026-03-05 10:00:00+00:00,59876.41,64191.659647331515
2026-03-04 21:00:00+00:00,2026-03-05 11:00:00+00:00,57767.25,62441.493137404446
2026-03-04 21:00:00+00:00,2026-03-05 12:00:00+00:00,57114.86,61039.298382274676
2026-03-04 21:00:00+00:00,2026-03-05 13:00:00+00:00,55702.48,59335.852427764534
2026-03-04 21:00:00+00:00,2026-03-05 14:00:00+00:00,55992.33,58785.65213139227
2026-03-04 21:00:00+00:00,2026-03-05 15:00:00+00:00,57673.77,58889.569582317534
2026-03-04 21:00:00+00:00,2026-03-05 16:00:00+00:00,61082.26,61765.647375915236
2026-03-04 21:00:00+00:00,2026-03-05 17:00:00+00:00,63721.86,64208.2411353929
2026-03-04 21:00:00+00:00,2026-03-05 18:00:00+00:00,63944.81,64008.52532670968
2026-03-04 21:00:00+00:00,2026-03-05 19:00:00+00:00,61209.28,61034.150360179665
2026-03-04 21:00:00+00:00,2026-03-05 20:00:00+00:00,57874.98,57588.750800635506
2026-03-04 21:00:00+00:00,2026-03-05 21:00:00+00:00,54068.64,54349.25803250852
2026-03-05 21:00:00+00:00,2026-03-05 22:00:00+00:00,50421.87,50376.87371634894
2026-03-05 21:00:00+00:00,2026-03-05 23:00:00+00:00,48067.52,47540.460088236985
2026-03-05 21:00:00+00:00,2026-03-06 00:00:00+00:00,46152.85,45755.33849206668
2026-03-05 21:00:00+00:00,2026-03-06 01:00:00+00:00,45362.14,44903.28870317992
2026-03-05 21:00:00+00:00,2026-03-06 02:00:00+00:00,46256.61,45252.19237835322
2026-03-05 21:00:00+00:00,2026-03-06 03:00:00+00:00,47941.31,46704.74666209096
2026-03-05 21:00:00+00:00,2026-03-06 04:00:00+00:00,52050.95,50247.46614143865
2026-03-05 21:00:00+00:00,2026-03-06 05:00:00+00:00,59816.64,57643.0630054912
2026-03-05 21:00:00+00:00,2026-03-06 06:00:00+00:00,63923.91,62699.1572176854
2026-03-05 21:00:00+00:00,2026-03-06 07:00:00+00:00,65721.99,64839.5691416627
2026-03-05 21:00:00+00:00,2026-03-06 08:00:00+00:00,64385.02,64419.0518665321
2026-03-05 21:00:00+00:00,2026-03-06 09:00:00+00:00,62504.41,63936.808364848686
2026-03-05 21:00:00+00:00,2026-03-06 10:00:00+00:00,61376.69,63111.41077798235
2026-03-05 21:00:00+00:00,2026-03-06 11:00:00+00:00,59895.58,62022.27609167619
2026-03-05 21:00:00+00:00,2026-03-06 12:00:00+00:00,57778.71,60726.51949530567
2026-03-05 21:00:00+00:00,2026-03-06 13:00:00+00:00,55839.65,59274.75513697135
2026-03-05 21:00:00+00:00,2026-03-06 14:00:00+00:00,55336.92,58996.72901803567
2026-03-05 21:00:00+00:00,2026-03-06 15:00:00+00:00,56810.34,58918.54664075554
2026-03-05 21:00:00+00:00,2026-03-06 16:00:00+00:00,59504.75,60974.9022173172
2026-03-05 21:00:00+00:00,2026-03-06 17:00:00+00:00,61613.59,62760.227174219246
2026-03-05 21:00:00+00:00,2026-03-06 18:00:00+00:00,60787.03,61967.9095279792
2026-03-05 21:00:00+00:00,2026-03-06 19:00:00+00:00,57074.43,59121.102556492486
2026-03-05 21:00:00+00:00,2026-03-06 20:00:00+00:00,53967.85,55581.07996515826
2026-03-05 21:00:00+00:00,2026-03-06 21:00:00+00:00,51077.29,52286.4187321822
2026-03-06 21:00:00+00:00,2026-03-06 22:00:00+00:00,48235.21,48130.929583132616
2026-03-06 21:00:00+00:00,2026-03-06 23:00:00+00:00,45100.7,45463.58271823186
2026-03-06 21:00:00+00:00,2026-03-07 00:00:00+00:00,43251.68,43579.50654841026
2026-03-06 21:00:00+00:00,2026-03-07 01:00:00+00:00,42081.23,42273.2814119364
2026-03-06 21:00:00+00:00,2026-03-07 02:00:00+00:00,41935.68,42344.424255209036
2026-03-06 21:00:00+00:00,2026-03-07 03:00:00+00:00,42535.1,42994.93377055988
2026-03-06 21:00:00+00:00,2026-03-07 04:00:00+00:00,43336.43,43317.26066256747
2026-03-06 21:00:00+00:00,2026-03-07 05:00:00+00:00,45276.52,44341.047147611454
2026-03-06 21:00:00+00:00,2026-03-07 06:00:00+00:00,47696.4,46616.6232179519
2026-03-06 21:00:00+00:00,2026-03-07 07:00:00+00:00,50397.25,49169.4449296862
2026-03-06 21:00:00+00:00,2026-03-07 08:00:00+00:00,52136.69,51705.56863879154
2026-03-06 21:00:00+00:00,2026-03-07 09:00:00+00:00,52013.03,52876.19772868529
2026-03-06 21:00:00+00:00,2026-03-07 10:00:00+00:00,50714.69,53074.76822678526
2026-03-06 21:00:00+00:00,2026-03-07 11:00:00+00:00,49371.51,52523.19857618079
2026-03-06 21:00:00+00:00,2026-03-07 12:00:00+00:00,47743.46,50277.02878324528
2026-03-06 21:00:00+00:00,2026-03-07 13:00:00+00:00,46195.83,49135.46326036366
2026-03-06 21:00:00+00:00,2026-03-07 14:00:00+00:00,45948.04,48689.130160856985
2026-03-06 21:00:00+00:00,2026-03-07 15:00:00+00:00,47414.98,49735.81495893945
2026-03-06 21:00:00+00:00,2026-03-07 16:00:00+00:00,50416.83,52050.31863272983
2026-03-06 21:00:00+00:00,2026-03-07 17:00:00+00:00,52976.08,53806.15904062995
2026-03-06 21:00:00+00:00,2026-03-07 18:00:00+00:00,52169.73,53334.668395537694
2026-03-06 21:00:00+00:00,2026-03-07 19:00:00+00:00,49449.03,51437.69871735593
2026-03-06 21:00:00+00:00,2026-03-07 20:00:00+00:00,47298.64,49206.24606020256
2026-03-06 21:00:00+00:00,2026-03-07 21:00:00+00:00,45882.9,46997.98610556983
2026-03-07 21:00:00+00:00,2026-03-07 22:00:00+00:00,43177.41,45577.281265120764
2026-03-07 21:00:00+00:00,2026-03-07 23:00:00+00:00,40905.71,42965.25001090339
2026-03-07 21:00:00+00:00,2026-03-08 00:00:00+00:00,39330.45,40749.48084982281
2026-03-07 21:00:00+00:00,2026-03-08 01:00:00+00:00,38641.52,38941.88538076181
2026-03-07 21:00:00+00:00,2026-03-08 02:00:00+00:00,38566.15,38212.1026795714
2026-03-07 21:00:00+00:00,2026-03-08 03:00:00+00:00,39111.28,38486.46524608559
2026-03-07 21:00:00+00:00,2026-03-08 04:00:00+00:00,39778.8,38922.77344071713
2026-03-07 21:00:00+00:00,2026-03-08 05:00:00+00:00,40914.25,40136.59606680703
2026-03-07 21:00:00+00:00,2026-03-08 06:00:00+00:00,42453.8,41544.619042587285
2026-03-07 21:00:00+00:00,2026-03-08 07:00:00+00:00,45016.45,44723.75002063909
2026-03-07 21:00:00+00:00,2026-03-08 08:00:00+00:00,47633.75,48304.9835318107
2026-03-07 21:00:00+00:00,2026-03-08 09:00:00+00:00,48593.59,50662.43350326271
2026-03-07 21:00:00+00:00,2026-03-08 10:00:00+00:00,48632.4,51873.02325713513
2026-03-07 21:00:00+00:00,2026-03-08 11:00:00+00:00,46734.7,51278.538096250755
2026-03-07 21:00:00+00:00,2026-03-08 12:00:00+00:00,44464.14,49579.450450396456
2026-03-07 21:00:00+00:00,2026-03-08 13:00:00+00:00,43176.34,47934.60856385431
2026-03-07 21:00:00+00:00,2026-03-08 14:00:00+00:00,43106.89,46874.32280172295
2026-03-07 21:00:00+00:00,2026-03-08 15:00:00+00:00,44815.69,47369.20308482191
2026-03-07 21:00:00+00:00,2026-03-08 16:00:00+00:00,49272.92,49009.229067692984
2026-03-07 21:00:00+00:00,2026-03-08 17:00:00+00:00,53187.24,51316.99644999129
2026-03-07 21:00:00+00:00,2026-03-08 18:00:00+00:00,53345.55,51715.630335314396
2026-03-07 21:00:00+00:00,2026-03-08 19:00:00+00:00,51584.19,50214.07159368137
2026-03-07 21:00:00+00:00,2026-03-08 20:00:00+00:00,50143.91,49115.26166475948
2026-03-07 21:00:00+00:00,2026-03-08 21:00:00+00:00,49115.97,47311.75118757356
2026-03-08 21:00:00+00:00,2026-03-08 22:00:00+00:00,46647.11,46293.0577123029
2026-03-08 21:00:00+00:00,2026-03-08 23:00:00+00:00,44820.79,44009.984164905094
2026-03-08 21:00:00+00:00,2026-03-09 00:00:00+00:00,43653.27,42733.208767525655
2026-03-08 21:00:00+00:00,2026-03-09 01:00:00+00:00,42776.25,42668.35125473596
2026-03-08 21:00:00+00:00,2026-03-09 02:00:00+00:00,42853.63,43585.61930755819
2026-03-08 21:00:00+00:00,2026-03-09 03:00:00+00:00,44802.45,45403.3594764034
2026-03-08 21:00:00+00:00,2026-03-09 04:00:00+00:00,48578.27,50434.93912302411
2026-03-08 21:00:00+00:00,2026-03-09 05:00:00+00:00,57058.51,59914.44073273609
2026-03-08 21:00:00+00:00,2026-03-09 06:00:00+00:00,61656.74,64369.470849787016
2026-03-08 21:00:00+00:00,2026-03-09 07:00:00+00:00,63354.09,66486.02069716646
2026-03-08 21:00:00+00:00,2026-03-09 08:00:00+00:00,62561.54,66170.58737244163
2026-03-08 21:00:00+00:00,2026-03-09 09:00:00+00:00,60559.59,65938.02649727165
2026-03-08 21:00:00+00:00,2026-03-09 10:00:00+00:00,59029.04,65739.59100912814
2026-03-08 21:00:00+00:00,2026-03-09 11:00:00+00:00,58602.71,64608.62948085789
2026-03-08 21:00:00+00:00,2026-03-09 12:00:00+00:00,57133.82,63120.09606722519
2026-03-08 21:00:00+00:00,2026-03-09 13:00:00+00:00,56873.71,61636.68147955734
2026-03-08 21:00:00+00:00,2026-03-09 14:00:00+00:00,57225.43,60985.13984792685
2026-03-08 21:00:00+00:00,2026-03-09 15:00:00+00:00,58883.52,61111.18806879774
2026-03-08 21:00:00+00:00,2026-03-09 16:00:00+00:00,61763.33,63064.0804934909
2026-03-08 21:00:00+00:00,2026-03-09 17:00:00+00:00,64103.52,64545.03312782348
2026-03-08 21:00:00+00:00,2026-03-09 18:00:00+00:00,63289.92,63814.25417460575
2026-03-08 21:00:00+00:00,2026-03-09 19:00:00+00:00,59353.07,60578.48501912401
2026-03-08 21:00:00+00:00,2026-03-09 20:00:00+00:00,55738.5,56889.25394924367
2026-03-08 21:00:00+00:00,2026-03-09 21:00:00+00:00,52659.34,54005.11554306894
2026-03-09 21:00:00+00:00,2026-03-09 22:00:00+00:00,49725.87,49278.45382830354
2026-03-09 21:00:00+00:00,2026-03-09 23:00:00+00:00,46791.88,46502.13997820591
2026-03-09 21:00:00+00:00,2026-03-10 00:00:00+00:00,45202.13,44799.00874261371
2026-03-09 21:00:00+00:00,2026-03-10 01:00:00+00:00,44786.86,44419.62008318301
2026-03-09 21:00:00+00:00,2026-03-10 02:00:00+00:00,45401.01,44817.54759939034
2026-03-09 21:00:00+00:00,2026-03-10 03:00:00+00:00,46698.17,46322.27590010412
2026-03-09 21:00:00+00:00,2026-03-10 04:00:00+00:00,50497.69,49136.26606666698
2026-03-09 21:00:00+00:00,2026-03-10 05:00:00+00:00,57710.32,55930.504329963114
2026-03-09 21:00:00+00:00,2026-03-10 06:00:00+00:00,62105.29,61053.56247175773
2026-03-09 21:00:00+00:00,2026-03-10 07:00:00+00:00,63247.57,63442.80157408242
2026-03-09 21:00:00+00:00,2026-03-10 08:00:00+00:00,62332.46,62846.60464508851
2026-03-09 21:00:00+00:00,2026-03-10 09:00:00+00:00,60318.51,61681.657793251296
2026-03-09 21:00:00+00:00,2026-03-10 10:00:00+00:00,58701.08,60731.57335644225
2026-03-09 21:00:00+00:00,2026-03-10 11:00:00+00:00,57576.85,59207.842754207115
2026-03-09 21:00:00+00:00,2026-03-10 12:00:00+00:00,56983.11,58101.61154922014
2026-03-09 21:00:00+00:00,2026-03-10 13:00:00+00:00,56671.22,56292.08367236467
2026-03-09 21:00:00+00:00,2026-03-10 14:00:00+00:00,56819.91,56023.17583857578
2026-03-09 21:00:00+00:00,2026-03-10 15:00:00+00:00,57664.8,56978.193468659156
2026-03-09 21:00:00+00:00,2026-03-10 16:00:00+00:00,60732.1,60134.33575674211
2026-03-09 21:00:00+00:00,2026-03-10 17:00:00+00:00,63282.35,62340.89458688671
2026-03-09 21:00:00+00:00,2026-03-10 18:00:00+00:00,62841.72,61783.32288630434
2026-03-09 21:00:00+00:00,2026-03-10 19:00:00+00:00,59584.17,58426.80505795425
2026-03-09 21:00:00+00:00,2026-03-10 20:00:00+00:00,55776.77,54901.92401743657
2026-03-09 21:00:00+00:00,2026-03-10 21:00:00+00:00,51953.45,52187.87990832438
2026-03-10 21:00:00+00:00,2026-03-10 22:00:00+00:00,49008.14,48591.64333546291
2026-03-10 21:00:00+00:00,2026-03-10 23:00:00+00:00,45846.72,46369.88966973405
2026-03-10 21:00:00+00:00,2026-03-11 00:00:00+00:00,44731.16,44694.11335097321
2026-03-10 21:00:00+00:00,2026-03-11 01:00:00+00:00,44490.07,44456.223593389055
2026-03-10 21:00:00+00:00,2026-03-11 02:00:00+00:00,46437.91,44508.58411139637
2026-03-10 21:00:00+00:00,2026-03-11 03:00:00+00:00,48555.54,46658.371230093224
2026-03-10 21:00:00+00:00,2026-03-11 04:00:00+00:00,52028.7,50452.96390101546
2026-03-10 21:00:00+00:00,2026-03-11 05:00:00+00:00,58910.09,57436.72185067387
2026-03-10 21:00:00+00:00,2026-03-11 06:00:00+00:00,63111.88,61825.21988161031
2026-03-10 21:00:00+00:00,2026-03-11 07:00:00+00:00,64934.06,63219.340530490335
2026-03-10 21:00:00+00:00,2026-03-11 08:00:00+00:00,64883.27,62322.84895938541
2026-03-10 21:00:00+00:00,2026-03-11 09:00:00+00:00,64808.96,61168.14992892902
2026-03-10 21:00:00+00:00,2026-03-11 10:00:00+00:00,64669.92,60590.98746331743
2026-03-10 21:00:00+00:00,2026-03-11 11:00:00+00:00,63662.23,59147.666352526154
2026-03-10 21:00:00+00:00,2026-03-11 12:00:00+00:00,63297.52,57369.278834187135
2026-03-10 21:00:00+00:00,2026-03-11 13:00:00+00:00,61548.06,55871.6491755221
2026-03-10 21:00:00+00:00,2026-03-11 14:00:00+00:00,62478.38,55860.33111966723
2026-03-10 21:00:00+00:00,2026-03-11 15:00:00+00:00,63017.56,56767.38115039324
2026-03-10 21:00:00+00:00,2026-03-11 16:00:00+00:00,65941.35,58948.80998863553
2026-03-10 21:00:00+00:00,2026-03-11 17:00:00+00:00,67438.61,60907.86497995802
2026-03-10 21:00:00+00:00,2026-03-11 18:00:00+00:00,65335.24,60539.42130212093
2026-03-10 21:00:00+00:00,2026-03-11 19:00:00+00:00,62217.11,57133.636991624924
2026-03-10 21:00:00+00:00,2026-03-11 20:00:00+00:00,58654.55,54838.91636141517
2026-03-10 21:00:00+00:00,2026-03-11 21:00:00+00:00,54960.97,52119.563305472206
2026-03-11 21:00:00+00:00,2026-03-11 22:00:00+00:00,51737.02,51526.15956919314
2026-03-11 21:00:00+00:00,2026-03-11 23:00:00+00:00,49047.96,48793.781762466504
2026-03-11 21:00:00+00:00,2026-03-12 00:00:00+00:00,47427.58,46776.04265428489
2026-03-11 21:00:00+00:00,2026-03-12 01:00:00+00:00,46741.5,45994.85190774577
2026-03-11 21:00:00+00:00,2026-03-12 02:00:00+00:00,47510.59,46340.90860586581
2026-03-11 21:00:00+00:00,2026-03-12 03:00:00+00:00,48609.84,47698.040760824
2026-03-11 21:00:00+00:00,2026-03-12 04:00:00+00:00,52236.89,51102.285701218214
2026-03-11 21:00:00+00:00,2026-03-12 05:00:00+00:00,59458.21,59158.57703998454
2026-03-11 21:00:00+00:00,2026-03-12 06:00:00+00:00,64131.67,63514.826843769915
2026-03-11 21:00:00+00:00,2026-03-12 07:00:00+00:00,66406.22,65031.25745404763
2026-03-11 21:00:00+00:00,2026-03-12 08:00:00+00:00,65799.95,64622.84385042551
2026-03-11 21:00:00+00:00,2026-03-12 09:00:00+00:00,64924.59,64228.25038122737
2026-03-11 21:00:00+00:00,2026-03-12 10:00:00+00:00,64091.56,64322.15432414435
2026-03-11 21:00:00+00:00,2026-03-12 11:00:00+00:00,62815.79,63627.73874254991
2026-03-11 21:00:00+00:00,2026-03-12 12:00:00+00:00,61471.58,62060.837111827095
2026-03-11 21:00:00+00:00,2026-03-12 13:00:00+00:00,59737.45,60806.28925554095
2026-03-11 21:00:00+00:00,2026-03-12 14:00:00+00:00,60112.06,60478.60040990419
2026-03-11 21:00:00+00:00,2026-03-12 15:00:00+00:00,60478.6,60868.16662400954
2026-03-11 21:00:00+00:00,2026-03-12 16:00:00+00:00,62407.77,63694.21002736365
2026-03-11 21:00:00+00:00,2026-03-12 17:00:00+00:00,65420.66,66081.8889442978
2026-03-11 21:00:00+00:00,2026-03-12 18:00:00+00:00,66518.05,65652.95801429143
2026-03-11 21:00:00+00:00,2026-03-12 19:00:00+00:00,63671.03,62452.43118484699
2026-03-11 21:00:00+00:00,2026-03-12 20:00:00+00:00,60282.17,58903.71644527364
2026-03-11 21:00:00+00:00,2026-03-12 21:00:00+00:00,57003.53,55600.19875138717
2026-03-12 21:00:00+00:00,2026-03-12 22:00:00+00:00,53535.18,53544.630418279274
2026-03-12 21:00:00+00:00,2026-03-12 23:00:00+00:00,51058.42,50819.929983792106
2026-03-12 21:00:00+00:00,2026-03-13 00:00:00+00:00,49406.26,48893.61499719616
2026-03-12 21:00:00+00:00,2026-03-13 01:00:00+00:00,48914.28,48237.444809451816
2026-03-12 21:00:00+00:00,2026-03-13 02:00:00+00:00,49453.77,48038.55728261052
2026-03-12 21:00:00+00:00,2026-03-13 03:00:00+00:00,50915.02,49220.523360201645
2026-03-12 21:00:00+00:00,2026-03-13 04:00:00+00:00,54592.9,52683.19675763423
2026-03-12 21:00:00+00:00,2026-03-13 05:00:00+00:00,61241.99,59954.445977966454
2026-03-12 21:00:00+00:00,2026-03-13 06:00:00+00:00,63964.45,64660.50599852613
2026-03-12 21:00:00+00:00,2026-03-13 07:00:00+00:00,65832.51,66663.6241512484
2026-03-12 21:00:00+00:00,2026-03-13 08:00:00+00:00,65244.96,66768.06696126358
2026-03-12 21:00:00+00:00,2026-03-13 09:00:00+00:00,63208.3,66523.53058614081
2026-03-12 21:00:00+00:00,2026-03-13 10:00:00+00:00,61905.37,65580.66380602728
2026-03-12 21:00:00+00:00,2026-03-13 11:00:00+00:00,61207.13,64306.271751485394
2026-03-12 21:00:00+00:00,2026-03-13 12:00:00+00:00,59709.6,62867.87084094784
2026-03-12 21:00:00+00:00,2026-03-13 13:00:00+00:00,58806.86,61156.952775212325
2026-03-12 21:00:00+00:00,2026-03-13 14:00:00+00:00,59124.58,60427.073692753576
2026-03-12 21:00:00+00:00,2026-03-13 15:00:00+00:00,62298.75,60529.83618723744
2026-03-12 21:00:00+00:00,2026-03-13 16:00:00+00:00,63776.82,61965.80162058886
2026-03-12 21:00:00+00:00,2026-03-13 17:00:00+00:00,64067.08,64041.37889519359
2026-03-12 21:00:00+00:00,2026-03-13 18:00:00+00:00,62357.83,62292.00981538539
2026-03-12 21:00:00+00:00,2026-03-13 19:00:00+00:00,58572.11,59257.513965824364
2026-03-12 21:00:00+00:00,2026-03-13 20:00:00+00:00,55052.52,56378.78477644958
2026-03-12 21:00:00+00:00,2026-03-13 21:00:00+00:00,52004.15,53666.54542264427
2026-03-13 21:00:00+00:00,2026-03-13 22:00:00+00:00,49230.55,48708.5814417356
2026-03-13 21:00:00+00:00,2026-03-13 23:00:00+00:00,47011.94,45883.12255595068
2026-03-13 21:00:00+00:00,2026-03-14 00:00:00+00:00,44972.32,43769.46743809563
2026-03-13 21:00:00+00:00,2026-03-14 01:00:00+00:00,44015.55,42425.659787520824
2026-03-13 21:00:00+00:00,2026-03-14 02:00:00+00:00,43500.63,42174.53108952284
2026-03-13 21:00:00+00:00,2026-03-14 03:00:00+00:00,43506.96,42818.26340109897
2026-03-13 21:00:00+00:00,2026-03-14 04:00:00+00:00,43920.63,43525.15927537611
2026-03-13 21:00:00+00:00,2026-03-14 05:00:00+00:00,45776.17,45187.378202625216
2026-03-13 21:00:00+00:00,2026-03-14 06:00:00+00:00,48039.3,47910.5418447984
2026-03-13 21:00:00+00:00,2026-03-14 07:00:00+00:00,50982.94,50897.430565977564
2026-03-13 21:00:00+00:00,2026-03-14 08:00:00+00:00,53893.22,52810.66937959061
2026-03-13 21:00:00+00:00,2026-03-14 09:00:00+00:00,54543.78,53547.607365813274
2026-03-13 21:00:00+00:00,2026-03-14 10:00:00+00:00,54025.23,53944.07495717114
2026-03-13 21:00:00+00:00,2026-03-14 11:00:00+00:00,53972.64,52855.47354964153
2026-03-13 21:00:00+00:00,2026-03-14 12:00:00+00:00,53811.46,51158.827587649146
2026-03-13 21:00:00+00:00,2026-03-14 13:00:00+00:00,52947.24,50003.15538089658
2026-03-13 21:00:00+00:00,2026-03-14 14:00:00+00:00,52928.53,50062.0896559233
2026-03-13 21:00:00+00:00,2026-03-14 15:00:00+00:00,53485.22,50977.31865702236
2026-03-13 21:00:00+00:00,2026-03-14 16:00:00+00:00,55336.99,52467.48199073265
2026-03-13 21:00:00+00:00,2026-03-14 17:00:00+00:00,57622.88,53562.59573599796
2026-03-13 21:00:00+00:00,2026-03-14 18:00:00+00:00,56647.24,53115.494176700966
2026-03-13 21:00:00+00:00,2026-03-14 19:00:00+00:00,53178.73,51050.33080602024
2026-03-13 21:00:00+00:00,2026-03-14 20:00:00+00:00,50777.75,49139.20323188583
2026-03-13 21:00:00+00:00,2026-03-14 21:00:00+00:00,49150.51,47092.52753530502
2026-03-14 21:00:00+00:00,2026-03-14 22:00:00+00:00,46060.44,45892.481535978266
2026-03-14 21:00:00+00:00,2026-03-14 23:00:00+00:00,43646.21,42957.16459762551
2026-03-14 21:00:00+00:00,2026-03-15 00:00:00+00:00,42226.37,41010.88757587439
2026-03-14 21:00:00+00:00,2026-03-15 01:00:00+00:00,41235.1,40057.52812353029
2026-03-14 21:00:00+00:00,2026-03-15 02:00:00+00:00,41142.73,39569.47200591384
2026-03-14 21:00:00+00:00,2026-03-15 03:00:00+00:00,41564.14,39017.994310999165
2026-03-14 21:00:00+00:00,2026-03-15 04:00:00+00:00,42165.94,39171.68209537201
2026-03-14 21:00:00+00:00,2026-03-15 05:00:00+00:00,42902.69,39730.22250355766
2026-03-14 21:00:00+00:00,2026-03-15 06:00:00+00:00,44532.02,40814.49438341844
2026-03-14 21:00:00+00:00,2026-03-15 07:00:00+00:00,46694.01,43686.85229329579
2026-03-14 21:00:00+00:00,2026-03-15 08:00:00+00:00,48596.68,45883.96825184615
2026-03-14 21:00:00+00:00,2026-03-15 09:00:00+00:00,50241.29,47623.64142061233
2026-03-14 21:00:00+00:00,2026-03-15 10:00:00+00:00,51947.36,47859.47819379809
2026-03-14 21:00:00+00:00,2026-03-15 11:00:00+00:00,51555.18,47263.989605414696
2026-03-14 21:00:00+00:00,2026-03-15 12:00:00+00:00,50435.04,45810.808399180256
2026-03-14 21:00:00+00:00,2026-03-15 13:00:00+00:00,49024.53,44844.42456175082
2026-03-14 21:00:00+00:00,2026-03-15 14:00:00+00:00,48619.21,44737.86170531509
2026-03-14 21:00:00+00:00,2026-03-15 15:00:00+00:00,49445.59,45878.00485882371
2026-03-14 21:00:00+00:00,2026-03-15 16:00:00+00:00,52336.53,47805.12323976805
2026-03-14 21:00:00+00:00,2026-03-15 17:00:00+00:00,55057.98,50230.45766841719
2026-03-14 21:00:00+00:00,2026-03-15 18:00:00+00:00,54697.78,51161.29113709969
2026-03-14 21:00:00+00:00,2026-03-15 19:00:00+00:00,52620.33,50008.725221464
2026-03-14 21:00:00+00:00,2026-03-15 20:00:00+00:00,51067.04,48522.04771645756
2026-03-14 21:00:00+00:00,2026-03-15 21:00:00+00:00,50678.42,46657.95129166322
2026-03-15 21:00:00+00:00,2026-03-15 22:00:00+00:00,48727.96,47984.357601550386
2026-03-15 21:00:00+00:00,2026-03-15 23:00:00+00:00,46496.01,45612.25360587918
2026-03-15 21:00:00+00:00,2026-03-16 00:00:00+00:00,46230.57,43802.8644835328
2026-03-15 21:00:00+00:00,2026-03-16 01:00:00+00:00,45389.09,43003.24545186276
2026-03-15 21:00:00+00:00,2026-03-16 02:00:00+00:00,45953.69,43391.621240229586
2026-03-15 21:00:00+00:00,2026-03-16 03:00:00+00:00,48209.23,44519.06990527411
2026-03-15 21:00:00+00:00,2026-03-16 04:00:00+00:00,52445.98,48200.2973097927
2026-03-15 21:00:00+00:00,2026-03-16 05:00:00+00:00,59386.96,55247.98726776278
2026-03-15 21:00:00+00:00,2026-03-16 06:00:00+00:00,64361.67,61107.35001179057
2026-03-15 21:00:00+00:00,2026-03-16 07:00:00+00:00,66672.69,63554.87100236902
2026-03-15 21:00:00+00:00,2026-03-16 08:00:00+00:00,67298.55,63455.10814166597
2026-03-15 21:00:00+00:00,2026-03-16 09:00:00+00:00,67504.66,62866.90450428001
2026-03-15 21:00:00+00:00,2026-03-16 10:00:00+00:00,67573.4,62431.72956123262
2026-03-15 21:00:00+00:00,2026-03-16 11:00:00+00:00,65706.64,61753.385274679524
2026-03-15 21:00:00+00:00,2026-03-16 12:00:00+00:00,63967.72,60419.75201506905
2026-03-15 21:00:00+00:00,2026-03-16 13:00:00+00:00,61907.33,58681.59491064694
2026-03-15 21:00:00+00:00,2026-03-16 14:00:00+00:00,61642.83,57996.37234320558
2026-03-15 21:00:00+00:00,2026-03-16 15:00:00+00:00,61884.63,58347.96519058456
2026-03-15 21:00:00+00:00,2026-03-16 16:00:00+00:00,63956.86,60699.845195022426
2026-03-15 21:00:00+00:00,2026-03-16 17:00:00+00:00,66145.37,63086.72191625656
2026-03-15 21:00:00+00:00,2026-03-16 18:00:00+00:00,65715.28,62034.18206014284
2026-03-15 21:00:00+00:00,2026-03-16 19:00:00+00:00,61672.73,58820.41602290018
2026-03-15 21:00:00+00:00,2026-03-16 20:00:00+00:00,58493.16,55551.128888286745
2026-03-15 21:00:00+00:00,2026-03-16 21:00:00+00:00,55781.63,52082.77590231698
2026-03-16 21:00:00+00:00,2026-03-16 22:00:00+00:00,52538.06,52061.9842042253
2026-03-16 21:00:00+00:00,2026-03-16 23:00:00+00:00,50188.52,49159.462178960304
2026-03-16 21:00:00+00:00,2026-03-17 00:00:00+00:00,48299.08,47179.07441271753
2026-03-16 21:00:00+00:00,2026-03-17 01:00:00+00:00,46935.1,46333.02958648591
2026-03-16 21:00:00+00:00,2026-03-17 02:00:00+00:00,47031.61,46450.99368230353
2026-03-16 21:00:00+00:00,2026-03-17 03:00:00+00:00,47092.96,47761.73638510307
2026-03-16 21:00:00+00:00,2026-03-17 04:00:00+00:00,50704.23,51226.99518554106
2026-03-16 21:00:00+00:00,2026-03-17 05:00:00+00:00,58534.93,59344.994007961235
2026-03-16 21:00:00+00:00,2026-03-17 06:00:00+00:00,62905.9,62999.09384604588
2026-03-16 21:00:00+00:00,2026-03-17 07:00:00+00:00,65004.87,65470.859482658925
2026-03-16 21:00:00+00:00,2026-03-17 08:00:00+00:00,64911.9,65196.90510269165
2026-03-16 21:00:00+00:00,2026-03-17 09:00:00+00:00,64681.19,64868.27505972753
2026-03-16 21:00:00+00:00,2026-03-17 10:00:00+00:00,64387.78,64882.04875350658
2026-03-16 21:00:00+00:00,2026-03-17 11:00:00+00:00,64147.81,64164.399271536684
2026-03-16 21:00:00+00:00,2026-03-17 12:00:00+00:00,63040.58,62698.10446257853
2026-03-16 21:00:00+00:00,2026-03-17 13:00:00+00:00,61641.02,61033.94573086671
2026-03-16 21:00:00+00:00,2026-03-17 14:00:00+00:00,60544.72,60359.29402082086
2026-03-16 21:00:00+00:00,2026-03-17 15:00:00+00:00,60020.76,60844.732344108255
2026-03-16 21:00:00+00:00,2026-03-17 16:00:00+00:00,62234.89,63321.732098502114
2026-03-16 21:00:00+00:00,2026-03-17 17:00:00+00:00,64597.57,65347.50946125721
2026-03-16 21:00:00+00:00,2026-03-17 18:00:00+00:00,65107.65,64381.80217929537
2026-03-16 21:00:00+00:00,2026-03-17 19:00:00+00:00,61938.47,61184.699587414136
2026-03-16 21:00:00+00:00,2026-03-17 20:00:00+00:00,58790.37,58066.81942294799
2026-03-16 21:00:00+00:00,2026-03-17 21:00:00+00:00,55585.84,54757.839691875546
2026-03-17 21:00:00+00:00,2026-03-17 22:00:00+00:00,51931.39,51768.28171149686
2026-03-17 21:00:00+00:00,2026-03-17 23:00:00+00:00,49495.02,49049.44054506779
2026-03-17 21:00:00+00:00,2026-03-18 00:00:00+00:00,47328.09,46899.12550277853
2026-03-17 21:00:00+00:00,2026-03-18 01:00:00+00:00,46681.75,46120.983378745426
2026-03-17 21:00:00+00:00,2026-03-18 02:00:00+00:00,47226.98,46680.25289616258
2026-03-17 21:00:00+00:00,2026-03-18 03:00:00+00:00,48516.0,48275.00339324836
2026-03-17 21:00:00+00:00,2026-03-18 04:00:00+00:00,52678.85,51740.18340777484
2026-03-17 21:00:00+00:00,2026-03-18 05:00:00+00:00,59773.66,59403.79370700168
2026-03-17 21:00:00+00:00,2026-03-18 06:00:00+00:00,63457.85,64084.473016304284
2026-03-17 21:00:00+00:00,2026-03-18 07:00:00+00:00,64681.65,65362.704360612595
2026-03-17 21:00:00+00:00,2026-03-18 08:00:00+00:00,63627.01,64590.158366381045
2026-03-17 21:00:00+00:00,2026-03-18 09:00:00+00:00,61180.38,63835.663077547804
2026-03-17 21:00:00+00:00,2026-03-18 10:00:00+00:00,59998.77,62758.17794047954
2026-03-17 21:00:00+00:00,2026-03-18 11:00:00+00:00,58438.22,61341.85898274791
2026-03-17 21:00:00+00:00,2026-03-18 12:00:00+00:00,56675.03,59760.05336658908
2026-03-17 21:00:00+00:00,2026-03-18 13:00:00+00:00,54845.93,58726.61252265634
2026-03-17 21:00:00+00:00,2026-03-18 14:00:00+00:00,55179.61,58229.88965056959
2026-03-17 21:00:00+00:00,2026-03-18 15:00:00+00:00,56859.83,59257.814519400126
2026-03-17 21:00:00+00:00,2026-03-18 16:00:00+00:00,59992.76,62691.60751127129
2026-03-17 21:00:00+00:00,2026-03-18 17:00:00+00:00,62943.71,64757.48909733874
2026-03-17 21:00:00+00:00,2026-03-18 18:00:00+00:00,62969.29,64788.49611437489
2026-03-17 21:00:00+00:00,2026-03-18 19:00:00+00:00,59644.15,61874.277164369465
2026-03-17 21:00:00+00:00,2026-03-18 20:00:00+00:00,56034.37,58595.54992169611
2026-03-17 21:00:00+00:00,2026-03-18 21:00:00+00:00,53402.23,54804.96937511726
2026-03-18 21:00:00+00:00,2026-03-18 22:00:00+00:00,50159.31,50412.964250535995
2026-03-18 21:00:00+00:00,2026-03-18 23:00:00+00:00,47216.93,47670.7697252299
2026-03-18 21:00:00+00:00,2026-03-19 00:00:00+00:00,45323.17,45991.41559678047
2026-03-18 21:00:00+00:00,2026-03-19 01:00:00+00:00,44831.6,45359.076825249555
2026-03-18 21:00:00+00:00,2026-03-19 02:00:00+00:00,45319.35,46069.82404210163
2026-03-18 21:00:00+00:00,2026-03-19 03:00:00+00:00,46890.7,47672.23641804595
2026-03-18 21:00:00+00:00,2026-03-19 04:00:00+00:00,50153.48,51617.91685252962
2026-03-18 21:00:00+00:00,2026-03-19 05:00:00+00:00,57183.22,59614.234181290914
2026-03-18 21:00:00+00:00,2026-03-19 06:00:00+00:00,61344.5,63883.41591686938
2026-03-18 21:00:00+00:00,2026-03-19 07:00:00+00:00,63029.21,65360.906854593624
2026-03-18 21:00:00+00:00,2026-03-19 08:00:00+00:00,61951.5,64454.667763553916
2026-03-18 21:00:00+00:00,2026-03-19 09:00:00+00:00,59986.58,63391.084004219
2026-03-18 21:00:00+00:00,2026-03-19 10:00:00+00:00,57961.2,62039.61535274975
2026-03-18 21:00:00+00:00,2026-03-19 11:00:00+00:00,57377.37,60837.33354409285
2026-03-18 21:00:00+00:00,2026-03-19 12:00:00+00:00,55945.41,59637.011876964905
2026-03-18 21:00:00+00:00,2026-03-19 13:00:00+00:00,54922.2,58289.95233747329
2026-03-18 21:00:00+00:00,2026-03-19 14:00:00+00:00,55282.8,57603.77946749074
2026-03-18 21:00:00+00:00,2026-03-19 15:00:00+00:00,56360.36,58204.34049289308
2026-03-18 21:00:00+00:00,2026-03-19 16:00:00+00:00,59384.34,60975.8961528044
2026-03-18 21:00:00+00:00,2026-03-19 17:00:00+00:00,62417.77,63328.422581993706
2026-03-18 21:00:00+00:00,2026-03-19 18:00:00+00:00,63116.87,62686.28287218548
2026-03-18 21:00:00+00:00,2026-03-19 19:00:00+00:00,60288.18,59713.65145010957
2026-03-18 21:00:00+00:00,2026-03-19 20:00:00+00:00,56602.65,56162.6917882377
2026-03-18 21:00:00+00:00,2026-03-19 21:00:00+00:00,53831.31,52926.0580255144
2026-03-19 21:00:00+00:00,2026-03-19 22:00:00+00:00,50310.62,50173.01022936313
2026-03-19 21:00:00+00:00,2026-03-19 23:00:00+00:00,47935.1,47743.28956645159
2026-03-19 21:00:00+00:00,2026-03-20 00:00:00+00:00,46683.95,46674.19975962978
2026-03-19 21:00:00+00:00,2026-03-20 01:00:00+00:00,46021.23,46339.07110921847
2026-03-19 21:00:00+00:00,2026-03-20 02:00:00+00:00,46139.75,46984.44209976072
2026-03-19 21:00:00+00:00,2026-03-20 03:00:00+00:00,47773.72,48654.828225315614
2026-03-19 21:00:00+00:00,2026-03-20 04:00:00+00:00,51303.65,52040.15999423631
2026-03-19 21:00:00+00:00,2026-03-20 05:00:00+00:00,57839.31,58782.49502165825
2026-03-19 21:00:00+00:00,2026-03-20 06:00:00+00:00,61815.78,62797.63934143511
2026-03-19 21:00:00+00:00,2026-03-20 07:00:00+00:00,64060.63,64316.10350568604
2026-03-19 21:00:00+00:00,2026-03-20 08:00:00+00:00,63083.1,63778.12392292788
2026-03-19 21:00:00+00:00,2026-03-20 09:00:00+00:00,61069.75,62538.74631143278
2026-03-19 21:00:00+00:00,2026-03-20 10:00:00+00:00,59181.01,61211.52306283848
2026-03-19 21:00:00+00:00,2026-03-20 11:00:00+00:00,57757.56,59528.16122397536
2026-03-19 21:00:00+00:00,2026-03-20 12:00:00+00:00,55991.07,57999.815841806914
2026-03-19 21:00:00+00:00,2026-03-20 13:00:00+00:00,54361.27,56257.15847313227
2026-03-19 21:00:00+00:00,2026-03-20 14:00:00+00:00,54479.5,56115.076696790005
2026-03-19 21:00:00+00:00,2026-03-20 15:00:00+00:00,55940.54,56984.63631139067
2026-03-19 21:00:00+00:00,2026-03-20 16:00:00+00:00,58064.9,60071.18364685396
2026-03-19 21:00:00+00:00,2026-03-20 17:00:00+00:00,60111.98,61963.562940359865
2026-03-19 21:00:00+00:00,2026-03-20 18:00:00+00:00,60137.01,61275.427354219275
2026-03-19 21:00:00+00:00,2026-03-20 19:00:00+00:00,56877.22,58094.22457270753
2026-03-19 21:00:00+00:00,2026-03-20 20:00:00+00:00,53518.19,54756.49167098838
2026-03-19 21:00:00+00:00,2026-03-20 21:00:00+00:00,50730.57,52293.17706766988
2026-03-20 21:00:00+00:00,2026-03-20 22:00:00+00:00,47783.22,47903.85122204172
2026-03-20 21:00:00+00:00,2026-03-20 23:00:00+00:00,45252.51,45448.03116662362
2026-03-20 21:00:00+00:00,2026-03-21 00:00:00+00:00,43361.76,43621.36850874024
2026-03-20 21:00:00+00:00,2026-03-21 01:00:00+00:00,42591.73,42638.35548713141
2026-03-20 21:00:00+00:00,2026-03-21 02:00:00+00:00,42473.26,42372.379702939616
2026-03-20 21:00:00+00:00,2026-03-21 03:00:00+00:00,42780.43,42733.53680737202
2026-03-20 21:00:00+00:00,2026-03-21 04:00:00+00:00,43591.1,43191.864302808004
2026-03-20 21:00:00+00:00,2026-03-21 05:00:00+00:00,45138.01,44323.0118812863
2026-03-20 21:00:00+00:00,2026-03-21 06:00:00+00:00,47647.84,47034.642974639944
2026-03-20 21:00:00+00:00,2026-03-21 07:00:00+00:00,50076.34,49730.18092984348
2026-03-20 21:00:00+00:00,2026-03-21 08:00:00+00:00,52123.76,51852.416022272766
2026-03-20 21:00:00+00:00,2026-03-21 09:00:00+00:00,53190.77,52535.95043606391
2026-03-20 21:00:00+00:00,2026-03-21 10:00:00+00:00,53068.05,53114.60073964439
2026-03-20 21:00:00+00:00,2026-03-21 11:00:00+00:00,51647.58,52862.01586257339
2026-03-20 21:00:00+00:00,2026-03-21 12:00:00+00:00,50371.4,50798.17269428613
2026-03-20 21:00:00+00:00,2026-03-21 13:00:00+00:00,48871.96,49201.33088084711
2026-03-20 21:00:00+00:00,2026-03-21 14:00:00+00:00,49565.18,49423.28314644394
2026-03-20 21:00:00+00:00,2026-03-21 15:00:00+00:00,49803.38,50753.56786218238
2026-03-20 21:00:00+00:00,2026-03-21 16:00:00+00:00,51796.85,53150.32970504432
2026-03-20 21:00:00+00:00,2026-03-21 17:00:00+00:00,53827.94,54820.00012342082
2026-03-20 21:00:00+00:00,2026-03-21 18:00:00+00:00,54067.99,53723.57895741502
2026-03-20 21:00:00+00:00,2026-03-21 19:00:00+00:00,51709.72,51502.94691800549
2026-03-20 21:00:00+00:00,2026-03-21 20:00:00+00:00,49336.88,49328.606652238785
2026-03-20 21:00:00+00:00,2026-03-21 21:00:00+00:00,47500.17,46993.79336789847
2026-03-21 21:00:00+00:00,2026-03-21 22:00:00+00:00,44791.42,44809.879324096226
2026-03-21 21:00:00+00:00,2026-03-21 23:00:00+00:00,42081.68,42755.031927637654
2026-03-21 21:00:00+00:00,2026-03-22 00:00:00+00:00,39963.75,41249.73347853654
2026-03-21 21:00:00+00:00,2026-03-22 01:00:00+00:00,39274.12,40294.821419893684
2026-03-21 21:00:00+00:00,2026-03-22 02:00:00+00:00,38999.08,39679.72082500402
2026-03-21 21:00:00+00:00,2026-03-22 03:00:00+00:00,39223.57,38948.99437764033
2026-03-21 21:00:00+00:00,2026-03-22 04:00:00+00:00,39580.5,39196.144488232065
2026-03-21 21:00:00+00:00,2026-03-22 05:00:00+00:00,39947.25,40198.612224072924
2026-03-21 21:00:00+00:00,2026-03-22 06:00:00+00:00,42230.69,42071.26047335936
2026-03-21 21:00:00+00:00,2026-03-22 07:00:00+00:00,45619.97,44199.85213395597
2026-03-21 21:00:00+00:00,2026-03-22 08:00:00+00:00,47782.62,47067.31417491607
2026-03-21 21:00:00+00:00,2026-03-22 09:00:00+00:00,47305.8,48689.616597823515
2026-03-21 21:00:00+00:00,2026-03-22 10:00:00+00:00,47320.12,49899.299512627615
2026-03-21 21:00:00+00:00,2026-03-22 11:00:00+00:00,46149.22,49088.37184447916
2026-03-21 21:00:00+00:00,2026-03-22 12:00:00+00:00,43498.67,47117.35285623316
2026-03-21 21:00:00+00:00,2026-03-22 13:00:00+00:00,41975.94,45776.43230390003
2026-03-21 21:00:00+00:00,2026-03-22 14:00:00+00:00,41866.64,45468.850760606685
2026-03-21 21:00:00+00:00,2026-03-22 15:00:00+00:00,43699.8,46581.512425653425
2026-03-21 21:00:00+00:00,2026-03-22 16:00:00+00:00,47275.23,48772.75953685789
2026-03-21 21:00:00+00:00,2026-03-22 17:00:00+00:00,51401.87,51444.2849178534
2026-03-21 21:00:00+00:00,2026-03-22 18:00:00+00:00,52842.57,51943.96577792791
2026-03-21 21:00:00+00:00,2026-03-22 19:00:00+00:00,51223.03,50091.35832146833
2026-03-21 21:00:00+00:00,2026-03-22 20:00:00+00:00,49343.15,48926.8824717239
2026-03-21 21:00:00+00:00,2026-03-22 21:00:00+00:00,48312.51,47370.81180698611
2026-03-22 21:00:00+00:00,2026-03-22 22:00:00+00:00,45925.43,45494.90356074073
2026-03-22 21:00:00+00:00,2026-03-22 23:00:00+00:00,44027.9,43310.208042763625
2026-03-22 21:00:00+00:00,2026-03-23 00:00:00+00:00,42799.08,42123.807092172276
2026-03-22 21:00:00+00:00,2026-03-23 01:00:00+00:00,42331.85,41858.71606685406
2026-03-22 21:00:00+00:00,2026-03-23 02:00:00+00:00,43151.22,42537.90150906719
2026-03-22 21:00:00+00:00,2026-03-23 03:00:00+00:00,44995.18,44660.15175429908
2026-03-22 21:00:00+00:00,2026-03-23 04:00:00+00:00,49018.82,49879.13426043096
2026-03-22 21:00:00+00:00,2026-03-23 05:00:00+00:00,56303.16,59162.5860823488
2026-03-22 21:00:00+00:00,2026-03-23 06:00:00+00:00,60727.56,63639.49014284568
2026-03-22 21:00:00+00:00,2026-03-23 07:00:00+00:00,62690.02,65041.52344399448
2026-03-22 21:00:00+00:00,2026-03-23 08:00:00+00:00,61508.92,64598.386466247604
2026-03-22 21:00:00+00:00,2026-03-23 09:00:00+00:00,60321.29,63515.58016833693
2026-03-22 21:00:00+00:00,2026-03-23 10:00:00+00:00,59450.69,62506.2620397846
2026-03-22 21:00:00+00:00,2026-03-23 11:00:00+00:00,57870.87,61117.65285019261
2026-03-22 21:00:00+00:00,2026-03-23 12:00:00+00:00,56568.93,59151.13019090282
2026-03-22 21:00:00+00:00,2026-03-23 13:00:00+00:00,56274.04,57845.74576159654
2026-03-22 21:00:00+00:00,2026-03-23 14:00:00+00:00,56794.16,58226.78545614194
2026-03-22 21:00:00+00:00,2026-03-23 15:00:00+00:00,57012.77,59180.65403414244
2026-03-22 21:00:00+00:00,2026-03-23 16:00:00+00:00,58605.64,62348.97369261164
2026-03-22 21:00:00+00:00,2026-03-23 17:00:00+00:00,60934.74,64525.286191146006
2026-03-22 21:00:00+00:00,2026-03-23 18:00:00+00:00,61889.77,64185.29868042549
2026-03-22 21:00:00+00:00,2026-03-23 19:00:00+00:00,58828.85,60934.93374633513
2026-03-22 21:00:00+00:00,2026-03-23 20:00:00+00:00,55495.82,57318.06780828551
2026-03-22 21:00:00+00:00,2026-03-23 21:00:00+00:00,51989.31,54282.071046835255
2026-03-23 21:00:00+00:00,2026-03-23 22:00:00+00:00,48776.71,48665.55395714176
2026-03-23 21:00:00+00:00,2026-03-23 23:00:00+00:00,45827.21,46129.33562753539
2026-03-23 21:00:00+00:00,2026-03-24 00:00:00+00:00,44761.6,44907.85122944608
2026-03-23 21:00:00+00:00,2026-03-24 01:00:00+00:00,44467.83,44575.11547156307
2026-03-23 21:00:00+00:00,2026-03-24 02:00:00+00:00,45154.11,45225.517348442016
2026-03-23 21:00:00+00:00,2026-03-24 03:00:00+00:00,46474.32,46482.85440179795
2026-03-23 21:00:00+00:00,2026-03-24 04:00:00+00:00,50448.66,49273.24714163161
2026-03-23 21:00:00+00:00,2026-03-24 05:00:00+00:00,57635.4,55144.63189833813
2026-03-23 21:00:00+00:00,2026-03-24 06:00:00+00:00,61632.34,60098.12256222565
2026-03-23 21:00:00+00:00,2026-03-24 07:00:00+00:00,63480.94,62941.280405629324
2026-03-23 21:00:00+00:00,2026-03-24 08:00:00+00:00,63521.11,62089.46155498502
2026-03-23 21:00:00+00:00,2026-03-24 09:00:00+00:00,62738.13,61130.03971434761
2026-03-23 21:00:00+00:00,2026-03-24 10:00:00+00:00,61127.22,59730.42981944535
2026-03-23 21:00:00+00:00,2026-03-24 11:00:00+00:00,59500.48,58509.60536121136
2026-03-23 21:00:00+00:00,2026-03-24 12:00:00+00:00,58270.41,57092.88657746046
2026-03-23 21:00:00+00:00,2026-03-24 13:00:00+00:00,57735.46,56209.36838957569
2026-03-23 21:00:00+00:00,2026-03-24 14:00:00+00:00,59117.15,55893.68690320001
2026-03-23 21:00:00+00:00,2026-03-24 15:00:00+00:00,59736.44,56609.84391093466
2026-03-23 21:00:00+00:00,2026-03-24 16:00:00+00:00,61751.95,58767.16584985015
2026-03-23 21:00:00+00:00,2026-03-24 17:00:00+00:00,65067.13,60915.02644314945
2026-03-23 21:00:00+00:00,2026-03-24 18:00:00+00:00,66235.26,60923.399889136905
2026-03-23 21:00:00+00:00,2026-03-24 19:00:00+00:00,62652.13,57997.04910154861
2026-03-23 21:00:00+00:00,2026-03-24 20:00:00+00:00,59223.8,55291.47346254091
2026-03-23 21:00:00+00:00,2026-03-24 21:00:00+00:00,56038.01,52457.89927175396
2026-03-24 21:00:00+00:00,2026-03-24 22:00:00+00:00,52513.98,52624.98758298607
2026-03-24 21:00:00+00:00,2026-03-24 23:00:00+00:00,49918.91,49784.56710189346
2026-03-24 21:00:00+00:00,2026-03-25 00:00:00+00:00,48116.33,47956.53760421472
2026-03-24 21:00:00+00:00,2026-03-25 01:00:00+00:00,47190.52,47248.30729190619
2026-03-24 21:00:00+00:00,2026-03-25 02:00:00+00:00,47530.44,47480.569818379845
2026-03-24 21:00:00+00:00,2026-03-25 03:00:00+00:00,49630.42,48798.91148768895
2026-03-24 21:00:00+00:00,2026-03-25 04:00:00+00:00,53506.17,52808.311709422356
2026-03-24 21:00:00+00:00,2026-03-25 05:00:00+00:00,60837.07,59627.89420805616
2026-03-24 21:00:00+00:00,2026-03-25 06:00:00+00:00,65716.76,63126.645301064695
2026-03-24 21:00:00+00:00,2026-03-25 07:00:00+00:00,67560.3,64774.14505753619
2026-03-24 21:00:00+00:00,2026-03-25 08:00:00+00:00,67928.14,64554.23546799143
2026-03-24 21:00:00+00:00,2026-03-25 09:00:00+00:00,69002.61,64327.460859349536
2026-03-24 21:00:00+00:00,2026-03-25 10:00:00+00:00,69297.61,64154.8967478951
2026-03-24 21:00:00+00:00,2026-03-25 11:00:00+00:00,69642.98,62848.09288482816
2026-03-24 21:00:00+00:00,2026-03-25 12:00:00+00:00,67662.87,61619.03761438434
2026-03-24 21:00:00+00:00,2026-03-25 13:00:00+00:00,67389.2,60649.203965374756
2026-03-24 21:00:00+00:00,2026-03-25 14:00:00+00:00,66178.71,60226.52283614591
2026-03-24 21:00:00+00:00,2026-03-25 15:00:00+00:00,64850.61,60829.79406712073
2026-03-24 21:00:00+00:00,2026-03-25 16:00:00+00:00,65860.86,62985.846239925246
2026-03-24 21:00:00+00:00,2026-03-25 17:00:00+00:00,66421.51,64855.010036450585
2026-03-24 21:00:00+00:00,2026-03-25 18:00:00+00:00,66798.37,65140.767199932336
2026-03-24 21:00:00+00:00,2026-03-25 19:00:00+00:00,63733.0,62143.976457907454
2026-03-24 21:00:00+00:00,2026-03-25 20:00:00+00:00,60858.64,58812.68486807117
2026-03-24 21:00:00+00:00,2026-03-25 21:00:00+00:00,57041.04,55741.715738271305
2026-03-25 21:00:00+00:00,2026-03-25 22:00:00+00:00,53380.26,53267.06566430819
2026-03-25 21:00:00+00:00,2026-03-25 23:00:00+00:00,51427.46,50741.49991785469
2026-03-25 21:00:00+00:00,2026-03-26 00:00:00+00:00,49505.77,48726.89038664018
2026-03-25 21:00:00+00:00,2026-03-26 01:00:00+00:00,49278.75,47855.508771153305
2026-03-25 21:00:00+00:00,2026-03-26 02:00:00+00:00,49835.64,47972.20036587578
2026-03-25 21:00:00+00:00,2026-03-26 03:00:00+00:00,50588.78,49345.16676514162
2026-03-25 21:00:00+00:00,2026-03-26 04:00:00+00:00,54084.71,52205.423068280106
2026-03-25 21:00:00+00:00,2026-03-26 05:00:00+00:00,61342.1,59404.40725575257
2026-03-25 21:00:00+00:00,2026-03-26 06:00:00+00:00,65062.22,63789.562081092336
2026-03-25 21:00:00+00:00,2026-03-26 07:00:00+00:00,67658.66,65864.3526844861
2026-03-25 21:00:00+00:00,2026-03-26 08:00:00+00:00,67963.12,65479.57850859711
2026-03-25 21:00:00+00:00,2026-03-26 09:00:00+00:00,68066.65,65056.56391467656
2026-03-25 21:00:00+00:00,2026-03-26 10:00:00+00:00,67825.75,64989.520404796305
2026-03-25 21:00:00+00:00,2026-03-26 11:00:00+00:00,66751.64,64565.07195917832
2026-03-25 21:00:00+00:00,2026-03-26 12:00:00+00:00,65196.25,63605.415899210406
2026-03-25 21:00:00+00:00,2026-03-26 13:00:00+00:00,62924.26,62570.60095749679
2026-03-25 21:00:00+00:00,2026-03-26 14:00:00+00:00,62066.73,62489.025250203274
2026-03-25 21:00:00+00:00,2026-03-26 15:00:00+00:00,62380.22,62920.345220202915
2026-03-25 21:00:00+00:00,2026-03-26 16:00:00+00:00,64359.48,65192.965517690216
2026-03-25 21:00:00+00:00,2026-03-26 17:00:00+00:00,66193.68,66563.3118418732
2026-03-25 21:00:00+00:00,2026-03-26 18:00:00+00:00,66870.85,66071.83561484671
2026-03-25 21:00:00+00:00,2026-03-26 19:00:00+00:00,64224.48,62941.22911863019
2026-03-25 21:00:00+00:00,2026-03-26 20:00:00+00:00,61358.66,59193.23406443017
2026-03-25 21:00:00+00:00,2026-03-26 21:00:00+00:00,57603.92,55939.2668333332
2026-03-26 21:00:00+00:00,2026-03-26 22:00:00+00:00,54400.42,54007.25424812222
2026-03-26 21:00:00+00:00,2026-03-26 23:00:00+00:00,51584.9,51338.904945096634
2026-03-26 21:00:00+00:00,2026-03-27 00:00:00+00:00,49628.41,49905.03091503167
2026-03-26 21:00:00+00:00,2026-03-27 01:00:00+00:00,49024.16,49524.716655924014
2026-03-26 21:00:00+00:00,2026-03-27 02:00:00+00:00,49064.78,49505.961407601
2026-03-26 21:00:00+00:00,2026-03-27 03:00:00+00:00,50384.59,50839.86185712288
2026-03-26 21:00:00+00:00,2026-03-27 04:00:00+00:00,53976.63,53550.14269812208
2026-03-26 21:00:00+00:00,2026-03-27 05:00:00+00:00,59846.83,60913.16612590772
2026-03-26 21:00:00+00:00,2026-03-27 06:00:00+00:00,63724.94,63959.764307565514
2026-03-26 21:00:00+00:00,2026-03-27 07:00:00+00:00,66184.53,65714.92241342698
2026-03-26 21:00:00+00:00,2026-03-27 08:00:00+00:00,65290.62,64989.076073289725
2026-03-26 21:00:00+00:00,2026-03-27 09:00:00+00:00,63500.31,64672.04597846924
2026-03-26 21:00:00+00:00,2026-03-27 10:00:00+00:00,62356.84,64413.84985292986
2026-03-26 21:00:00+00:00,2026-03-27 11:00:00+00:00,61297.04,63758.766421865716
2026-03-26 21:00:00+00:00,2026-03-27 12:00:00+00:00,59807.92,62365.17383337836
2026-03-26 21:00:00+00:00,2026-03-27 13:00:00+00:00,57631.39,61307.70391768833
2026-03-26 21:00:00+00:00,2026-03-27 14:00:00+00:00,57566.39,60843.45664679523
2026-03-26 21:00:00+00:00,2026-03-27 15:00:00+00:00,58616.26,61642.99714700837
2026-03-26 21:00:00+00:00,2026-03-27 16:00:00+00:00,60249.34,63303.22861473753
2026-03-26 21:00:00+00:00,2026-03-27 17:00:00+00:00,62449.09,63966.711518931705
2026-03-26 21:00:00+00:00,2026-03-27 18:00:00+00:00,63408.12,62483.455609990415
2026-03-26 21:00:00+00:00,2026-03-27 19:00:00+00:00,60450.22,59373.5331154632
2026-03-26 21:00:00+00:00,2026-03-27 20:00:00+00:00,56845.53,56913.938191826666
2026-03-26 21:00:00+00:00,2026-03-27 21:00:00+00:00,54043.16,54279.00826792275
2026-03-27 21:00:00+00:00,2026-03-27 22:00:00+00:00,51579.31,50684.49370118835
2026-03-27 21:00:00+00:00,2026-03-27 23:00:00+00:00,49574.8,48025.394329973264
2026-03-27 21:00:00+00:00,2026-03-28 00:00:00+00:00,45931.77,45857.60294386332
2026-03-27 21:00:00+00:00,2026-03-28 01:00:00+00:00,46162.14,44358.05415956559
2026-03-27 21:00:00+00:00,2026-03-28 02:00:00+00:00,46349.4,44231.40661685656
2026-03-27 21:00:00+00:00,2026-03-28 03:00:00+00:00,46693.94,45192.848162497554
2026-03-27 21:00:00+00:00,2026-03-28 04:00:00+00:00,47263.05,46415.067258189585
2026-03-27 21:00:00+00:00,2026-03-28 05:00:00+00:00,48562.1,48555.03950012899
2026-03-27 21:00:00+00:00,2026-03-28 06:00:00+00:00,50276.98,51172.53652370018
2026-03-27 21:00:00+00:00,2026-03-28 07:00:00+00:00,52950.13,53820.89334202461
2026-03-27 21:00:00+00:00,2026-03-28 08:00:00+00:00,55621.1,55631.96966324199
2026-03-27 21:00:00+00:00,2026-03-28 09:00:00+00:00,56392.38,56447.35442528369
2026-03-27 21:00:00+00:00,2026-03-28 10:00:00+00:00,56210.09,56941.319570083484
2026-03-27 21:00:00+00:00,2026-03-28 11:00:00+00:00,55647.8,56227.064233011544
2026-03-27 21:00:00+00:00,2026-03-28 12:00:00+00:00,53776.63,54528.65547472036
2026-03-27 21:00:00+00:00,2026-03-28 13:00:00+00:00,52010.32,53944.89152482475
2026-03-27 21:00:00+00:00,2026-03-28 14:00:00+00:00,52142.56,53846.732952424616
2026-03-27 21:00:00+00:00,2026-03-28 15:00:00+00:00,52491.95,54580.427183463835
2026-03-27 21:00:00+00:00,2026-03-28 16:00:00+00:00,54269.46,56615.588996888466
2026-03-27 21:00:00+00:00,2026-03-28 17:00:00+00:00,56321.22,57933.992981317
2026-03-27 21:00:00+00:00,2026-03-28 18:00:00+00:00,56863.49,56335.1561838859
2026-03-27 21:00:00+00:00,2026-03-28 19:00:00+00:00,54155.67,53648.66662021229
2026-03-27 21:00:00+00:00,2026-03-28 20:00:00+00:00,52064.01,51612.826407581786
2026-03-27 21:00:00+00:00,2026-03-28 21:00:00+00:00,50325.41,49655.11885886968
2026-03-28 21:00:00+00:00,2026-03-28 22:00:00+00:00,47358.24,47877.83153659672
2026-03-28 21:00:00+00:00,2026-03-28 23:00:00+00:00,44653.4,45523.34544138141
2026-03-28 21:00:00+00:00,2026-03-29 00:00:00+00:00,42516.17,43460.38797940199
2026-03-28 21:00:00+00:00,2026-03-29 01:00:00+00:00,42334.85,42882.62623088725
2026-03-28 21:00:00+00:00,2026-03-29 02:00:00+00:00,42084.0,42737.553610103234
2026-03-28 21:00:00+00:00,2026-03-29 03:00:00+00:00,42074.81,42973.820064865
2026-03-28 21:00:00+00:00,2026-03-29 04:00:00+00:00,42249.12,43405.925363954535
2026-03-28 21:00:00+00:00,2026-03-29 05:00:00+00:00,43674.3,44277.30240323883
2026-03-28 21:00:00+00:00,2026-03-29 06:00:00+00:00,45732.66,46383.88188333557
2026-03-28 21:00:00+00:00,2026-03-29 07:00:00+00:00,48014.5,48242.913537229964
2026-03-28 21:00:00+00:00,2026-03-29 08:00:00+00:00,49896.49,49937.47621059452
2026-03-28 21:00:00+00:00,2026-03-29 09:00:00+00:00,51329.98,51586.44488186856
2026-03-28 21:00:00+00:00,2026-03-29 10:00:00+00:00,51264.36,52090.22257915463
2026-03-28 21:00:00+00:00,2026-03-29 11:00:00+00:00,49960.33,51042.32694120467
2026-03-28 21:00:00+00:00,2026-03-29 12:00:00+00:00,47207.88,50036.92555773285
2026-03-28 21:00:00+00:00,2026-03-29 13:00:00+00:00,46739.52,49979.927205435335
2026-03-28 21:00:00+00:00,2026-03-29 14:00:00+00:00,47651.89,50696.853457515324
2026-03-28 21:00:00+00:00,2026-03-29 15:00:00+00:00,49984.89,52764.249264316866
2026-03-28 21:00:00+00:00,2026-03-29 16:00:00+00:00,52108.95,54620.5123686651
2026-03-28 21:00:00+00:00,2026-03-29 17:00:00+00:00,53532.8,55089.91724498964
2026-03-28 21:00:00+00:00,2026-03-29 18:00:00+00:00,53514.95,53234.08794422459
2026-03-28 21:00:00+00:00,2026-03-29 19:00:00+00:00,52182.92,51961.475688983875
2026-03-28 21:00:00+00:00,2026-03-29 20:00:00+00:00,52697.04,50549.85069477645
2026-03-28 21:00:00+00:00,2026-03-29 21:00:00+00:00,51089.35,48375.27276556603
2026-03-29 21:00:00+00:00,2026-03-29 22:00:00+00:00,49229.83,48918.92373133509
2026-03-29 21:00:00+00:00,2026-03-29 23:00:00+00:00,47817.53,47499.17910314663
2026-03-29 21:00:00+00:00,2026-03-30 00:00:00+00:00,46934.68,46772.92951032325
2026-03-29 21:00:00+00:00,2026-03-30 01:00:00+00:00,47214.06,46927.66003670054
2026-03-29 21:00:00+00:00,2026-03-30 02:00:00+00:00,48683.27,48518.797505842405
2026-03-29 21:00:00+00:00,2026-03-30 03:00:00+00:00,52931.5,52463.68754067859
2026-03-29 21:00:00+00:00,2026-03-30 04:00:00+00:00,58947.44,55753.628765010726
2026-03-29 21:00:00+00:00,2026-03-30 05:00:00+00:00,63419.12,59955.17514376334
2026-03-29 21:00:00+00:00,2026-03-30 06:00:00+00:00,66489.73,61690.152530609
2026-03-29 21:00:00+00:00,2026-03-30 07:00:00+00:00,67456.28,61873.5586215925
2026-03-29 21:00:00+00:00,2026-03-30 08:00:00+00:00,65979.08,61369.40612015543
2026-03-29 21:00:00+00:00,2026-03-30 09:00:00+00:00,65686.22,60726.437423311756
2026-03-29 21:00:00+00:00,2026-03-30 10:00:00+00:00,65369.88,59095.42311227464
2026-03-29 21:00:00+00:00,2026-03-30 11:00:00+00:00,64087.9,57630.114270401165
2026-03-29 21:00:00+00:00,2026-03-30 12:00:00+00:00,61596.64,56315.77133527449
2026-03-29 21:00:00+00:00,2026-03-30 13:00:00+00:00,60229.25,56101.06296062215
2026-03-29 21:00:00+00:00,2026-03-30 14:00:00+00:00,59768.78,57030.46536801461
2026-03-29 21:00:00+00:00,2026-03-30 15:00:00+00:00,60604.54,59246.61740450901
2026-03-29 21:00:00+00:00,2026-03-30 16:00:00+00:00,62564.21,60939.035811911235
2026-03-29 21:00:00+00:00,2026-03-30 17:00:00+00:00,63094.8,60046.2989209465
2026-03-29 21:00:00+00:00,2026-03-30 18:00:00+00:00,62589.35,57338.872388591255
2026-03-29 21:00:00+00:00,2026-03-30 19:00:00+00:00,59882.94,55001.19539653085
2026-03-29 21:00:00+00:00,2026-03-30 20:00:00+00:00,56631.88,52484.58081872827
2026-03-29 21:00:00+00:00,2026-03-30 21:00:00+00:00,53149.45,49275.9224523582
2026-03-30 21:00:00+00:00,2026-03-30 22:00:00+00:00,50111.31,50670.47394808398
2026-03-30 21:00:00+00:00,2026-03-30 23:00:00+00:00,48212.06,48793.43925857079
2026-03-30 21:00:00+00:00,2026-03-31 00:00:00+00:00,47047.96,47969.44554432451
2026-03-30 21:00:00+00:00,2026-03-31 01:00:00+00:00,47610.8,47935.48453342048
2026-03-30 21:00:00+00:00,2026-03-31 02:00:00+00:00,48909.61,49197.82787951917
2026-03-30 21:00:00+00:00,2026-03-31 03:00:00+00:00,52055.95,52090.10405983582
2026-03-30 21:00:00+00:00,2026-03-31 04:00:00+00:00,58737.23,56490.31670282962
2026-03-30 21:00:00+00:00,2026-03-31 05:00:00+00:00,63582.01,61921.75397423971
2026-03-30 21:00:00+00:00,2026-03-31 06:00:00+00:00,65748.64,64018.299799170694
2026-03-30 21:00:00+00:00,2026-03-31 07:00:00+00:00,65803.5,63480.95782690627
2026-03-30 21:00:00+00:00,2026-03-31 08:00:00+00:00,65360.24,62560.03527698349
2026-03-30 21:00:00+00:00,2026-03-31 09:00:00+00:00,65878.64,61751.334297023626
2026-03-30 21:00:00+00:00,2026-03-31 10:00:00+00:00,64926.14,60933.06542201273
2026-03-30 21:00:00+00:00,2026-03-31 11:00:00+00:00,63668.83,59557.53636852484
2026-03-30 21:00:00+00:00,2026-03-31 12:00:00+00:00,62029.45,58385.71037947369
2026-03-30 21:00:00+00:00,2026-03-31 13:00:00+00:00,61128.47,58105.85813546526
2026-03-30 21:00:00+00:00,2026-03-31 14:00:00+00:00,60194.84,58636.06618182175
2026-03-30 21:00:00+00:00,2026-03-31 15:00:00+00:00,60906.48,60733.085834006626
2026-03-30 21:00:00+00:00,2026-03-31 16:00:00+00:00,61989.13,62416.561100088555
2026-03-30 21:00:00+00:00,2026-03-31 17:00:00+00:00,62983.54,62497.76494331142
2026-03-30 21:00:00+00:00,2026-03-31 18:00:00+00:00,62291.28,59846.19207423622
2026-03-30 21:00:00+00:00,2026-03-31 19:00:00+00:00,59151.62,57319.204371009575
2026-03-30 21:00:00+00:00,2026-03-31 20:00:00+00:00,55611.17,54986.24777371074
2026-03-30 21:00:00+00:00,2026-03-31 21:00:00+00:00,52179.17,51703.07893697167
2026-03-31 21:00:00+00:00,2026-03-31 22:00:00+00:00,49404.48,49277.00769147369
2026-03-31 21:00:00+00:00,2026-03-31 23:00:00+00:00,48049.42,47089.35416303409
2026-03-31 21:00:00+00:00,2026-04-01 00:00:00+00:00,47226.06,46649.42529368821
2026-03-31 21:00:00+00:00,2026-04-01 01:00:00+00:00,47043.31,46989.655923322774
2026-03-31 21:00:00+00:00,2026-04-01 02:00:00+00:00,48462.34,48456.095021297806
2026-03-31 21:00:00+00:00,2026-04-01 03:00:00+00:00,51727.1,51459.64781944788
2026-03-31 21:00:00+00:00,2026-04-01 04:00:00+00:00,58110.65,56670.500524574745
2026-03-31 21:00:00+00:00,2026-04-01 05:00:00+00:00,62313.13,62403.30661175031
2026-03-31 21:00:00+00:00,2026-04-01 06:00:00+00:00,64372.11,65552.3395841397
2026-03-31 21:00:00+00:00,2026-04-01 07:00:00+00:00,65027.4,65112.34276210549
2026-03-31 21:00:00+00:00,2026-04-01 08:00:00+00:00,63886.3,63988.9213086182
2026-03-31 21:00:00+00:00,2026-04-01 09:00:00+00:00,62694.58,63033.20912425975
2026-03-31 21:00:00+00:00,2026-04-01 10:00:00+00:00,61753.96,61475.00709689181
2026-03-31 21:00:00+00:00,2026-04-01 11:00:00+00:00,60667.01,59899.236851675516
2026-03-31 21:00:00+00:00,2026-04-01 12:00:00+00:00,57817.01,58325.725316245545
2026-03-31 21:00:00+00:00,2026-04-01 13:00:00+00:00,57146.04,58201.02873733561
2026-03-31 21:00:00+00:00,2026-04-01 14:00:00+00:00,57277.86,59523.15290778671
2026-03-31 21:00:00+00:00,2026-04-01 15:00:00+00:00,58461.7,62551.81922517605
2026-03-31 21:00:00+00:00,2026-04-01 16:00:00+00:00,59743.77,64554.350992783555
2026-03-31 21:00:00+00:00,2026-04-01 17:00:00+00:00,61227.19,64217.56669625788
2026-03-31 21:00:00+00:00,2026-04-01 18:00:00+00:00,61047.54,61676.20867316786
2026-03-31 21:00:00+00:00,2026-04-01 19:00:00+00:00,58439.0,59039.47385541569
2026-03-31 21:00:00+00:00,2026-04-01 20:00:00+00:00,55309.59,56243.93520793312
2026-03-31 21:00:00+00:00,2026-04-01 21:00:00+00:00,51990.24,52793.89509449396
2026-04-01 21:00:00+00:00,2026-04-01 22:00:00+00:00,49765.55,48855.25667601272
2026-04-01 21:00:00+00:00,2026-04-01 23:00:00+00:00,48431.88,47170.50564033495
2026-04-01 21:00:00+00:00,2026-04-02 00:00:00+00:00,47889.53,46659.06505909486
2026-04-01 21:00:00+00:00,2026-04-02 01:00:00+00:00,48527.92,47053.6198774975
2026-04-01 21:00:00+00:00,2026-04-02 02:00:00+00:00,49762.95,48686.89545991173
2026-04-01 21:00:00+00:00,2026-04-02 03:00:00+00:00,53127.49,51855.867329573986
2026-04-01 21:00:00+00:00,2026-04-02 04:00:00+00:00,59141.79,57900.35061696283
2026-04-01 21:00:00+00:00,2026-04-02 05:00:00+00:00,63112.99,63000.02277226187
2026-04-01 21:00:00+00:00,2026-04-02 06:00:00+00:00,65287.96,64899.57413239985
2026-04-01 21:00:00+00:00,2026-04-02 07:00:00+00:00,64433.25,64521.27952269944
2026-04-01 21:00:00+00:00,2026-04-02 08:00:00+00:00,63457.31,63468.55742512818
2026-04-01 21:00:00+00:00,2026-04-02 09:00:00+00:00,62166.57,62267.93930985428
2026-04-01 21:00:00+00:00,2026-04-02 10:00:00+00:00,60835.89,60967.59262076164
2026-04-01 21:00:00+00:00,2026-04-02 11:00:00+00:00,59024.5,59323.00941537509
2026-04-01 21:00:00+00:00,2026-04-02 12:00:00+00:00,57851.31,57826.77143757103
2026-04-01 21:00:00+00:00,2026-04-02 13:00:00+00:00,57159.18,57648.76289789138
2026-04-01 21:00:00+00:00,2026-04-02 14:00:00+00:00,56575.75,58455.69492251093
2026-04-01 21:00:00+00:00,2026-04-02 15:00:00+00:00,57901.22,60045.05717183581
2026-04-01 21:00:00+00:00,2026-04-02 16:00:00+00:00,58423.01,61776.84033789394
2026-04-01 21:00:00+00:00,2026-04-02 17:00:00+00:00,58459.42,61800.44166498759
2026-04-01 21:00:00+00:00,2026-04-02 18:00:00+00:00,57775.56,59311.09000484437
2026-04-01 21:00:00+00:00,2026-04-02 19:00:00+00:00,55071.63,56851.97918397839
2026-04-01 21:00:00+00:00,2026-04-02 20:00:00+00:00,52159.75,54927.81119253752
2026-04-01 21:00:00+00:00,2026-04-02 21:00:00+00:00,49238.79,52123.40040244826
2026-04-02 21:00:00+00:00,2026-04-02 22:00:00+00:00,46142.22,47777.74667723954
2026-04-02 21:00:00+00:00,2026-04-02 23:00:00+00:00,44968.48,46319.999473192634
2026-04-02 21:00:00+00:00,2026-04-03 00:00:00+00:00,44397.59,45316.366994502845
2026-04-02 21:00:00+00:00,2026-04-03 01:00:00+00:00,44169.68,45491.567212315684
2026-04-02 21:00:00+00:00,2026-04-03 02:00:00+00:00,43704.85,47035.37780344495
2026-04-02 21:00:00+00:00,2026-04-03 03:00:00+00:00,43792.45,49826.98939118579
2026-04-02 21:00:00+00:00,2026-04-03 04:00:00+00:00,44339.05,55355.03860338915
2026-04-02 21:00:00+00:00,2026-04-03 05:00:00+00:00,44949.33,60838.49282237862
2026-04-02 21:00:00+00:00,2026-04-03 06:00:00+00:00,47566.48,63685.73625429587
2026-04-02 21:00:00+00:00,2026-04-03 07:00:00+00:00,49749.33,63029.358899095256
2026-04-02 21:00:00+00:00,2026-04-03 08:00:00+00:00,50426.34,61419.18795329007
2026-04-02 21:00:00+00:00,2026-04-03 09:00:00+00:00,51144.67,60435.200793403346
2026-04-02 21:00:00+00:00,2026-04-03 10:00:00+00:00,50572.01,58391.127292236124
2026-04-02 21:00:00+00:00,2026-04-03 11:00:00+00:00,49276.87,56625.13381697043
2026-04-02 21:00:00+00:00,2026-04-03 12:00:00+00:00,46782.69,55082.201834005245
2026-04-02 21:00:00+00:00,2026-04-03 13:00:00+00:00,44471.05,54891.0647821066
2026-04-02 21:00:00+00:00,2026-04-03 14:00:00+00:00,44736.06,55615.97836625079
2026-04-02 21:00:00+00:00,2026-04-03 15:00:00+00:00,46921.86,56798.11185922505
2026-04-02 21:00:00+00:00,2026-04-03 16:00:00+00:00,48907.48,57823.23733196661
2026-04-02 21:00:00+00:00,2026-04-03 17:00:00+00:00,49168.74,55974.15299991887
2026-04-02 21:00:00+00:00,2026-04-03 18:00:00+00:00,49260.53,53889.31748386963
2026-04-02 21:00:00+00:00,2026-04-03 19:00:00+00:00,48485.84,52058.23076422708
2026-04-02 21:00:00+00:00,2026-04-03 20:00:00+00:00,47751.06,50376.733514669235
2026-04-02 21:00:00+00:00,2026-04-03 21:00:00+00:00,46439.78,48090.09188124932
2026-04-03 21:00:00+00:00,2026-04-03 22:00:00+00:00,44315.89,43978.30269187809
2026-04-03 21:00:00+00:00,2026-04-03 23:00:00+00:00,42466.06,42079.83561985423
2026-04-03 21:00:00+00:00,2026-04-04 00:00:00+00:00,41633.96,41050.4949688474
2026-04-03 21:00:00+00:00,2026-04-04 01:00:00+00:00,41976.58,41036.86054827804
2026-04-03 21:00:00+00:00,2026-04-04 02:00:00+00:00,42515.89,41427.60170146312
2026-04-03 21:00:00+00:00,2026-04-04 03:00:00+00:00,43946.71,42377.157691191205
2026-04-03 21:00:00+00:00,2026-04-04 04:00:00+00:00,45287.59,43866.49880493446
2026-04-03 21:00:00+00:00,2026-04-04 05:00:00+00:00,46981.33,45561.07316067888
2026-04-03 21:00:00+00:00,2026-04-04 06:00:00+00:00,49997.47,47729.19632059995
2026-04-03 21:00:00+00:00,2026-04-04 07:00:00+00:00,51586.74,49923.53429719282
2026-04-03 21:00:00+00:00,2026-04-04 08:00:00+00:00,51360.34,50193.30680423915
2026-04-03 21:00:00+00:00,2026-04-04 09:00:00+00:00,52838.1,51240.2819481956
2026-04-03 21:00:00+00:00,2026-04-04 10:00:00+00:00,52565.1,50164.708562070184
2026-04-03 21:00:00+00:00,2026-04-04 11:00:00+00:00,51320.66,48260.18708199911
2026-04-03 21:00:00+00:00,2026-04-04 12:00:00+00:00,49929.71,46734.678449910534
2026-04-03 21:00:00+00:00,2026-04-04 13:00:00+00:00,50040.4,46041.63876406045
2026-04-03 21:00:00+00:00,2026-04-04 14:00:00+00:00,49865.97,46869.41174717275
2026-04-03 21:00:00+00:00,2026-04-04 15:00:00+00:00,50359.1,48636.403230373726
2026-04-03 21:00:00+00:00,2026-04-04 16:00:00+00:00,50279.94,50123.53462308276
2026-04-03 21:00:00+00:00,2026-04-04 17:00:00+00:00,49980.17,50433.82939428023
2026-04-03 21:00:00+00:00,2026-04-04 18:00:00+00:00,49441.23,49721.97167827957
2026-04-03 21:00:00+00:00,2026-04-04 19:00:00+00:00,47493.3,48583.01160490655
2026-04-03 21:00:00+00:00,2026-04-04 20:00:00+00:00,45871.28,47098.9581063785
2026-04-03 21:00:00+00:00,2026-04-04 21:00:00+00:00,43264.85,45128.660959886794
2026-04-04 21:00:00+00:00,2026-04-04 22:00:00+00:00,41004.07,41032.6196422476
2026-04-04 21:00:00+00:00,2026-04-04 23:00:00+00:00,39281.84,39653.196124433176
2026-04-04 21:00:00+00:00,2026-04-05 00:00:00+00:00,38249.5,38188.2185813868
2026-04-04 21:00:00+00:00,2026-04-05 01:00:00+00:00,38058.14,38545.89010657705
2026-04-04 21:00:00+00:00,2026-04-05 02:00:00+00:00,38442.33,38907.08074179339
2026-04-04 21:00:00+00:00,2026-04-05 03:00:00+00:00,38930.42,39402.529870203914
2026-04-04 21:00:00+00:00,2026-04-05 04:00:00+00:00,39728.46,40023.24808358336
2026-04-04 21:00:00+00:00,2026-04-05 05:00:00+00:00,41296.77,41641.95660040983
2026-04-04 21:00:00+00:00,2026-04-05 06:00:00+00:00,44174.16,44232.78621490141
2026-04-04 21:00:00+00:00,2026-04-05 07:00:00+00:00,45944.23,46843.01659297387
2026-04-04 21:00:00+00:00,2026-04-05 08:00:00+00:00,46688.76,48498.398959898586
2026-04-04 21:00:00+00:00,2026-04-05 09:00:00+00:00,47444.38,49814.822472860025
2026-04-04 21:00:00+00:00,2026-04-05 10:00:00+00:00,45496.23,49650.313668573894
2026-04-04 21:00:00+00:00,2026-04-05 11:00:00+00:00,42977.87,48205.82704474866
2026-04-04 21:00:00+00:00,2026-04-05 12:00:00+00:00,40826.71,46864.04138062778
2026-04-04 21:00:00+00:00,2026-04-05 13:00:00+00:00,40333.72,46675.534028847396
2026-04-04 21:00:00+00:00,2026-04-05 14:00:00+00:00,41293.03,47710.99557224207
2026-04-04 21:00:00+00:00,2026-04-05 15:00:00+00:00,43638.82,50179.95637756222
2026-04-04 21:00:00+00:00,2026-04-05 16:00:00+00:00,46986.09,52265.55623769004
2026-04-04 21:00:00+00:00,2026-04-05 17:00:00+00:00,48909.05,52604.546508280524
2026-04-04 21:00:00+00:00,2026-04-05 18:00:00+00:00,48859.57,50943.48540656716
2026-04-04 21:00:00+00:00,2026-04-05 19:00:00+00:00,47940.24,50100.48497528252
2026-04-04 21:00:00+00:00,2026-04-05 20:00:00+00:00,46243.05,49191.63435978709
2026-04-04 21:00:00+00:00,2026-04-05 21:00:00+00:00,44129.63,46802.00864492176
2026-04-05 21:00:00+00:00,2026-04-05 22:00:00+00:00,41678.34,42400.473770273034
2026-04-05 21:00:00+00:00,2026-04-05 23:00:00+00:00,40127.99,41616.85185216744
2026-04-05 21:00:00+00:00,2026-04-06 00:00:00+00:00,39137.98,41170.64487158464
2026-04-05 21:00:00+00:00,2026-04-06 01:00:00+00:00,39492.66,41794.86403469075
2026-04-05 21:00:00+00:00,2026-04-06 02:00:00+00:00,40447.12,42692.195142675824
2026-04-05 21:00:00+00:00,2026-04-06 03:00:00+00:00,41261.07,44596.08615621498
2026-04-05 21:00:00+00:00,2026-04-06 04:00:00+00:00,41936.68,48036.57452410409
2026-04-05 21:00:00+00:00,2026-04-06 05:00:00+00:00,43282.17,53182.020640065726
2026-04-05 21:00:00+00:00,2026-04-06 06:00:00+00:00,44165.45,57422.63786616097
2026-04-05 21:00:00+00:00,2026-04-06 07:00:00+00:00,46740.73,58725.46759124143
2026-04-05 21:00:00+00:00,2026-04-06 08:00:00+00:00,47350.9,59063.38933651861
2026-04-05 21:00:00+00:00,2026-04-06 09:00:00+00:00,46743.12,58848.16061198448
2026-04-05 21:00:00+00:00,2026-04-06 10:00:00+00:00,44096.0,58042.41341718376
2026-04-05 21:00:00+00:00,2026-04-06 11:00:00+00:00,41980.81,56906.551512575796
2026-04-05 21:00:00+00:00,2026-04-06 12:00:00+00:00,39989.75,56448.66368805945
2026-04-05 21:00:00+00:00,2026-04-06 13:00:00+00:00,38819.07,56970.570239468834
2026-04-05 21:00:00+00:00,2026-04-06 14:00:00+00:00,39886.04,58138.01565027031
2026-04-05 21:00:00+00:00,2026-04-06 15:00:00+00:00,42671.07,59375.91880561592
2026-04-05 21:00:00+00:00,2026-04-06 16:00:00+00:00,48002.97,60432.29949079299
2026-04-05 21:00:00+00:00,2026-04-06 17:00:00+00:00,49276.03,59158.692386497045
2026-04-05 21:00:00+00:00,2026-04-06 18:00:00+00:00,50220.66,56039.24708384948
2026-04-05 21:00:00+00:00,2026-04-06 19:00:00+00:00,49229.29,53988.76906920436
2026-04-05 21:00:00+00:00,2026-04-06 20:00:00+00:00,47632.8,52307.77357888476
2026-04-05 21:00:00+00:00,2026-04-06 21:00:00+00:00,45156.41,49255.8564940359
2026-04-06 21:00:00+00:00,2026-04-06 22:00:00+00:00,42976.2,43404.5818478667
2026-04-06 21:00:00+00:00,2026-04-06 23:00:00+00:00,41462.54,42249.97082840875
2026-04-06 21:00:00+00:00,2026-04-07 00:00:00+00:00,41226.3,42513.35897739206
2026-04-06 21:00:00+00:00,2026-04-07 01:00:00+00:00,41910.29,43150.35769314698
2026-04-06 21:00:00+00:00,2026-04-07 02:00:00+00:00,43496.12,44176.910714136386
2026-04-06 21:00:00+00:00,2026-04-07 03:00:00+00:00,47910.8,47094.79071827631
2026-04-06 21:00:00+00:00,2026-04-07 04:00:00+00:00,55085.87,52057.250253741
2026-04-06 21:00:00+00:00,2026-04-07 05:00:00+00:00,60033.51,57672.01833325741
2026-04-06 21:00:00+00:00,2026-04-07 06:00:00+00:00,62463.76,60456.891116512445
2026-04-06 21:00:00+00:00,2026-04-07 07:00:00+00:00,61081.66,60933.38008305736
2026-04-06 21:00:00+00:00,2026-04-07 08:00:00+00:00,59968.72,60622.48109051131
2026-04-06 21:00:00+00:00,2026-04-07 09:00:00+00:00,59138.78,59796.6387599277
2026-04-06 21:00:00+00:00,2026-04-07 10:00:00+00:00,56752.08,58978.479439920055
2026-04-06 21:00:00+00:00,2026-04-07 11:00:00+00:00,55412.15,58095.351726847286
2026-04-06 21:00:00+00:00,2026-04-07 12:00:00+00:00,54061.68,57380.062596040945
2026-04-06 21:00:00+00:00,2026-04-07 13:00:00+00:00,52886.81,57986.2906657514
2026-04-06 21:00:00+00:00,2026-04-07 14:00:00+00:00,53197.23,58846.420103571545
2026-04-06 21:00:00+00:00,2026-04-07 15:00:00+00:00,54702.7,60877.913399135694
2026-04-06 21:00:00+00:00,2026-04-07 16:00:00+00:00,57427.77,62059.585585711066
2026-04-06 21:00:00+00:00,2026-04-07 17:00:00+00:00,59489.5,61980.62090524878
2026-04-06 21:00:00+00:00,2026-04-07 18:00:00+00:00,59534.46,59564.34460826956
2026-04-06 21:00:00+00:00,2026-04-07 19:00:00+00:00,56371.2,56585.66988815258
2026-04-06 21:00:00+00:00,2026-04-07 20:00:00+00:00,52505.33,54029.40157061854
2026-04-06 21:00:00+00:00,2026-04-07 21:00:00+00:00,48857.23,51218.16143272035
2026-04-07 21:00:00+00:00,2026-04-07 22:00:00+00:00,46100.78,46327.83441802534
2026-04-07 21:00:00+00:00,2026-04-07 23:00:00+00:00,44119.19,44895.68344056678
2026-04-07 21:00:00+00:00,2026-04-08 00:00:00+00:00,43139.74,44561.12371443405
2026-04-07 21:00:00+00:00,2026-04-08 01:00:00+00:00,43347.56,45331.707513033776
2026-04-07 21:00:00+00:00,2026-04-08 02:00:00+00:00,45386.49,46963.67141206808
2026-04-07 21:00:00+00:00,2026-04-08 03:00:00+00:00,49301.1,50559.310452152036
2026-04-07 21:00:00+00:00,2026-04-08 04:00:00+00:00,55780.42,58270.107534618095
2026-04-07 21:00:00+00:00,2026-04-08 05:00:00+00:00,59805.93,62512.57617245792
2026-04-07 21:00:00+00:00,2026-04-08 06:00:00+00:00,62112.52,64379.53372008731
2026-04-07 21:00:00+00:00,2026-04-08 07:00:00+00:00,61490.21,64479.663629146315
2026-04-07 21:00:00+00:00,2026-04-08 08:00:00+00:00,59775.09,64030.66680206094
2026-04-07 21:00:00+00:00,2026-04-08 09:00:00+00:00,57502.51,63084.971322549725
2026-04-07 21:00:00+00:00,2026-04-08 10:00:00+00:00,55186.13,61920.61762904788
2026-04-07 21:00:00+00:00,2026-04-08 11:00:00+00:00,54009.29,61326.27693087645
2026-04-07 21:00:00+00:00,2026-04-08 12:00:00+00:00,52267.23,60559.67511890228
2026-04-07 21:00:00+00:00,2026-04-08 13:00:00+00:00,51445.51,60228.719271045265
2026-04-07 21:00:00+00:00,2026-04-08 14:00:00+00:00,52380.66,61089.16827038365
2026-04-07 21:00:00+00:00,2026-04-08 15:00:00+00:00,54003.9,63070.2556772394
2026-04-07 21:00:00+00:00,2026-04-08 16:00:00+00:00,56819.46,64209.02577600055
2026-04-07 21:00:00+00:00,2026-04-08 17:00:00+00:00,58581.61,63665.4308724835
2026-04-07 21:00:00+00:00,2026-04-08 18:00:00+00:00,58993.85,61220.45107420392
2026-04-07 21:00:00+00:00,2026-04-08 19:00:00+00:00,56402.47,58475.506272748324
2026-04-07 21:00:00+00:00,2026-04-08 20:00:00+00:00,52985.14,55374.80406228072
2026-04-07 21:00:00+00:00,2026-04-08 21:00:00+00:00,49603.16,52251.524165968134
2026-04-08 21:00:00+00:00,2026-04-08 22:00:00+00:00,47159.07,46758.88523880083
2026-04-08 21:00:00+00:00,2026-04-08 23:00:00+00:00,45358.16,45034.461269222345
2026-04-08 21:00:00+00:00,2026-04-09 00:00:00+00:00,44322.74,44708.955003328105
2026-04-08 21:00:00+00:00,2026-04-09 01:00:00+00:00,44666.19,45610.703648300994
2026-04-08 21:00:00+00:00,2026-04-09 02:00:00+00:00,46191.81,47187.04070338558
2026-04-08 21:00:00+00:00,2026-04-09 03:00:00+00:00,49789.81,50805.81742805584
2026-04-08 21:00:00+00:00,2026-04-09 04:00:00+00:00,56130.26,57809.12142262705
2026-04-08 21:00:00+00:00,2026-04-09 05:00:00+00:00,60153.74,61445.32021209071
2026-04-08 21:00:00+00:00,2026-04-09 06:00:00+00:00,62355.77,63337.13156114781
2026-04-08 21:00:00+00:00,2026-04-09 07:00:00+00:00,62158.38,62616.34649555998
2026-04-08 21:00:00+00:00,2026-04-09 08:00:00+00:00,60926.44,61201.58324733208
2026-04-08 21:00:00+00:00,2026-04-09 09:00:00+00:00,59019.06,59968.84359429763
2026-04-08 21:00:00+00:00,2026-04-09 10:00:00+00:00,56431.52,58277.30916447802
2026-04-08 21:00:00+00:00,2026-04-09 11:00:00+00:00,55083.87,56643.31518345883
2026-04-08 21:00:00+00:00,2026-04-09 12:00:00+00:00,53477.8,55120.74227823355
2026-04-08 21:00:00+00:00,2026-04-09 13:00:00+00:00,53503.67,54488.868940047185
2026-04-08 21:00:00+00:00,2026-04-09 14:00:00+00:00,54528.98,55493.27817428964
2026-04-08 21:00:00+00:00,2026-04-09 15:00:00+00:00,55465.14,56947.39408205447
2026-04-08 21:00:00+00:00,2026-04-09 16:00:00+00:00,57933.52,58487.863635842274
2026-04-08 21:00:00+00:00,2026-04-09 17:00:00+00:00,59198.97,57497.67580598392
2026-04-08 21:00:00+00:00,2026-04-09 18:00:00+00:00,59415.9,56611.92072278381
2026-04-08 21:00:00+00:00,2026-04-09 19:00:00+00:00,57718.93,54051.61868768281
2026-04-08 21:00:00+00:00,2026-04-09 20:00:00+00:00,54513.69,51684.0114130642
2026-04-08 21:00:00+00:00,2026-04-09 21:00:00+00:00,50917.29,48954.10447031826
2026-04-09 21:00:00+00:00,2026-04-09 22:00:00+00:00,47883.24,48550.672099587304
2026-04-09 21:00:00+00:00,2026-04-09 23:00:00+00:00,46200.18,47088.61503762511
2026-04-09 21:00:00+00:00,2026-04-10 00:00:00+00:00,45665.47,46289.02508699285
2026-04-09 21:00:00+00:00,2026-04-10 01:00:00+00:00,46465.78,46471.919932335906
2026-04-09 21:00:00+00:00,2026-04-10 02:00:00+00:00,48037.97,47451.196489981834
2026-04-09 21:00:00+00:00,2026-04-10 03:00:00+00:00,50635.23,49495.313574967055
2026-04-09 21:00:00+00:00,2026-04-10 04:00:00+00:00,57091.52,52917.25684810963
2026-04-09 21:00:00+00:00,2026-04-10 05:00:00+00:00,61430.13,55942.37182100938
2026-04-09 21:00:00+00:00,2026-04-10 06:00:00+00:00,63753.24,57285.99574118537
2026-04-09 21:00:00+00:00,2026-04-10 07:00:00+00:00,64599.78,59293.16524255699
2026-04-09 21:00:00+00:00,2026-04-10 08:00:00+00:00,64984.12,60295.121062482605
2026-04-09 21:00:00+00:00,2026-04-10 09:00:00+00:00,64127.22,59634.65932332585
2026-04-09 21:00:00+00:00,2026-04-10 10:00:00+00:00,62074.32,58370.032905396634
2026-04-09 21:00:00+00:00,2026-04-10 11:00:00+00:00,60381.66,56573.570494709915
2026-04-09 21:00:00+00:00,2026-04-10 12:00:00+00:00,57800.09,54900.98149647285
2026-04-09 21:00:00+00:00,2026-04-10 13:00:00+00:00,55949.81,54955.727331020935
2026-04-09 21:00:00+00:00,2026-04-10 14:00:00+00:00,55756.14,55641.612642197746
2026-04-09 21:00:00+00:00,2026-04-10 15:00:00+00:00,55599.89,56682.43022116199
2026-04-09 21:00:00+00:00,2026-04-10 16:00:00+00:00,56715.0,57907.52715212117
2026-04-09 21:00:00+00:00,2026-04-10 17:00:00+00:00,57232.28,57924.06022522941
2026-04-09 21:00:00+00:00,2026-04-10 18:00:00+00:00,56665.76,56659.34096332914
2026-04-09 21:00:00+00:00,2026-04-10 19:00:00+00:00,53605.14,55095.06983126136
2026-04-09 21:00:00+00:00,2026-04-10 20:00:00+00:00,50527.87,53355.46012880371
2026-04-09 21:00:00+00:00,2026-04-10 21:00:00+00:00,47222.42,50858.03709496999
2026-04-10 21:00:00+00:00,2026-04-10 22:00:00+00:00,44526.38,44699.945537750864
2026-04-10 21:00:00+00:00,2026-04-10 23:00:00+00:00,42570.87,43131.973616181545
2026-04-10 21:00:00+00:00,2026-04-11 00:00:00+00:00,42082.25,42140.4516111047
2026-04-10 21:00:00+00:00,2026-04-11 01:00:00+00:00,41955.14,41927.354622829815
2026-04-10 21:00:00+00:00,2026-04-11 02:00:00+00:00,42217.87,42351.47603465747
2026-04-10 21:00:00+00:00,2026-04-11 03:00:00+00:00,42442.86,43774.533208839384
2026-04-10 21:00:00+00:00,2026-04-11 04:00:00+00:00,44074.39,45310.0165545886
2026-04-10 21:00:00+00:00,2026-04-11 05:00:00+00:00,45735.16,48209.72372055709
2026-04-10 21:00:00+00:00,2026-04-11 06:00:00+00:00,48841.84,51276.510082678295
2026-04-10 21:00:00+00:00,2026-04-11 07:00:00+00:00,51047.95,53772.37183350225
2026-04-10 21:00:00+00:00,2026-04-11 08:00:00+00:00,51802.89,54913.690653817524
2026-04-10 21:00:00+00:00,2026-04-11 09:00:00+00:00,49813.69,55803.677649351215
2026-04-10 21:00:00+00:00,2026-04-11 10:00:00+00:00,47422.86,55274.10546376365
2026-04-10 21:00:00+00:00,2026-04-11 11:00:00+00:00,46076.83,54684.66870719499
2026-04-10 21:00:00+00:00,2026-04-11 12:00:00+00:00,44841.65,54086.29778795799
2026-04-10 21:00:00+00:00,2026-04-11 13:00:00+00:00,44172.97,53619.059366580645
2026-04-10 21:00:00+00:00,2026-04-11 14:00:00+00:00,45789.76,53769.731494524065
2026-04-10 21:00:00+00:00,2026-04-11 15:00:00+00:00,48295.41,54635.067381368426
2026-04-10 21:00:00+00:00,2026-04-11 16:00:00+00:00,50503.29,56263.05676464241
2026-04-10 21:00:00+00:00,2026-04-11 17:00:00+00:00,52145.51,56088.54583621431
2026-04-10 21:00:00+00:00,2026-04-11 18:00:00+00:00,51772.4,53899.91351917312
2026-04-10 21:00:00+00:00,2026-04-11 19:00:00+00:00,49170.02,51881.29921297463
2026-04-10 21:00:00+00:00,2026-04-11 20:00:00+00:00,47605.76,50001.44107968375
2026-04-10 21:00:00+00:00,2026-04-11 21:00:00+00:00,44864.78,47548.943009795
2026-04-11 21:00:00+00:00,2026-04-11 22:00:00+00:00,43099.77,42316.77756158016
2026-04-11 21:00:00+00:00,2026-04-11 23:00:00+00:00,40625.39,40611.688777855365
2026-04-11 21:00:00+00:00,2026-04-12 00:00:00+00:00,39482.34,39498.87980636043
2026-04-11 21:00:00+00:00,2026-04-12 01:00:00+00:00,38904.32,39574.13580088173
2026-04-11 21:00:00+00:00,2026-04-12 02:00:00+00:00,38815.26,39890.52133930893
2026-04-11 21:00:00+00:00,2026-04-12 03:00:00+00:00,39000.41,40300.75571443017
2026-04-11 21:00:00+00:00,2026-04-12 04:00:00+00:00,39723.88,40731.80998311414
2026-04-11 21:00:00+00:00,2026-04-12 05:00:00+00:00,41175.32,41585.36280934827
2026-04-11 21:00:00+00:00,2026-04-12 06:00:00+00:00,44418.83,43728.446398557455
2026-04-11 21:00:00+00:00,2026-04-12 07:00:00+00:00,47334.91,45071.22205919581
2026-04-11 21:00:00+00:00,2026-04-12 08:00:00+00:00,49755.67,46609.19973186714
2026-04-11 21:00:00+00:00,2026-04-12 09:00:00+00:00,51061.0,46829.11249056867
2026-04-11 21:00:00+00:00,2026-04-12 10:00:00+00:00,50670.27,44781.00702734665
2026-04-11 21:00:00+00:00,2026-04-12 11:00:00+00:00,48286.19,43359.32482357988
2026-04-11 21:00:00+00:00,2026-04-12 12:00:00+00:00,47247.62,42018.63365987097
2026-04-11 21:00:00+00:00,2026-04-12 13:00:00+00:00,45731.82,41280.36540545827
2026-04-11 21:00:00+00:00,2026-04-12 14:00:00+00:00,45984.59,42128.507483199006
2026-04-11 21:00:00+00:00,2026-04-12 15:00:00+00:00,47197.59,43443.47794772808
2026-04-11 21:00:00+00:00,2026-04-12 16:00:00+00:00,49290.67,46021.7518745818
2026-04-11 21:00:00+00:00,2026-04-12 17:00:00+00:00,49315.25,47724.63423222255
2026-04-11 21:00:00+00:00,2026-04-12 18:00:00+00:00,49213.41,47842.96295099759
2026-04-11 21:00:00+00:00,2026-04-12 19:00:00+00:00,47930.69,46768.74955953404
2026-04-11 21:00:00+00:00,2026-04-12 20:00:00+00:00,47305.42,45444.92912442469
2026-04-11 21:00:00+00:00,2026-04-12 21:00:00+00:00,44610.48,44071.85282492562
2026-04-12 21:00:00+00:00,2026-04-12 22:00:00+00:00,42891.44,42924.246327263536
2026-04-12 21:00:00+00:00,2026-04-12 23:00:00+00:00,41920.92,41302.27290883791
2026-04-12 21:00:00+00:00,2026-04-13 00:00:00+00:00,41864.16,41379.28259302614
2026-04-12 21:00:00+00:00,2026-04-13 01:00:00+00:00,42418.63,41740.029875584616
2026-04-12 21:00:00+00:00,2026-04-13 02:00:00+00:00,43490.84,42818.65410866809
2026-04-12 21:00:00+00:00,2026-04-13 03:00:00+00:00,47780.51,44871.40102918792
2026-04-12 21:00:00+00:00,2026-04-13 04:00:00+00:00,55850.78,48798.44365460581
2026-04-12 21:00:00+00:00,2026-04-13 05:00:00+00:00,60361.42,52906.782495474814
2026-04-12 21:00:00+00:00,2026-04-13 06:00:00+00:00,63316.82,55954.695565048874
2026-04-12 21:00:00+00:00,2026-04-13 07:00:00+00:00,63430.49,57824.929967608135
2026-04-12 21:00:00+00:00,2026-04-13 08:00:00+00:00,63793.0,59516.54841306039
2026-04-12 21:00:00+00:00,2026-04-13 09:00:00+00:00,65167.31,59637.6099266838
2026-04-12 21:00:00+00:00,2026-04-13 10:00:00+00:00,64783.23,58569.358189419065
2026-04-12 21:00:00+00:00,2026-04-13 11:00:00+00:00,63146.16,57193.59368733393
2026-04-12 21:00:00+00:00,2026-04-13 12:00:00+00:00,61851.74,56095.21899241652
2026-04-12 21:00:00+00:00,2026-04-13 13:00:00+00:00,61066.55,55697.24700499656
2026-04-12 21:00:00+00:00,2026-04-13 14:00:00+00:00,61726.89,56401.96785216525
2026-04-12 21:00:00+00:00,2026-04-13 15:00:00+00:00,63135.25,58112.66590952115
2026-04-12 21:00:00+00:00,2026-04-13 16:00:00+00:00,64226.71,59477.34912567706
2026-04-12 21:00:00+00:00,2026-04-13 17:00:00+00:00,63425.54,58976.54490126029
2026-04-12 21:00:00+00:00,2026-04-13 18:00:00+00:00,62175.46,56520.76441712845
2026-04-12 21:00:00+00:00,2026-04-13 19:00:00+00:00,59500.33,53452.11549271409
2026-04-12 21:00:00+00:00,2026-04-13 20:00:00+00:00,55379.9,50872.79414138419
2026-04-12 21:00:00+00:00,2026-04-13 21:00:00+00:00,50804.62,47721.6506714255
2026-04-13 21:00:00+00:00,2026-04-13 22:00:00+00:00,48542.37,48153.82815411712
2026-04-13 21:00:00+00:00,2026-04-13 23:00:00+00:00,47065.08,46588.972219102194
2026-04-13 21:00:00+00:00,2026-04-14 00:00:00+00:00,45946.02,46072.21928060233
2026-04-13 21:00:00+00:00,2026-04-14 01:00:00+00:00,46197.78,46308.817744198604
2026-04-13 21:00:00+00:00,2026-04-14 02:00:00+00:00,47756.87,47411.984702038855
2026-04-13 21:00:00+00:00,2026-04-14 03:00:00+00:00,50473.7,50567.40776904971
2026-04-13 21:00:00+00:00,2026-04-14 04:00:00+00:00,57910.98,57056.162269730885
2026-04-13 21:00:00+00:00,2026-04-14 05:00:00+00:00,62338.13,62798.94781345529
2026-04-13 21:00:00+00:00,2026-04-14 06:00:00+00:00,64516.44,64623.8886905223
2026-04-13 21:00:00+00:00,2026-04-14 07:00:00+00:00,64852.59,64628.18720419064
2026-04-13 21:00:00+00:00,2026-04-14 08:00:00+00:00,64509.39,64613.02647788184
2026-04-13 21:00:00+00:00,2026-04-14 09:00:00+00:00,64309.91,64676.431969426965
2026-04-13 21:00:00+00:00,2026-04-14 10:00:00+00:00,63776.14,64390.444751258074
2026-04-13 21:00:00+00:00,2026-04-14 11:00:00+00:00,62037.44,63524.18994529292
2026-04-13 21:00:00+00:00,2026-04-14 12:00:00+00:00,59991.94,62565.275283508425
2026-04-13 21:00:00+00:00,2026-04-14 13:00:00+00:00,58195.82,62012.09042390215
2026-04-13 21:00:00+00:00,2026-04-14 14:00:00+00:00,57111.4,62327.03760041718
2026-04-13 21:00:00+00:00,2026-04-14 15:00:00+00:00,56922.65,64211.68373780546
2026-04-13 21:00:00+00:00,2026-04-14 16:00:00+00:00,57834.39,65798.57221879532
2026-04-13 21:00:00+00:00,2026-04-14 17:00:00+00:00,58744.91,65788.98636104999
2026-04-13 21:00:00+00:00,2026-04-14 18:00:00+00:00,58215.16,63189.311773154295
2026-04-13 21:00:00+00:00,2026-04-14 19:00:00+00:00,55577.18,60054.43283996115
2026-04-13 21:00:00+00:00,2026-04-14 20:00:00+00:00,52124.93,56882.83213305331
2026-04-13 21:00:00+00:00,2026-04-14 21:00:00+00:00,48522.88,53657.474876226785
2026-04-14 21:00:00+00:00,2026-04-14 22:00:00+00:00,45792.63,46243.358353206255
2026-04-14 21:00:00+00:00,2026-04-14 23:00:00+00:00,44131.07,44639.65468359926
2026-04-14 21:00:00+00:00,2026-04-15 00:00:00+00:00,43312.43,43906.2968399059
2026-04-14 21:00:00+00:00,2026-04-15 01:00:00+00:00,43687.92,44088.0570563834
2026-04-14 21:00:00+00:00,2026-04-15 02:00:00+00:00,45314.74,45431.216544254
2026-04-14 21:00:00+00:00,2026-04-15 03:00:00+00:00,48752.48,48452.8905526939
2026-04-14 21:00:00+00:00,2026-04-15 04:00:00+00:00,55853.16,55811.60746807792
2026-04-14 21:00:00+00:00,2026-04-15 05:00:00+00:00,60074.59,60784.572640711514
2026-04-14 21:00:00+00:00,2026-04-15 06:00:00+00:00,61923.0,63536.925416975915
2026-04-14 21:00:00+00:00,2026-04-15 07:00:00+00:00,60926.5,63436.18057566114
2026-04-14 21:00:00+00:00,2026-04-15 08:00:00+00:00,60988.69,63015.555775491805
2026-04-14 21:00:00+00:00,2026-04-15 09:00:00+00:00,59865.83,62514.97302200386
2026-04-14 21:00:00+00:00,2026-04-15 10:00:00+00:00,58270.9,61228.759294492804
2026-04-14 21:00:00+00:00,2026-04-15 11:00:00+00:00,56674.3,59422.279671826866
2026-04-14 21:00:00+00:00,2026-04-15 12:00:00+00:00,55553.72,57780.10398439754
2026-04-14 21:00:00+00:00,2026-04-15 13:00:00+00:00,55027.84,57114.474920349276
2026-04-14 21:00:00+00:00,2026-04-15 14:00:00+00:00,54849.55,56680.22558611083
2026-04-14 21:00:00+00:00,2026-04-15 15:00:00+00:00,55089.31,57288.520890888096
2026-04-14 21:00:00+00:00,2026-04-15 16:00:00+00:00,57144.85,58490.64583852481
2026-04-14 21:00:00+00:00,2026-04-15 17:00:00+00:00,58477.13,57765.5080362861
2026-04-14 21:00:00+00:00,2026-04-15 18:00:00+00:00,57933.64,56376.89261645781
2026-04-14 21:00:00+00:00,2026-04-15 19:00:00+00:00,55092.79,53688.103659048655
2026-04-14 21:00:00+00:00,2026-04-15 20:00:00+00:00,51568.92,51032.962029469614
2026-04-14 21:00:00+00:00,2026-04-15 21:00:00+00:00,48055.84,48152.77880977707
2026-04-15 21:00:00+00:00,2026-04-15 22:00:00+00:00,44900.77,45719.916611410896
2026-04-15 21:00:00+00:00,2026-04-15 23:00:00+00:00,43254.7,43922.568685820894
2026-04-15 21:00:00+00:00,2026-04-16 00:00:00+00:00,42438.57,43255.016409546806
2026-04-15 21:00:00+00:00,2026-04-16 01:00:00+00:00,42715.79,43182.64860557818
2026-04-15 21:00:00+00:00,2026-04-16 02:00:00+00:00,43923.9,43813.72799081839
2026-04-15 21:00:00+00:00,2026-04-16 03:00:00+00:00,47225.99,46251.5261083407
2026-04-15 21:00:00+00:00,2026-04-16 04:00:00+00:00,54314.33,50061.33399077252
2026-04-15 21:00:00+00:00,2026-04-16 05:00:00+00:00,58764.36,55563.605185842374
2026-04-15 21:00:00+00:00,2026-04-16 06:00:00+00:00,61089.5,57701.050794038405
2026-04-15 21:00:00+00:00,2026-04-16 07:00:00+00:00,61764.72,58995.7932373163
2026-04-15 21:00:00+00:00,2026-04-16 08:00:00+00:00,61771.21,59102.83207347623
2026-04-15 21:00:00+00:00,2026-04-16 09:00:00+00:00,60595.92,58969.18929864089
2026-04-15 21:00:00+00:00,2026-04-16 10:00:00+00:00,58091.95,57508.4740155548
2026-04-15 21:00:00+00:00,2026-04-16 11:00:00+00:00,56726.34,55765.03884643832
2026-04-15 21:00:00+00:00,2026-04-16 12:00:00+00:00,55951.48,54384.5781481712
2026-04-15 21:00:00+00:00,2026-04-16 13:00:00+00:00,54534.68,53965.04935064824
2026-04-15 21:00:00+00:00,2026-04-16 14:00:00+00:00,54351.6,53860.09478080394
2026-04-15 21:00:00+00:00,2026-04-16 15:00:00+00:00,55640.71,54305.33894187541
2026-04-15 21:00:00+00:00,2026-04-16 16:00:00+00:00,57337.84,56046.85780826189
2026-04-15 21:00:00+00:00,2026-04-16 17:00:00+00:00,58457.17,56236.79429306412
2026-04-15 21:00:00+00:00,2026-04-16 18:00:00+00:00,57988.84,55499.31108548232
2026-04-15 21:00:00+00:00,2026-04-16 19:00:00+00:00,55220.82,53571.047852851654
2026-04-15 21:00:00+00:00,2026-04-16 20:00:00+00:00,51318.11,50951.99905128383
2026-04-15 21:00:00+00:00,2026-04-16 21:00:00+00:00,47601.45,48041.394196968904
2026-04-16 21:00:00+00:00,2026-04-16 22:00:00+00:00,44838.47,45115.98867682241
2026-04-16 21:00:00+00:00,2026-04-16 23:00:00+00:00,43400.9,43554.51857852451
2026-04-16 21:00:00+00:00,2026-04-17 00:00:00+00:00,42550.32,42873.54074358903
2026-04-16 21:00:00+00:00,2026-04-17 01:00:00+00:00,42431.45,42979.705352256475
2026-04-16 21:00:00+00:00,2026-04-17 02:00:00+00:00,44126.9,43740.98952922818
2026-04-16 21:00:00+00:00,2026-04-17 03:00:00+00:00,47544.9,46150.58780849937
2026-04-16 21:00:00+00:00,2026-04-17 04:00:00+00:00,54166.86,49626.98969211273
2026-04-16 21:00:00+00:00,2026-04-17 05:00:00+00:00,59063.75,54469.636998248476
2026-04-16 21:00:00+00:00,2026-04-17 06:00:00+00:00,61838.15,57585.8063464203
2026-04-16 21:00:00+00:00,2026-04-17 07:00:00+00:00,60772.12,58654.27852480258
2026-04-16 21:00:00+00:00,2026-04-17 08:00:00+00:00,58900.5,58908.587111752844
2026-04-16 21:00:00+00:00,2026-04-17 09:00:00+00:00,58004.78,58377.281083399495
2026-04-16 21:00:00+00:00,2026-04-17 10:00:00+00:00,56525.76,56608.76119183894
2026-04-16 21:00:00+00:00,2026-04-17 11:00:00+00:00,54881.17,54921.11109308975
2026-04-16 21:00:00+00:00,2026-04-17 12:00:00+00:00,53633.03,53586.72608641874
2026-04-16 21:00:00+00:00,2026-04-17 13:00:00+00:00,53204.89,52624.02632781479
2026-04-16 21:00:00+00:00,2026-04-17 14:00:00+00:00,53384.48,52477.78750145552
2026-04-16 21:00:00+00:00,2026-04-17 15:00:00+00:00,54106.03,53447.67397087387
2026-04-16 21:00:00+00:00,2026-04-17 16:00:00+00:00,54576.11,54829.25121100968
2026-04-16 21:00:00+00:00,2026-04-17 17:00:00+00:00,55508.33,54961.71553477818
2026-04-16 21:00:00+00:00,2026-04-17 18:00:00+00:00,54711.08,53652.40203930252
2026-04-16 21:00:00+00:00,2026-04-17 19:00:00+00:00,52374.3,51244.63354395991
2026-04-16 21:00:00+00:00,2026-04-17 20:00:00+00:00,48614.75,49118.573583968406
2026-04-16 21:00:00+00:00,2026-04-17 21:00:00+00:00,45571.38,46527.08550806882
2026-04-17 21:00:00+00:00,2026-04-17 22:00:00+00:00,43728.09,43242.01988770843
2026-04-17 21:00:00+00:00,2026-04-17 23:00:00+00:00,42138.24,41283.68461475454
2026-04-17 21:00:00+00:00,2026-04-18 00:00:00+00:00,40743.87,41061.56718568435
2026-04-17 21:00:00+00:00,2026-04-18 01:00:00+00:00,40418.55,40974.3294496471
2026-04-17 21:00:00+00:00,2026-04-18 02:00:00+00:00,40488.55,41414.92798817199
2026-04-17 21:00:00+00:00,2026-04-18 03:00:00+00:00,41522.05,42356.69342464245
2026-04-17 21:00:00+00:00,2026-04-18 04:00:00+00:00,43094.57,43764.280086968225
2026-04-17 21:00:00+00:00,2026-04-18 05:00:00+00:00,45219.79,45453.462049307505
2026-04-17 21:00:00+00:00,2026-04-18 06:00:00+00:00,48079.64,48102.109792907446
2026-04-17 21:00:00+00:00,2026-04-18 07:00:00+00:00,50059.75,50830.73559667274
2026-04-17 21:00:00+00:00,2026-04-18 08:00:00+00:00,49967.73,52006.11000035375
2026-04-17 21:00:00+00:00,2026-04-18 09:00:00+00:00,49226.83,52614.66346918479
2026-04-17 21:00:00+00:00,2026-04-18 10:00:00+00:00,47982.69,51720.67936891131
2026-04-17 21:00:00+00:00,2026-04-18 11:00:00+00:00,46161.26,50900.13896887911
2026-04-17 21:00:00+00:00,2026-04-18 12:00:00+00:00,45767.6,49477.21432308887
2026-04-17 21:00:00+00:00,2026-04-18 13:00:00+00:00,46209.17,48902.92201133437
2026-04-17 21:00:00+00:00,2026-04-18 14:00:00+00:00,47134.99,49326.50369889066
2026-04-17 21:00:00+00:00,2026-04-18 15:00:00+00:00,47347.44,50674.247951944206
2026-04-17 21:00:00+00:00,2026-04-18 16:00:00+00:00,48210.54,51845.66363517739
2026-04-17 21:00:00+00:00,2026-04-18 17:00:00+00:00,48787.0,52318.4714356421
2026-04-17 21:00:00+00:00,2026-04-18 18:00:00+00:00,47901.27,50796.16178220528
2026-04-17 21:00:00+00:00,2026-04-18 19:00:00+00:00,46438.14,49234.49524750842
2026-04-17 21:00:00+00:00,2026-04-18 20:00:00+00:00,44174.05,47358.13001565512
2026-04-17 21:00:00+00:00,2026-04-18 21:00:00+00:00,41174.98,44400.56713600071
2026-04-18 21:00:00+00:00,2026-04-18 22:00:00+00:00,38622.9,39362.64985569626
2026-04-18 21:00:00+00:00,2026-04-18 23:00:00+00:00,37202.33,38476.834545305595
2026-04-18 21:00:00+00:00,2026-04-19 00:00:00+00:00,36068.7,37944.73186503206
2026-04-18 21:00:00+00:00,2026-04-19 01:00:00+00:00,35516.91,38016.30663740483
2026-04-18 21:00:00+00:00,2026-04-19 02:00:00+00:00,35555.57,38243.951840909765
2026-04-18 21:00:00+00:00,2026-04-19 03:00:00+00:00,36035.72,38638.186282671544
2026-04-18 21:00:00+00:00,2026-04-19 04:00:00+00:00,37871.72,39014.602723374075
2026-04-18 21:00:00+00:00,2026-04-19 05:00:00+00:00,39930.1,39830.557220194285
2026-04-18 21:00:00+00:00,2026-04-19 06:00:00+00:00,42904.33,41905.06338365637
2026-04-18 21:00:00+00:00,2026-04-19 07:00:00+00:00,44708.27,43684.7245028379
2026-04-18 21:00:00+00:00,2026-04-19 08:00:00+00:00,46541.32,44705.77472120063
2026-04-18 21:00:00+00:00,2026-04-19 09:00:00+00:00,48545.57,45574.58212042471
2026-04-18 21:00:00+00:00,2026-04-19 10:00:00+00:00,47930.76,44696.48837688666
2026-04-18 21:00:00+00:00,2026-04-19 11:00:00+00:00,47297.26,43731.647856758114
2026-04-18 21:00:00+00:00,2026-04-19 12:00:00+00:00,46414.05,42164.47324087274
2026-04-18 21:00:00+00:00,2026-04-19 13:00:00+00:00,45503.57,41511.897063374665
2026-04-18 21:00:00+00:00,2026-04-19 14:00:00+00:00,45717.25,42566.43375317328
2026-04-18 21:00:00+00:00,2026-04-19 15:00:00+00:00,47832.47,44654.96277138717
2026-04-18 21:00:00+00:00,2026-04-19 16:00:00+00:00,50759.68,47086.94290508071
2026-04-18 21:00:00+00:00,2026-04-19 17:00:00+00:00,52661.83,47985.37888398956
2026-04-18 21:00:00+00:00,2026-04-19 18:00:00+00:00,53124.47,47703.85118092017
2026-04-18 21:00:00+00:00,2026-04-19 19:00:00+00:00,52108.95,46275.8727683347
2026-04-18 21:00:00+00:00,2026-04-19 20:00:00+00:00,50415.63,44724.48252128913
2026-04-18 21:00:00+00:00,2026-04-19 21:00:00+00:00,47408.26,43545.591403044535
2026-04-19 21:00:00+00:00,2026-04-19 22:00:00+00:00,44639.96,44737.19141209128
2026-04-19 21:00:00+00:00,2026-04-19 23:00:00+00:00,43351.6,42489.533024748045
2026-04-19 21:00:00+00:00,2026-04-20 00:00:00+00:00,43075.72,41363.67704957713
2026-04-19 21:00:00+00:00,2026-04-20 01:00:00+00:00,43419.49,40610.77069049532
2026-04-19 21:00:00+00:00,2026-04-20 02:00:00+00:00,44966.27,40545.88599824498
2026-04-19 21:00:00+00:00,2026-04-20 03:00:00+00:00,49357.02,42217.47164467953
2026-04-19 21:00:00+00:00,2026-04-20 04:00:00+00:00,57165.0,44654.882244057524
2026-04-19 21:00:00+00:00,2026-04-20 05:00:00+00:00,62061.05,47351.54730704623
2026-04-19 21:00:00+00:00,2026-04-20 06:00:00+00:00,64458.13,50577.05310967543
2026-04-19 21:00:00+00:00,2026-04-20 07:00:00+00:00,64728.13,54464.68801254388
2026-04-19 21:00:00+00:00,2026-04-20 08:00:00+00:00,63190.64,56331.33872843267
2026-04-19 21:00:00+00:00,2026-04-20 09:00:00+00:00,62394.14,56952.564690769446
2026-04-19 21:00:00+00:00,2026-04-20 10:00:00+00:00,60235.03,56782.49523717706
2026-04-19 21:00:00+00:00,2026-04-20 11:00:00+00:00,59191.4,56101.47354847161
2026-04-19 21:00:00+00:00,2026-04-20 12:00:00+00:00,57978.09,55532.88929331063
2026-04-19 21:00:00+00:00,2026-04-20 13:00:00+00:00,57132.04,55842.5087766999
2026-04-19 21:00:00+00:00,2026-04-20 14:00:00+00:00,56643.55,57372.96559081461
2026-04-19 21:00:00+00:00,2026-04-20 15:00:00+00:00,58355.11,59904.0722080891
2026-04-19 21:00:00+00:00,2026-04-20 16:00:00+00:00,60596.14,61894.11232653388
2026-04-19 21:00:00+00:00,2026-04-20 17:00:00+00:00,61484.47,62582.39401856827
2026-04-19 21:00:00+00:00,2026-04-20 18:00:00+00:00,60563.79,60601.24885573952
2026-04-19 21:00:00+00:00,2026-04-20 19:00:00+00:00,58141.33,57641.90317257781
2026-04-19 21:00:00+00:00,2026-04-20 20:00:00+00:00,53910.81,55098.03928016678
2026-04-19 21:00:00+00:00,2026-04-20 21:00:00+00:00,49893.25,51759.11493561813
2026-04-20 21:00:00+00:00,2026-04-20 22:00:00+00:00,47642.17,47100.10623497168
2026-04-20 21:00:00+00:00,2026-04-20 23:00:00+00:00,46196.7,45506.02553815059
2026-04-20 21:00:00+00:00,2026-04-21 00:00:00+00:00,45708.05,44524.68900371738
2026-04-20 21:00:00+00:00,2026-04-21 01:00:00+00:00,45801.9,44743.6854536569
2026-04-20 21:00:00+00:00,2026-04-21 02:00:00+00:00,47205.64,46306.652749741836
2026-04-20 21:00:00+00:00,2026-04-21 03:00:00+00:00,51172.7,48980.60030581773
2026-04-20 21:00:00+00:00,2026-04-21 04:00:00+00:00,58013.77,55915.45787051631
2026-04-20 21:00:00+00:00,2026-04-21 05:00:00+00:00,61900.57,60367.62835973821
2026-04-20 21:00:00+00:00,2026-04-21 06:00:00+00:00,63386.4,62328.89390203485
2026-04-20 21:00:00+00:00,2026-04-21 07:00:00+00:00,62443.53,61937.23521921114
2026-04-20 21:00:00+00:00,2026-04-21 08:00:00+00:00,61969.52,61022.132265916785
2026-04-20 21:00:00+00:00,2026-04-21 09:00:00+00:00,61472.27,59792.814317958575
2026-04-20 21:00:00+00:00,2026-04-21 10:00:00+00:00,59473.18,58565.31123381824
2026-04-20 21:00:00+00:00,2026-04-21 11:00:00+00:00,57903.73,57276.4692269698
2026-04-20 21:00:00+00:00,2026-04-21 12:00:00+00:00,56033.85,56727.55976184184
2026-04-20 21:00:00+00:00,2026-04-21 13:00:00+00:00,55050.02,56324.01511362692
2026-04-20 21:00:00+00:00,2026-04-21 14:00:00+00:00,54590.41,56518.77033071218
2026-04-20 21:00:00+00:00,2026-04-21 15:00:00+00:00,56269.04,57766.482045457145
2026-04-20 21:00:00+00:00,2026-04-21 16:00:00+00:00,58051.38,59723.88649608835
2026-04-20 21:00:00+00:00,2026-04-21 17:00:00+00:00,59246.55,60261.26805099065
2026-04-20 21:00:00+00:00,2026-04-21 18:00:00+00:00,58101.93,58474.775629829426
2026-04-20 21:00:00+00:00,2026-04-21 19:00:00+00:00,55885.29,55480.797656440074
2026-04-20 21:00:00+00:00,2026-04-21 20:00:00+00:00,52586.6,52407.747558418676
2026-04-20 21:00:00+00:00,2026-04-21 21:00:00+00:00,48861.78,49190.44345650265
2026-04-21 21:00:00+00:00,2026-04-21 22:00:00+00:00,45685.95,46316.41874307595
2026-04-21 21:00:00+00:00,2026-04-21 23:00:00+00:00,44192.45,44652.303095805146
2026-04-21 21:00:00+00:00,2026-04-22 00:00:00+00:00,43861.01,43809.277244848075
2026-04-21 21:00:00+00:00,2026-04-22 01:00:00+00:00,44307.27,43997.226753427014
2026-04-21 21:00:00+00:00,2026-04-22 02:00:00+00:00,45449.38,45487.95449000029
2026-04-21 21:00:00+00:00,2026-04-22 03:00:00+00:00,49586.61,48372.74584079019
2026-04-21 21:00:00+00:00,2026-04-22 04:00:00+00:00,56802.5,55358.1436242258
2026-04-21 21:00:00+00:00,2026-04-22 05:00:00+00:00,61063.86,59829.637987792725
2026-04-21 21:00:00+00:00,2026-04-22 06:00:00+00:00,62639.17,62373.61056392375
2026-04-21 21:00:00+00:00,2026-04-22 07:00:00+00:00,59848.33,61807.79214782087
2026-04-21 21:00:00+00:00,2026-04-22 08:00:00+00:00,58525.04,60765.03470058274
2026-04-21 21:00:00+00:00,2026-04-22 09:00:00+00:00,56582.69,59684.32654331517
2026-04-21 21:00:00+00:00,2026-04-22 10:00:00+00:00,55649.62,58112.88418845549
2026-04-21 21:00:00+00:00,2026-04-22 11:00:00+00:00,54218.55,56639.72190360762
2026-04-21 21:00:00+00:00,2026-04-22 12:00:00+00:00,52898.11,54907.23431947732
2026-04-21 21:00:00+00:00,2026-04-22 13:00:00+00:00,52752.14,54509.82814398067
2026-04-21 21:00:00+00:00,2026-04-22 14:00:00+00:00,53316.36,54776.00366140705
2026-04-21 21:00:00+00:00,2026-04-22 15:00:00+00:00,55730.71,55818.41110304252
2026-04-21 21:00:00+00:00,2026-04-22 16:00:00+00:00,57784.6,56998.3035955311
2026-04-21 21:00:00+00:00,2026-04-22 17:00:00+00:00,59509.45,57592.425791978465
2026-04-21 21:00:00+00:00,2026-04-22 18:00:00+00:00,59521.11,57178.070111552726
2026-04-21 21:00:00+00:00,2026-04-22 19:00:00+00:00,57653.16,54368.539678035755
2026-04-21 21:00:00+00:00,2026-04-22 20:00:00+00:00,54756.03,51602.6133781278
2026-04-21 21:00:00+00:00,2026-04-22 21:00:00+00:00,51488.06,48427.48494989243
2026-04-22 21:00:00+00:00,2026-04-22 22:00:00+00:00,48064.29,48905.85852089804
2026-04-22 21:00:00+00:00,2026-04-22 23:00:00+00:00,46209.02,46931.79568193045
2026-04-22 21:00:00+00:00,2026-04-23 00:00:00+00:00,45257.14,46085.88577701689
2026-04-22 21:00:00+00:00,2026-04-23 01:00:00+00:00,45751.15,46223.14924150537
2026-04-22 21:00:00+00:00,2026-04-23 02:00:00+00:00,47310.53,47233.0284571857
2026-04-22 21:00:00+00:00,2026-04-23 03:00:00+00:00,51564.28,50060.26982871288
2026-04-22 21:00:00+00:00,2026-04-23 04:00:00+00:00,58629.27,56369.88382819332
2026-04-22 21:00:00+00:00,2026-04-23 05:00:00+00:00,62335.75,60906.46135728213
2026-04-22 21:00:00+00:00,2026-04-23 06:00:00+00:00,63694.82,62722.46065212226
2026-04-22 21:00:00+00:00,2026-04-23 07:00:00+00:00,60265.29,61390.7613485129
2026-04-22 21:00:00+00:00,2026-04-23 08:00:00+00:00,58429.33,59921.13803624841
2026-04-22 21:00:00+00:00,2026-04-23 09:00:00+00:00,56651.15,58751.173427142356
2026-04-22 21:00:00+00:00,2026-04-23 10:00:00+00:00,54618.75,57218.93030231362
2026-04-22 21:00:00+00:00,2026-04-23 11:00:00+00:00,53678.79,56138.13449883065
2026-04-22 21:00:00+00:00,2026-04-23 12:00:00+00:00,52143.72,54468.084019003225
2026-04-22 21:00:00+00:00,2026-04-23 13:00:00+00:00,51490.73,54471.33305802911
2026-04-22 21:00:00+00:00,2026-04-23 14:00:00+00:00,52024.25,55387.045631449975
2026-04-22 21:00:00+00:00,2026-04-23 15:00:00+00:00,55755.21,56140.128340931275
2026-04-22 21:00:00+00:00,2026-04-23 16:00:00+00:00,58100.84,57614.306590644
2026-04-22 21:00:00+00:00,2026-04-23 17:00:00+00:00,60068.82,58588.36721344981
2026-04-22 21:00:00+00:00,2026-04-23 18:00:00+00:00,59538.37,57797.362062819346
2026-04-22 21:00:00+00:00,2026-04-23 19:00:00+00:00,57775.04,55185.710964252765
2026-04-22 21:00:00+00:00,2026-04-23 20:00:00+00:00,53261.7,52121.066524705675
2026-04-22 21:00:00+00:00,2026-04-23 21:00:00+00:00,49438.51,48881.217249705805
2026-04-23 21:00:00+00:00,2026-04-23 22:00:00+00:00,46868.59,46900.53002068906
2026-04-23 21:00:00+00:00,2026-04-23 23:00:00+00:00,45572.06,45693.42179602337
2026-04-23 21:00:00+00:00,2026-04-24 00:00:00+00:00,44858.53,45019.8019532426
2026-04-23 21:00:00+00:00,2026-04-24 01:00:00+00:00,44974.9,45313.91005109881
2026-04-23 21:00:00+00:00,2026-04-24 02:00:00+00:00,46756.47,46939.93734169156
2026-04-23 21:00:00+00:00,2026-04-24 03:00:00+00:00,50734.19,50120.90696467746
2026-04-23 21:00:00+00:00,2026-04-24 04:00:00+00:00,56771.07,56636.6021848991
2026-04-23 21:00:00+00:00,2026-04-24 05:00:00+00:00,60615.77,61065.11726006017
2026-04-23 21:00:00+00:00,2026-04-24 06:00:00+00:00,63559.88,62983.163649637696
2026-04-23 21:00:00+00:00,2026-04-24 07:00:00+00:00,62285.5,61991.02406275218
2026-04-23 21:00:00+00:00,2026-04-24 08:00:00+00:00,60948.15,61442.72531343623
2026-04-23 21:00:00+00:00,2026-04-24 09:00:00+00:00,58706.91,60681.88330103385
2026-04-23 21:00:00+00:00,2026-04-24 10:00:00+00:00,56617.97,59112.7416027117
2026-04-23 21:00:00+00:00,2026-04-24 11:00:00+00:00,55052.69,57395.679578942225
2026-04-23 21:00:00+00:00,2026-04-24 12:00:00+00:00,52946.14,55679.911408120475
2026-04-23 21:00:00+00:00,2026-04-24 13:00:00+00:00,52208.02,54663.49315455723
2026-04-23 21:00:00+00:00,2026-04-24 14:00:00+00:00,51748.02,55072.46205806619
2026-04-23 21:00:00+00:00,2026-04-24 15:00:00+00:00,53948.35,55589.49517687685
2026-04-23 21:00:00+00:00,2026-04-24 16:00:00+00:00,55022.22,56450.13180477285
2026-04-23 21:00:00+00:00,2026-04-24 17:00:00+00:00,55781.41,56160.4157896576
2026-04-23 21:00:00+00:00,2026-04-24 18:00:00+00:00,55367.04,54179.25126887886
2026-04-23 21:00:00+00:00,2026-04-24 19:00:00+00:00,53155.59,52328.31708684411
2026-04-23 21:00:00+00:00,2026-04-24 20:00:00+00:00,49835.76,49868.34330523605
2026-04-23 21:00:00+00:00,2026-04-24 21:00:00+00:00,47164.32,46653.60998501739
2026-04-24 21:00:00+00:00,2026-04-24 22:00:00+00:00,44610.76,44666.647529679474
2026-04-24 21:00:00+00:00,2026-04-24 23:00:00+00:00,42938.83,42763.81857201777
2026-04-24 21:00:00+00:00,2026-04-25 00:00:00+00:00,42100.87,41736.862160282886
2026-04-24 21:00:00+00:00,2026-04-25 01:00:00+00:00,41853.62,41550.478086178504
2026-04-24 21:00:00+00:00,2026-04-25 02:00:00+00:00,42044.43,41948.69103336296
2026-04-24 21:00:00+00:00,2026-04-25 03:00:00+00:00,43566.84,42236.67058346788
2026-04-24 21:00:00+00:00,2026-04-25 04:00:00+00:00,45372.55,42755.46507239114
2026-04-24 21:00:00+00:00,2026-04-25 05:00:00+00:00,47881.69,44720.588633134554
2026-04-24 21:00:00+00:00,2026-04-25 06:00:00+00:00,50394.41,47467.84337759797
2026-04-24 21:00:00+00:00,2026-04-25 07:00:00+00:00,51748.42,49168.049435876455
2026-04-24 21:00:00+00:00,2026-04-25 08:00:00+00:00,50625.37,49609.16346605649
2026-04-24 21:00:00+00:00,2026-04-25 09:00:00+00:00,48655.98,49920.101012102576
2026-04-24 21:00:00+00:00,2026-04-25 10:00:00+00:00,46936.0,48754.19878401427
2026-04-24 21:00:00+00:00,2026-04-25 11:00:00+00:00,44439.08,46962.521117927965
2026-04-24 21:00:00+00:00,2026-04-25 12:00:00+00:00,42483.91,45853.5280968031
2026-04-24 21:00:00+00:00,2026-04-25 13:00:00+00:00,42427.85,45533.883244377066
2026-04-24 21:00:00+00:00,2026-04-25 14:00:00+00:00,42869.89,46364.13163382607
2026-04-24 21:00:00+00:00,2026-04-25 15:00:00+00:00,46068.73,47728.52818987393
2026-04-24 21:00:00+00:00,2026-04-25 16:00:00+00:00,49034.32,49080.25067538344
2026-04-24 21:00:00+00:00,2026-04-25 17:00:00+00:00,49876.29,48925.67667054505
2026-04-24 21:00:00+00:00,2026-04-25 18:00:00+00:00,49150.99,47980.2989567641
2026-04-24 21:00:00+00:00,2026-04-25 19:00:00+00:00,49077.16,46207.53344389737
2026-04-24 21:00:00+00:00,2026-04-25 20:00:00+00:00,47286.25,44608.94686746286
2026-04-24 21:00:00+00:00,2026-04-25 21:00:00+00:00,44546.99,43277.34267320361
2026-04-25 21:00:00+00:00,2026-04-25 22:00:00+00:00,41215.5,41703.73535611336
2026-04-25 21:00:00+00:00,2026-04-25 23:00:00+00:00,39378.79,39413.97326822369
2026-04-25 21:00:00+00:00,2026-04-26 00:00:00+00:00,38375.82,37784.16364619863
2026-04-25 21:00:00+00:00,2026-04-26 01:00:00+00:00,37530.95,37219.834390095144
2026-04-25 21:00:00+00:00,2026-04-26 02:00:00+00:00,37497.48,37250.41411151109
2026-04-25 21:00:00+00:00,2026-04-26 03:00:00+00:00,37585.9,38075.44676276435
2026-04-25 21:00:00+00:00,2026-04-26 04:00:00+00:00,38269.77,38472.665894792364
2026-04-25 21:00:00+00:00,2026-04-26 05:00:00+00:00,38204.08,39404.38475226731
2026-04-25 21:00:00+00:00,2026-04-26 06:00:00+00:00,41034.02,41196.029177027965
2026-04-25 21:00:00+00:00,2026-04-26 07:00:00+00:00,43454.22,43339.50758742763
2026-04-25 21:00:00+00:00,2026-04-26 08:00:00+00:00,43300.68,44626.26349638462
2026-04-25 21:00:00+00:00,2026-04-26 09:00:00+00:00,43585.62,45837.99167686912
2026-04-25 21:00:00+00:00,2026-04-26 10:00:00+00:00,42636.75,44441.96214359567
2026-04-25 21:00:00+00:00,2026-04-26 11:00:00+00:00,41004.67,42858.1568186532
2026-04-25 21:00:00+00:00,2026-04-26 12:00:00+00:00,39173.88,41206.77338442578
2026-04-25 21:00:00+00:00,2026-04-26 13:00:00+00:00,38447.6,41111.107783223575
2026-04-25 21:00:00+00:00,2026-04-26 14:00:00+00:00,39196.24,41989.57440393726
2026-04-25 21:00:00+00:00,2026-04-26 15:00:00+00:00,42336.32,44229.97206658021
2026-04-25 21:00:00+00:00,2026-04-26 16:00:00+00:00,44881.31,47342.38052820302
2026-04-25 21:00:00+00:00,2026-04-26 17:00:00+00:00,46070.19,49225.91829466479
2026-04-25 21:00:00+00:00,2026-04-26 18:00:00+00:00,46364.49,49579.091483701915
2026-04-25 21:00:00+00:00,2026-04-26 19:00:00+00:00,46181.64,49133.80305984269
2026-04-25 21:00:00+00:00,2026-04-26 20:00:00+00:00,44630.43,48485.65151872365
2026-04-25 21:00:00+00:00,2026-04-26 21:00:00+00:00,42147.3,45633.077567575514
2026-04-26 21:00:00+00:00,2026-04-26 22:00:00+00:00,40199.3,41037.501143489135
2026-04-26 21:00:00+00:00,2026-04-26 23:00:00+00:00,39076.92,40012.89632981526
2026-04-26 21:00:00+00:00,2026-04-27 00:00:00+00:00,38833.88,39747.858580471104
2026-04-26 21:00:00+00:00,2026-04-27 01:00:00+00:00,39174.14,40423.78974532026
2026-04-26 21:00:00+00:00,2026-04-27 02:00:00+00:00,41109.26,41147.87734954298
2026-04-26 21:00:00+00:00,2026-04-27 03:00:00+00:00,45330.79,43609.13737680473
2026-04-26 21:00:00+00:00,2026-04-27 04:00:00+00:00,52679.06,46951.73326997409
2026-04-26 21:00:00+00:00,2026-04-27 05:00:00+00:00,57240.72,52865.988773161116
2026-04-26 21:00:00+00:00,2026-04-27 06:00:00+00:00,59170.93,57515.56189586058
2026-04-26 21:00:00+00:00,2026-04-27 07:00:00+00:00,57977.6,59766.44418145076
2026-04-26 21:00:00+00:00,2026-04-27 08:00:00+00:00,56032.5,59423.32609881846
2026-04-26 21:00:00+00:00,2026-04-27 09:00:00+00:00,55178.93,59100.04173168969
2026-04-26 21:00:00+00:00,2026-04-27 10:00:00+00:00,54574.81,58179.226498634605
2026-04-26 21:00:00+00:00,2026-04-27 11:00:00+00:00,53687.54,57366.5549600901
2026-04-26 21:00:00+00:00,2026-04-27 12:00:00+00:00,52278.9,57098.82702861821
2026-04-26 21:00:00+00:00,2026-04-27 13:00:00+00:00,51574.67,57325.1718823773
2026-04-26 21:00:00+00:00,2026-04-27 14:00:00+00:00,52148.21,58304.18421762055
2026-04-26 21:00:00+00:00,2026-04-27 15:00:00+00:00,53504.28,59538.53201981838
2026-04-26 21:00:00+00:00,2026-04-27 16:00:00+00:00,55029.29,61234.95639340252
2026-04-26 21:00:00+00:00,2026-04-27 17:00:00+00:00,56200.5,61690.13041748993
2026-04-26 21:00:00+00:00,2026-04-27 18:00:00+00:00,55745.49,59504.76555640934
2026-04-26 21:00:00+00:00,2026-04-27 19:00:00+00:00,54148.9,57097.80887876957
2026-04-26 21:00:00+00:00,2026-04-27 20:00:00+00:00,50549.59,54552.07063457098
2026-04-26 21:00:00+00:00,2026-04-27 21:00:00+00:00,47606.01,51592.052816716576
2026-04-27 21:00:00+00:00,2026-04-27 22:00:00+00:00,44561.43,45330.81973593215
2026-04-27 21:00:00+00:00,2026-04-27 23:00:00+00:00,43026.59,44261.62863334244
2026-04-27 21:00:00+00:00,2026-04-28 00:00:00+00:00,42448.05,43814.22613052888
2026-04-27 21:00:00+00:00,2026-04-28 01:00:00+00:00,42611.28,44836.405836282385
2026-04-27 21:00:00+00:00,2026-04-28 02:00:00+00:00,44120.18,46808.00786550753
2026-04-27 21:00:00+00:00,2026-04-28 03:00:00+00:00,48079.23,50394.667677935235
2026-04-27 21:00:00+00:00,2026-04-28 04:00:00+00:00,55052.4,57581.44888250031
2026-04-27 21:00:00+00:00,2026-04-28 05:00:00+00:00,58409.86,60693.48804606827
2026-04-27 21:00:00+00:00,2026-04-28 06:00:00+00:00,60135.45,62321.92636619179
2026-04-27 21:00:00+00:00,2026-04-28 07:00:00+00:00,58957.29,61507.90673394078
2026-04-27 21:00:00+00:00,2026-04-28 08:00:00+00:00,58210.59,60407.81746667499
2026-04-27 21:00:00+00:00,2026-04-28 09:00:00+00:00,55998.74,58848.5556284614
2026-04-27 21:00:00+00:00,2026-04-28 10:00:00+00:00,54435.27,57476.94453018358
2026-04-27 21:00:00+00:00,2026-04-28 11:00:00+00:00,53124.95,56206.542029901786
2026-04-27 21:00:00+00:00,2026-04-28 12:00:00+00:00,51960.08,54715.69528174127
2026-04-27 21:00:00+00:00,2026-04-28 13:00:00+00:00,51416.29,54673.85671364739
2026-04-27 21:00:00+00:00,2026-04-28 14:00:00+00:00,51712.22,55534.12805000785
2026-04-27 21:00:00+00:00,2026-04-28 15:00:00+00:00,54415.26,56711.73685477676
2026-04-27 21:00:00+00:00,2026-04-28 16:00:00+00:00,56405.35,58103.57729766338
2026-04-27 21:00:00+00:00,2026-04-28 17:00:00+00:00,57916.9,58738.189622855825
2026-04-27 21:00:00+00:00,2026-04-28 18:00:00+00:00,57472.59,57945.86658461838
2026-04-27 21:00:00+00:00,2026-04-28 19:00:00+00:00,55614.79,55504.05423469033
2026-04-27 21:00:00+00:00,2026-04-28 20:00:00+00:00,51986.2,52406.72980382254
2026-04-27 21:00:00+00:00,2026-04-28 21:00:00+00:00,48449.08,49287.26973630925
2026-04-28 21:00:00+00:00,2026-04-28 22:00:00+00:00,45585.39,46047.02223659521
2026-04-28 21:00:00+00:00,2026-04-28 23:00:00+00:00,43572.13,44603.184566446704
2026-04-28 21:00:00+00:00,2026-04-29 00:00:00+00:00,42960.41,43936.367301510785
2026-04-28 21:00:00+00:00,2026-04-29 01:00:00+00:00,43319.58,44354.979005964604
2026-04-28 21:00:00+00:00,2026-04-29 02:00:00+00:00,44547.42,45825.96959056798
2026-04-28 21:00:00+00:00,2026-04-29 03:00:00+00:00,48022.73,49336.15961227661
2026-04-28 21:00:00+00:00,2026-04-29 04:00:00+00:00,54911.45,56535.212547100324
2026-04-28 21:00:00+00:00,2026-04-29 05:00:00+00:00,59034.64,60199.5643701907
2026-04-28 21:00:00+00:00,2026-04-29 06:00:00+00:00,60754.22,61816.181058900525
2026-04-28 21:00:00+00:00,2026-04-29 07:00:00+00:00,60056.2,60643.67210726162
2026-04-28 21:00:00+00:00,2026-04-29 08:00:00+00:00,57533.76,59321.04799665877
2026-04-28 21:00:00+00:00,2026-04-29 09:00:00+00:00,55400.68,58803.13973063418
2026-04-28 21:00:00+00:00,2026-04-29 10:00:00+00:00,54435.03,57248.09221671725
2026-04-28 21:00:00+00:00,2026-04-29 11:00:00+00:00,53365.0,56010.980765761415
2026-04-28 21:00:00+00:00,2026-04-29 12:00:00+00:00,51988.16,54364.94193182316
2026-04-28 21:00:00+00:00,2026-04-29 13:00:00+00:00,51338.15,53709.44655439776
2026-04-28 21:00:00+00:00,2026-04-29 14:00:00+00:00,52072.29,53510.72641851467
2026-04-28 21:00:00+00:00,2026-04-29 15:00:00+00:00,53986.23,54940.20918319641
2026-04-28 21:00:00+00:00,2026-04-29 16:00:00+00:00,55735.6,56798.90686979408
2026-04-28 21:00:00+00:00,2026-04-29 17:00:00+00:00,57981.84,58121.04534457502
2026-04-28 21:00:00+00:00,2026-04-29 18:00:00+00:00,57585.27,57982.85478994001
2026-04-28 21:00:00+00:00,2026-04-29 19:00:00+00:00,55824.19,56365.4612753775
2026-04-28 21:00:00+00:00,2026-04-29 20:00:00+00:00,52083.43,53647.34058747614
2026-04-28 21:00:00+00:00,2026-04-29 21:00:00+00:00,48293.59,50157.35373083798
2026-04-29 21:00:00+00:00,2026-04-29 22:00:00+00:00,45584.34,45653.14516400317
2026-04-29 21:00:00+00:00,2026-04-29 23:00:00+00:00,43791.82,43952.3556004869
2026-04-29 21:00:00+00:00,2026-04-30 00:00:00+00:00,43251.97,43099.883108418915
2026-04-29 21:00:00+00:00,2026-04-30 01:00:00+00:00,43370.51,43353.43677934041
2026-04-29 21:00:00+00:00,2026-04-30 02:00:00+00:00,45049.62,44777.18423916317
2026-04-29 21:00:00+00:00,2026-04-30 03:00:00+00:00,48451.93,48072.827307838066
2026-04-29 21:00:00+00:00,2026-04-30 04:00:00+00:00,55220.12,54468.3102398192
2026-04-29 21:00:00+00:00,2026-04-30 05:00:00+00:00,59444.19,59418.62049714639
2026-04-29 21:00:00+00:00,2026-04-30 06:00:00+00:00,60567.85,61566.16961709136
2026-04-29 21:00:00+00:00,2026-04-30 07:00:00+00:00,59038.89,60324.90593163351
2026-04-29 21:00:00+00:00,2026-04-30 08:00:00+00:00,57266.63,58574.56992888679
2026-04-29 21:00:00+00:00,2026-04-30 09:00:00+00:00,56033.34,57533.10372171227
2026-04-29 21:00:00+00:00,2026-04-30 10:00:00+00:00,54360.58,55764.749971971534
2026-04-29 21:00:00+00:00,2026-04-30 11:00:00+00:00,53254.18,54222.61084400478
2026-04-29 21:00:00+00:00,2026-04-30 12:00:00+00:00,52128.01,52009.282823345464
2026-04-29 21:00:00+00:00,2026-04-30 13:00:00+00:00,51465.48,51394.42115098227
2026-04-29 21:00:00+00:00,2026-04-30 14:00:00+00:00,51937.23,51813.150346169175
2026-04-29 21:00:00+00:00,2026-04-30 15:00:00+00:00,53298.11,53534.35774508674
2026-04-29 21:00:00+00:00,2026-04-30 16:00:00+00:00,53627.18,55266.32405933143
2026-04-29 21:00:00+00:00,2026-04-30 17:00:00+00:00,54976.84,56608.94736825331
2026-04-29 21:00:00+00:00,2026-04-30 18:00:00+00:00,54676.29,56780.81469641951
2026-04-29 21:00:00+00:00,2026-04-30 19:00:00+00:00,52793.98,55472.748854432524
2026-04-29 21:00:00+00:00,2026-04-30 20:00:00+00:00,48975.63,51955.928007315706
2026-04-29 21:00:00+00:00,2026-04-30 21:00:00+00:00,45608.01,48500.5545733639
2026-04-30 21:00:00+00:00,2026-04-30 22:00:00+00:00,42465.46,43684.914905006764
2026-04-30 21:00:00+00:00,2026-04-30 23:00:00+00:00,40494.17,42273.59369407636
2026-04-30 21:00:00+00:00,2026-05-01 00:00:00+00:00,38894.56,41769.09518327303
2026-04-30 21:00:00+00:00,2026-05-01 01:00:00+00:00,38445.4,41978.45869249565
2026-04-30 21:00:00+00:00,2026-05-01 02:00:00+00:00,38522.47,42532.96186915028
2026-04-30 21:00:00+00:00,2026-05-01 03:00:00+00:00,38528.89,44462.510540225136
2026-04-30 21:00:00+00:00,2026-05-01 04:00:00+00:00,38365.7,46350.89803965128
2026-04-30 21:00:00+00:00,2026-05-01 05:00:00+00:00,40127.83,48790.64751091222
2026-04-30 21:00:00+00:00,2026-05-01 06:00:00+00:00,42771.53,54067.80961065821
2026-04-30 21:00:00+00:00,2026-05-01 07:00:00+00:00,44354.13,56802.59271067022
2026-04-30 21:00:00+00:00,2026-05-01 08:00:00+00:00,43866.1,57325.43951816004
2026-04-30 21:00:00+00:00,2026-05-01 09:00:00+00:00,43593.13,56287.283182078325
2026-04-30 21:00:00+00:00,2026-05-01 10:00:00+00:00,41682.59,54910.2600816376
2026-04-30 21:00:00+00:00,2026-05-01 11:00:00+00:00,40195.11,53877.65396851767
2026-04-30 21:00:00+00:00,2026-05-01 12:00:00+00:00,39044.27,52184.99376741786
2026-04-30 21:00:00+00:00,2026-05-01 13:00:00+00:00,37863.6,51748.71557592773
2026-04-30 21:00:00+00:00,2026-05-01 14:00:00+00:00,38100.68,52213.22731695354
2026-04-30 21:00:00+00:00,2026-05-01 15:00:00+00:00,40650.11,53445.85052696645
2026-04-30 21:00:00+00:00,2026-05-01 16:00:00+00:00,42288.54,54495.77747660482
2026-04-30 21:00:00+00:00,2026-05-01 17:00:00+00:00,43996.27,55025.735628003094
2026-04-30 21:00:00+00:00,2026-05-01 18:00:00+00:00,44780.95,53155.278033971605
2026-04-30 21:00:00+00:00,2026-05-01 19:00:00+00:00,44470.25,50728.37012925726
2026-04-30 21:00:00+00:00,2026-05-01 20:00:00+00:00,42416.78,48719.60355526838
2026-04-30 21:00:00+00:00,2026-05-01 21:00:00+00:00,39442.18,45536.550906900906
2026-05-01 21:00:00+00:00,2026-05-01 22:00:00+00:00,37335.78,37886.488445130904
2026-05-01 21:00:00+00:00,2026-05-01 23:00:00+00:00,35944.05,37391.9054800648
2026-05-01 21:00:00+00:00,2026-05-02 00:00:00+00:00,35620.12,37730.23219545635
2026-05-01 21:00:00+00:00,2026-05-02 01:00:00+00:00,35423.1,37873.20250976714
2026-05-01 21:00:00+00:00,2026-05-02 02:00:00+00:00,36312.76,37997.13249957018
2026-05-01 21:00:00+00:00,2026-05-02 03:00:00+00:00,37659.89,38525.271873267
2026-05-01 21:00:00+00:00,2026-05-02 04:00:00+00:00,39960.15,39291.4754087215
2026-05-01 21:00:00+00:00,2026-05-02 05:00:00+00:00,42633.82,41395.07762017571
2026-05-01 21:00:00+00:00,2026-05-02 06:00:00+00:00,45712.42,43675.34437830787
2026-05-01 21:00:00+00:00,2026-05-02 07:00:00+00:00,47326.7,45660.65869564172
2026-05-01 21:00:00+00:00,2026-05-02 08:00:00+00:00,46336.97,46672.636244901936
2026-05-01 21:00:00+00:00,2026-05-02 09:00:00+00:00,45426.44,47206.79985131707
2026-05-01 21:00:00+00:00,2026-05-02 10:00:00+00:00,44284.82,46055.42752274674
2026-05-01 21:00:00+00:00,2026-05-02 11:00:00+00:00,43029.55,44588.136013863856
2026-05-01 21:00:00+00:00,2026-05-02 12:00:00+00:00,41737.42,43134.29135248266
2026-05-01 21:00:00+00:00,2026-05-02 13:00:00+00:00,41837.54,41286.40410404109
2026-05-01 21:00:00+00:00,2026-05-02 14:00:00+00:00,43140.44,40943.407076343035
2026-05-01 21:00:00+00:00,2026-05-02 15:00:00+00:00,44909.76,42194.21948040579
2026-05-01 21:00:00+00:00,2026-05-02 16:00:00+00:00,46856.97,43624.81666253528
2026-05-01 21:00:00+00:00,2026-05-02 17:00:00+00:00,47494.14,44327.592655149434
2026-05-01 21:00:00+00:00,2026-05-02 18:00:00+00:00,46762.99,44211.11813398425
2026-05-01 21:00:00+00:00,2026-05-02 19:00:00+00:00,45885.07,43664.36724824121
2026-05-01 21:00:00+00:00,2026-05-02 20:00:00+00:00,43325.6,42266.44568833311
2026-05-01 21:00:00+00:00,2026-05-02 21:00:00+00:00,42052.0,40553.47987073167
2026-05-02 21:00:00+00:00,2026-05-02 22:00:00+00:00,40155.34,39623.53672728413
2026-05-02 21:00:00+00:00,2026-05-02 23:00:00+00:00,38305.85,37563.00691873747
2026-05-02 21:00:00+00:00,2026-05-03 00:00:00+00:00,35879.17,36620.31965293362
2026-05-02 21:00:00+00:00,2026-05-03 01:00:00+00:00,35328.44,36761.82916656528
2026-05-02 21:00:00+00:00,2026-05-03 02:00:00+00:00,35130.84,37123.86174225169
2026-05-02 21:00:00+00:00,2026-05-03 03:00:00+00:00,35555.63,37784.20123592869
2026-05-02 21:00:00+00:00,2026-05-03 04:00:00+00:00,35362.97,38596.8349482399
2026-05-02 21:00:00+00:00,2026-05-03 05:00:00+00:00,36986.41,40134.43264881967
2026-05-02 21:00:00+00:00,2026-05-03 06:00:00+00:00,39906.72,42191.653561188
2026-05-02 21:00:00+00:00,2026-05-03 07:00:00+00:00,42489.61,43878.89133155443
2026-05-02 21:00:00+00:00,2026-05-03 08:00:00+00:00,43152.58,44706.01272078176
2026-05-02 21:00:00+00:00,2026-05-03 09:00:00+00:00,43187.03,44782.92185375383
2026-05-02 21:00:00+00:00,2026-05-03 10:00:00+00:00,43128.6,43505.2331839039
2026-05-02 21:00:00+00:00,2026-05-03 11:00:00+00:00,42416.87,42168.419967296366
2026-05-02 21:00:00+00:00,2026-05-03 12:00:00+00:00,41014.16,40737.37103598223
2026-05-02 21:00:00+00:00,2026-05-03 13:00:00+00:00,40675.55,39542.7686786835
2026-05-02 21:00:00+00:00,2026-05-03 14:00:00+00:00,42320.01,39745.639985762566
2026-05-02 21:00:00+00:00,2026-05-03 15:00:00+00:00,44343.49,41797.893499105405
2026-05-02 21:00:00+00:00,2026-05-03 16:00:00+00:00,46497.09,43779.12391517013
2026-05-02 21:00:00+00:00,2026-05-03 17:00:00+00:00,46979.75,44996.427439827086
2026-05-02 21:00:00+00:00,2026-05-03 18:00:00+00:00,46823.0,45477.11921843225
2026-05-02 21:00:00+00:00,2026-05-03 19:00:00+00:00,46757.65,44853.17516461714
2026-05-02 21:00:00+00:00,2026-05-03 20:00:00+00:00,46350.6,43388.564437752306
2026-05-02 21:00:00+00:00,2026-05-03 21:00:00+00:00,43976.23,41745.66841297925
2026-05-03 21:00:00+00:00,2026-05-03 22:00:00+00:00,41996.53,42304.2073693626
2026-05-03 21:00:00+00:00,2026-05-03 23:00:00+00:00,41297.2,41344.699944782325
2026-05-03 21:00:00+00:00,2026-05-04 00:00:00+00:00,40116.3,41276.57680923773
2026-05-03 21:00:00+00:00,2026-05-04 01:00:00+00:00,39919.59,41836.18055909901
2026-05-03 21:00:00+00:00,2026-05-04 02:00:00+00:00,41636.93,43143.34162449373
2026-05-03 21:00:00+00:00,2026-05-04 03:00:00+00:00,46047.24,46633.20973908136
2026-05-03 21:00:00+00:00,2026-05-04 04:00:00+00:00,52855.4,53014.37843562739
2026-05-03 21:00:00+00:00,2026-05-04 05:00:00+00:00,58009.67,59186.629817093635
2026-05-03 21:00:00+00:00,2026-05-04 06:00:00+00:00,61301.56,61965.88287115133
2026-05-03 21:00:00+00:00,2026-05-04 07:00:00+00:00,60669.61,61675.839132374844
2026-05-03 21:00:00+00:00,2026-05-04 08:00:00+00:00,58205.68,60594.39389630944
2026-05-03 21:00:00+00:00,2026-05-04 09:00:00+00:00,57569.15,59561.08113197988
2026-05-03 21:00:00+00:00,2026-05-04 10:00:00+00:00,57583.34,58323.595971792376
2026-05-03 21:00:00+00:00,2026-05-04 11:00:00+00:00,56888.72,56717.98879396216
2026-05-03 21:00:00+00:00,2026-05-04 12:00:00+00:00,56081.79,55423.81738724273
2026-05-03 21:00:00+00:00,2026-05-04 13:00:00+00:00,56861.57,54871.90890045821
2026-05-03 21:00:00+00:00,2026-05-04 14:00:00+00:00,56970.59,55315.753988289565
2026-05-03 21:00:00+00:00,2026-05-04 15:00:00+00:00,57187.23,56376.13285571789
2026-05-03 21:00:00+00:00,2026-05-04 16:00:00+00:00,57689.14,57635.964711587774
2026-05-03 21:00:00+00:00,2026-05-04 17:00:00+00:00,57394.97,57590.625410581706
2026-05-03 21:00:00+00:00,2026-05-04 18:00:00+00:00,55476.43,56159.8666820488
2026-05-03 21:00:00+00:00,2026-05-04 19:00:00+00:00,53617.41,53795.033468167014
2026-05-03 21:00:00+00:00,2026-05-04 20:00:00+00:00,49651.62,50636.361631293614
2026-05-03 21:00:00+00:00,2026-05-04 21:00:00+00:00,45921.53,47337.14209936856
2026-05-04 21:00:00+00:00,2026-05-04 22:00:00+00:00,43441.35,43700.02831136788
2026-05-04 21:00:00+00:00,2026-05-04 23:00:00+00:00,42173.85,42218.56058517523
2026-05-04 21:00:00+00:00,2026-05-05 00:00:00+00:00,41222.76,41899.59502961839
2026-05-04 21:00:00+00:00,2026-05-05 01:00:00+00:00,41419.27,42131.0732864683
2026-05-04 21:00:00+00:00,2026-05-05 02:00:00+00:00,42264.38,43484.136098946394
2026-05-04 21:00:00+00:00,2026-05-05 03:00:00+00:00,45727.16,46146.304812890136
2026-05-04 21:00:00+00:00,2026-05-05 04:00:00+00:00,52350.61,50895.6186018545
2026-05-04 21:00:00+00:00,2026-05-05 05:00:00+00:00,57014.9,56990.454974436936
2026-05-04 21:00:00+00:00,2026-05-05 06:00:00+00:00,59537.62,59953.5446545844
2026-05-04 21:00:00+00:00,2026-05-05 07:00:00+00:00,59675.16,59795.324385333864
2026-05-04 21:00:00+00:00,2026-05-05 08:00:00+00:00,58375.08,58353.22458151611
2026-05-04 21:00:00+00:00,2026-05-05 09:00:00+00:00,58282.01,57116.765966579245
2026-05-04 21:00:00+00:00,2026-05-05 10:00:00+00:00,58110.5,55947.716422209174
2026-05-04 21:00:00+00:00,2026-05-05 11:00:00+00:00,57948.98,55015.15768342716
2026-05-04 21:00:00+00:00,2026-05-05 12:00:00+00:00,57186.14,53969.637920510155
2026-05-04 21:00:00+00:00,2026-05-05 13:00:00+00:00,56835.15,53803.47583093809
2026-05-04 21:00:00+00:00,2026-05-05 14:00:00+00:00,56733.94,54848.240698163994
2026-05-04 21:00:00+00:00,2026-05-05 15:00:00+00:00,57974.5,56283.20489669179
2026-05-04 21:00:00+00:00,2026-05-05 16:00:00+00:00,58434.22,57335.86061710612
2026-05-04 21:00:00+00:00,2026-05-05 17:00:00+00:00,58314.85,57708.94645747914
2026-05-04 21:00:00+00:00,2026-05-05 18:00:00+00:00,56845.82,56796.69979049226
2026-05-04 21:00:00+00:00,2026-05-05 19:00:00+00:00,54901.74,53929.820887435555
2026-05-04 21:00:00+00:00,2026-05-05 20:00:00+00:00,51316.94,50715.98387032148
2026-05-04 21:00:00+00:00,2026-05-05 21:00:00+00:00,47461.6,47334.67078382162
2026-05-05 21:00:00+00:00,2026-05-05 22:00:00+00:00,44461.81,44729.68893421163
2026-05-05 21:00:00+00:00,2026-05-05 23:00:00+00:00,42640.86,43092.800088738884
2026-05-05 21:00:00+00:00,2026-05-06 00:00:00+00:00,41960.09,42213.4162323055
2026-05-05 21:00:00+00:00,2026-05-06 01:00:00+00:00,42631.15,42361.21204806096
2026-05-05 21:00:00+00:00,2026-05-06 02:00:00+00:00,43666.43,43886.54010723364
2026-05-05 21:00:00+00:00,2026-05-06 03:00:00+00:00,47183.71,46856.72430268072
2026-05-05 21:00:00+00:00,2026-05-06 04:00:00+00:00,54226.99,52933.15065146598
2026-05-05 21:00:00+00:00,2026-05-06 05:00:00+00:00,58494.53,58224.967257115306
2026-05-05 21:00:00+00:00,2026-05-06 06:00:00+00:00,61100.32,60031.43899533892
2026-05-05 21:00:00+00:00,2026-05-06 07:00:00+00:00,62147.78,59593.75671488697
2026-05-05 21:00:00+00:00,2026-05-06 08:00:00+00:00,63133.5,58714.56516511654
2026-05-05 21:00:00+00:00,2026-05-06 09:00:00+00:00,63017.51,58338.14084575514
2026-05-05 21:00:00+00:00,2026-05-06 10:00:00+00:00,62009.75,57403.68687841486
2026-05-05 21:00:00+00:00,2026-05-06 11:00:00+00:00,61769.52,56852.17146505935
2026-05-05 21:00:00+00:00,2026-05-06 12:00:00+00:00,60414.48,55912.09811882757
2026-05-05 21:00:00+00:00,2026-05-06 13:00:00+00:00,60306.88,55754.405899647805
2026-05-05 21:00:00+00:00,2026-05-06 14:00:00+00:00,60070.7,56129.84884873166
2026-05-05 21:00:00+00:00,2026-05-06 15:00:00+00:00,60231.96,57266.36297062257
2026-05-05 21:00:00+00:00,2026-05-06 16:00:00+00:00,60299.5,57916.07735484089
2026-05-05 21:00:00+00:00,2026-05-06 17:00:00+00:00,59751.41,58644.22656658201
2026-05-05 21:00:00+00:00,2026-05-06 18:00:00+00:00,57556.52,57535.054616113805
2026-05-05 21:00:00+00:00,2026-05-06 19:00:00+00:00,55066.73,55123.41241016015
2026-05-05 21:00:00+00:00,2026-05-06 20:00:00+00:00,51249.32,51556.50296838832
2026-05-05 21:00:00+00:00,2026-05-06 21:00:00+00:00,47908.91,48142.865561678846
2026-05-06 21:00:00+00:00,2026-05-06 22:00:00+00:00,45271.72,45588.57643494573
2026-05-06 21:00:00+00:00,2026-05-06 23:00:00+00:00,43936.8,43867.75916677349
2026-05-06 21:00:00+00:00,2026-05-07 00:00:00+00:00,42876.45,43085.24253562086
2026-05-06 21:00:00+00:00,2026-05-07 01:00:00+00:00,43111.26,43345.38147904141
2026-05-06 21:00:00+00:00,2026-05-07 02:00:00+00:00,44097.8,44499.67143033034
2026-05-06 21:00:00+00:00,2026-05-07 03:00:00+00:00,47424.59,48166.70059746513
2026-05-06 21:00:00+00:00,2026-05-07 04:00:00+00:00,53906.47,55521.208930711146
2026-05-06 21:00:00+00:00,2026-05-07 05:00:00+00:00,58765.74,60231.429624164404
2026-05-06 21:00:00+00:00,2026-05-07 06:00:00+00:00,61008.52,61743.250839905544
2026-05-06 21:00:00+00:00,2026-05-07 07:00:00+00:00,61298.17,61459.27606078536
2026-05-06 21:00:00+00:00,2026-05-07 08:00:00+00:00,61972.15,61327.159289603376
2026-05-06 21:00:00+00:00,2026-05-07 09:00:00+00:00,61423.74,61321.51201806002
2026-05-06 21:00:00+00:00,2026-05-07 10:00:00+00:00,60196.44,60715.318849916264
2026-05-06 21:00:00+00:00,2026-05-07 11:00:00+00:00,59302.5,59234.0812409474
2026-05-06 21:00:00+00:00,2026-05-07 12:00:00+00:00,57692.7,58636.14462595801
2026-05-06 21:00:00+00:00,2026-05-07 13:00:00+00:00,56843.4,58301.44151472197
2026-05-06 21:00:00+00:00,2026-05-07 14:00:00+00:00,56296.03,58720.145402337046
2026-05-06 21:00:00+00:00,2026-05-07 15:00:00+00:00,56993.86,59778.97915353582
2026-05-06 21:00:00+00:00,2026-05-07 16:00:00+00:00,57555.28,60202.811244131604
2026-05-06 21:00:00+00:00,2026-05-07 17:00:00+00:00,58337.31,59780.4852703726
2026-05-06 21:00:00+00:00,2026-05-07 18:00:00+00:00,56743.42,57655.20224806778
2026-05-06 21:00:00+00:00,2026-05-07 19:00:00+00:00,55219.52,55006.066180745576
2026-05-06 21:00:00+00:00,2026-05-07 20:00:00+00:00,51565.97,51546.609718903455
2026-05-06 21:00:00+00:00,2026-05-07 21:00:00+00:00,47686.85,47900.62772168521
2026-05-07 21:00:00+00:00,2026-05-07 22:00:00+00:00,44654.61,44801.524279662444
2026-05-07 21:00:00+00:00,2026-05-07 23:00:00+00:00,42901.65,42969.89945756782
2026-05-07 21:00:00+00:00,2026-05-08 00:00:00+00:00,41961.07,41671.71720611251
2026-05-07 21:00:00+00:00,2026-05-08 01:00:00+00:00,42698.58,41336.09461636261
2026-05-07 21:00:00+00:00,2026-05-08 02:00:00+00:00,43758.78,42032.22376146259
2026-05-07 21:00:00+00:00,2026-05-08 03:00:00+00:00,46916.01,42752.039195106525
2026-05-07 21:00:00+00:00,2026-05-08 04:00:00+00:00,53198.04,44283.21574749861
2026-05-07 21:00:00+00:00,2026-05-08 05:00:00+00:00,57697.57,46246.35523381087
2026-05-07 21:00:00+00:00,2026-05-08 06:00:00+00:00,59813.74,48814.58743358475
2026-05-07 21:00:00+00:00,2026-05-08 07:00:00+00:00,59819.54,51412.786902003325
2026-05-07 21:00:00+00:00,2026-05-08 08:00:00+00:00,59103.66,51943.205505943726
2026-05-07 21:00:00+00:00,2026-05-08 09:00:00+00:00,58111.41,51846.095125394444
2026-05-07 21:00:00+00:00,2026-05-08 10:00:00+00:00,56715.22,51470.20359854849
2026-05-07 21:00:00+00:00,2026-05-08 11:00:00+00:00,55542.45,50433.910457688224
2026-05-07 21:00:00+00:00,2026-05-08 12:00:00+00:00,54003.19,49862.59960453074
2026-05-07 21:00:00+00:00,2026-05-08 13:00:00+00:00,53291.88,50212.36623859866
2026-05-07 21:00:00+00:00,2026-05-08 14:00:00+00:00,53229.42,51604.52891212456
2026-05-07 21:00:00+00:00,2026-05-08 15:00:00+00:00,53556.25,53834.71389352245
2026-05-07 21:00:00+00:00,2026-05-08 16:00:00+00:00,54248.33,55058.845994271265
2026-05-07 21:00:00+00:00,2026-05-08 17:00:00+00:00,54826.3,55297.044008841345
2026-05-07 21:00:00+00:00,2026-05-08 18:00:00+00:00,54024.77,53405.78996535826
2026-05-07 21:00:00+00:00,2026-05-08 19:00:00+00:00,52740.39,51840.05961941161
2026-05-07 21:00:00+00:00,2026-05-08 20:00:00+00:00,49118.95,50111.24543565035
2026-05-07 21:00:00+00:00,2026-05-08 21:00:00+00:00,45335.14,47519.98057866784
2026-05-08 21:00:00+00:00,2026-05-08 22:00:00+00:00,42402.05,42964.25598870119
2026-05-08 21:00:00+00:00,2026-05-08 23:00:00+00:00,40622.08,40898.83472708151
2026-05-08 21:00:00+00:00,2026-05-09 00:00:00+00:00,39299.99,39396.53854853569
2026-05-08 21:00:00+00:00,2026-05-09 01:00:00+00:00,38887.73,38731.134583406514
2026-05-08 21:00:00+00:00,2026-05-09 02:00:00+00:00,39170.3,38710.050119366286
2026-05-08 21:00:00+00:00,2026-05-09 03:00:00+00:00,39833.27,39209.608604050154
2026-05-08 21:00:00+00:00,2026-05-09 04:00:00+00:00,41726.82,40320.027735120246
2026-05-08 21:00:00+00:00,2026-05-09 05:00:00+00:00,44293.89,42012.79860323067
2026-05-08 21:00:00+00:00,2026-05-09 06:00:00+00:00,46696.51,44590.000077542594
2026-05-08 21:00:00+00:00,2026-05-09 07:00:00+00:00,48079.38,46894.94868800864
2026-05-08 21:00:00+00:00,2026-05-09 08:00:00+00:00,48230.46,48484.83752976646
2026-05-08 21:00:00+00:00,2026-05-09 09:00:00+00:00,47302.44,48879.28295257302
2026-05-08 21:00:00+00:00,2026-05-09 10:00:00+00:00,46752.77,47928.90454188183
2026-05-08 21:00:00+00:00,2026-05-09 11:00:00+00:00,45142.86,46438.968483953766
2026-05-08 21:00:00+00:00,2026-05-09 12:00:00+00:00,43369.72,45098.64717268268
2026-05-08 21:00:00+00:00,2026-05-09 13:00:00+00:00,43251.66,44767.31977561899
2026-05-08 21:00:00+00:00,2026-05-09 14:00:00+00:00,43260.07,45917.904892224586
2026-05-08 21:00:00+00:00,2026-05-09 15:00:00+00:00,44436.4,48219.81596000584
2026-05-08 21:00:00+00:00,2026-05-09 16:00:00+00:00,45614.57,49821.571461441796
2026-05-08 21:00:00+00:00,2026-05-09 17:00:00+00:00,46519.8,50811.27872832754
2026-05-08 21:00:00+00:00,2026-05-09 18:00:00+00:00,46104.62,50159.15951882329
2026-05-08 21:00:00+00:00,2026-05-09 19:00:00+00:00,45143.53,49068.09450394812
2026-05-08 21:00:00+00:00,2026-05-09 20:00:00+00:00,43224.39,47315.81331103164
2026-05-08 21:00:00+00:00,2026-05-09 21:00:00+00:00,40453.57,44433.3557330845
2026-05-09 21:00:00+00:00,2026-05-09 22:00:00+00:00,38037.55,37805.03752971622
2026-05-09 21:00:00+00:00,2026-05-09 23:00:00+00:00,36502.05,36445.75090241486
2026-05-09 21:00:00+00:00,2026-05-10 00:00:00+00:00,35482.26,35510.11737572947
2026-05-09 21:00:00+00:00,2026-05-10 01:00:00+00:00,35413.81,35652.42190198032
2026-05-09 21:00:00+00:00,2026-05-10 02:00:00+00:00,35569.29,36024.05739051378
2026-05-09 21:00:00+00:00,2026-05-10 03:00:00+00:00,36219.38,36607.84758519089
2026-05-09 21:00:00+00:00,2026-05-10 04:00:00+00:00,37510.44,36953.56500365014
2026-05-09 21:00:00+00:00,2026-05-10 05:00:00+00:00,38647.64,37793.59565330077
2026-05-09 21:00:00+00:00,2026-05-10 06:00:00+00:00,41501.77,40063.78654790639
2026-05-09 21:00:00+00:00,2026-05-10 07:00:00+00:00,43973.49,41905.667986474225
2026-05-09 21:00:00+00:00,2026-05-10 08:00:00+00:00,44236.19,42279.79786925768
2026-05-09 21:00:00+00:00,2026-05-10 09:00:00+00:00,43956.41,42375.537695010935
2026-05-09 21:00:00+00:00,2026-05-10 10:00:00+00:00,43358.05,41807.620449155045
2026-05-09 21:00:00+00:00,2026-05-10 11:00:00+00:00,41459.38,40725.819577559356
2026-05-09 21:00:00+00:00,2026-05-10 12:00:00+00:00,40265.54,39514.37533239601
2026-05-09 21:00:00+00:00,2026-05-10 13:00:00+00:00,39574.78,40010.77043425226
2026-05-09 21:00:00+00:00,2026-05-10 14:00:00+00:00,40450.58,41008.019961991195
2026-05-09 21:00:00+00:00,2026-05-10 15:00:00+00:00,42118.66,43410.108162338925
2026-05-09 21:00:00+00:00,2026-05-10 16:00:00+00:00,44749.16,45459.27780130443
2026-05-09 21:00:00+00:00,2026-05-10 17:00:00+00:00,46704.76,46122.519891206764
2026-05-09 21:00:00+00:00,2026-05-10 18:00:00+00:00,46351.61,46008.00759378566
2026-05-09 21:00:00+00:00,2026-05-10 19:00:00+00:00,45675.17,44963.68720562713
2026-05-09 21:00:00+00:00,2026-05-10 20:00:00+00:00,44026.36,43401.521444702325
2026-05-09 21:00:00+00:00,2026-05-10 21:00:00+00:00,41587.83,41749.92772320324
2026-05-10 21:00:00+00:00,2026-05-10 22:00:00+00:00,40120.38,40101.896612467026
2026-05-10 21:00:00+00:00,2026-05-10 23:00:00+00:00,38723.46,39411.0501435502
2026-05-10 21:00:00+00:00,2026-05-11 00:00:00+00:00,37598.74,39293.68140556741
2026-05-10 21:00:00+00:00,2026-05-11 01:00:00+00:00,37998.7,39804.67071059462
2026-05-10 21:00:00+00:00,2026-05-11 02:00:00+00:00,39205.91,41782.10057029661
2026-05-10 21:00:00+00:00,2026-05-11 03:00:00+00:00,43096.09,45719.6446973348
2026-05-10 21:00:00+00:00,2026-05-11 04:00:00+00:00,50758.56,52260.015893806754
2026-05-10 21:00:00+00:00,2026-05-11 05:00:00+00:00,55793.8,58033.2370699007
2026-05-10 21:00:00+00:00,2026-05-11 06:00:00+00:00,58949.41,61269.52873921103
2026-05-10 21:00:00+00:00,2026-05-11 07:00:00+00:00,59885.78,60775.98617251384
2026-05-10 21:00:00+00:00,2026-05-11 08:00:00+00:00,61800.15,59478.87506515479
2026-05-10 21:00:00+00:00,2026-05-11 09:00:00+00:00,62729.25,58547.797016301774
2026-05-10 21:00:00+00:00,2026-05-11 10:00:00+00:00,63490.79,57265.34985447815
2026-05-10 21:00:00+00:00,2026-05-11 11:00:00+00:00,62480.57,56327.78074338709
2026-05-10 21:00:00+00:00,2026-05-11 12:00:00+00:00,60937.24,55452.639553714725
2026-05-10 21:00:00+00:00,2026-05-11 13:00:00+00:00,61240.19,55437.23157340459
2026-05-10 21:00:00+00:00,2026-05-11 14:00:00+00:00,60070.65,56000.770499103055
2026-05-10 21:00:00+00:00,2026-05-11 15:00:00+00:00,60516.58,56669.92059080501
2026-05-10 21:00:00+00:00,2026-05-11 16:00:00+00:00,60348.66,57333.705763316764
2026-05-10 21:00:00+00:00,2026-05-11 17:00:00+00:00,59524.4,57418.39373400996
2026-05-10 21:00:00+00:00,2026-05-11 18:00:00+00:00,57868.53,55544.51523206102
2026-05-10 21:00:00+00:00,2026-05-11 19:00:00+00:00,55660.16,52670.4523270423
2026-05-10 21:00:00+00:00,2026-05-11 20:00:00+00:00,52472.72,49576.00815168153
2026-05-10 21:00:00+00:00,2026-05-11 21:00:00+00:00,48562.01,46143.15374749001
2026-05-11 21:00:00+00:00,2026-05-11 22:00:00+00:00,45772.47,45760.0568985896
2026-05-11 21:00:00+00:00,2026-05-11 23:00:00+00:00,44629.34,44045.351954968406
2026-05-11 21:00:00+00:00,2026-05-12 00:00:00+00:00,43929.76,43163.46465771257
2026-05-11 21:00:00+00:00,2026-05-12 01:00:00+00:00,44116.93,43368.24349572804
2026-05-11 21:00:00+00:00,2026-05-12 02:00:00+00:00,45769.77,44146.311343043264
2026-05-11 21:00:00+00:00,2026-05-12 03:00:00+00:00,48857.19,47385.89541590179
2026-05-11 21:00:00+00:00,2026-05-12 04:00:00+00:00,55585.54,52796.23718067343
2026-05-11 21:00:00+00:00,2026-05-12 05:00:00+00:00,59885.66,57135.072200167604
2026-05-11 21:00:00+00:00,2026-05-12 06:00:00+00:00,62443.26,59509.11800723673
2026-05-11 21:00:00+00:00,2026-05-12 07:00:00+00:00,61882.07,59543.999064411895
2026-05-11 21:00:00+00:00,2026-05-12 08:00:00+00:00,61487.57,59247.47163100425
2026-05-11 21:00:00+00:00,2026-05-12 09:00:00+00:00,61404.96,59052.88622049948
2026-05-11 21:00:00+00:00,2026-05-12 10:00:00+00:00,60450.46,58516.75484399304
2026-05-11 21:00:00+00:00,2026-05-12 11:00:00+00:00,59183.11,57194.76970248374
2026-05-11 21:00:00+00:00,2026-05-12 12:00:00+00:00,57134.89,56101.67222197205
2026-05-11 21:00:00+00:00,2026-05-12 13:00:00+00:00,55530.68,56245.53957297748
2026-05-11 21:00:00+00:00,2026-05-12 14:00:00+00:00,54926.43,56846.89657333988
2026-05-11 21:00:00+00:00,2026-05-12 15:00:00+00:00,56606.52,58664.56892294697
2026-05-11 21:00:00+00:00,2026-05-12 16:00:00+00:00,58048.58,59838.33183148392
2026-05-11 21:00:00+00:00,2026-05-12 17:00:00+00:00,57886.8,60222.54805280485
2026-05-11 21:00:00+00:00,2026-05-12 18:00:00+00:00,56608.65,58182.44530762232
2026-05-11 21:00:00+00:00,2026-05-12 19:00:00+00:00,54224.33,55471.47092778946
2026-05-11 21:00:00+00:00,2026-05-12 20:00:00+00:00,50775.51,52136.34912692216
2026-05-11 21:00:00+00:00,2026-05-12 21:00:00+00:00,47278.47,48578.9166698715
2026-05-12 21:00:00+00:00,2026-05-12 22:00:00+00:00,45269.1,44668.24522695674
2026-05-12 21:00:00+00:00,2026-05-12 23:00:00+00:00,43962.83,43160.406432363394
2026-05-12 21:00:00+00:00,2026-05-13 00:00:00+00:00,42760.66,42374.31912603692
2026-05-12 21:00:00+00:00,2026-05-13 01:00:00+00:00,42739.64,42627.938194751914
2026-05-12 21:00:00+00:00,2026-05-13 02:00:00+00:00,44144.27,43939.34672833967
2026-05-12 21:00:00+00:00,2026-05-13 03:00:00+00:00,47208.25,46846.78614327679
2026-05-12 21:00:00+00:00,2026-05-13 04:00:00+00:00,53506.53,52956.272221538806
2026-05-12 21:00:00+00:00,2026-05-13 05:00:00+00:00,57697.79,57761.33678922988
2026-05-12 21:00:00+00:00,2026-05-13 06:00:00+00:00,59717.22,60177.97494851361
2026-05-12 21:00:00+00:00,2026-05-13 07:00:00+00:00,59733.03,60060.652929164535
2026-05-12 21:00:00+00:00,2026-05-13 08:00:00+00:00,59070.39,59652.848408644844
2026-05-12 21:00:00+00:00,2026-05-13 09:00:00+00:00,60150.93,59349.2072853981
2026-05-12 21:00:00+00:00,2026-05-13 10:00:00+00:00,59372.97,58374.117718312154
2026-05-12 21:00:00+00:00,2026-05-13 11:00:00+00:00,58145.45,56723.541078179514
2026-05-12 21:00:00+00:00,2026-05-13 12:00:00+00:00,57298.04,55252.33779055521
2026-05-12 21:00:00+00:00,2026-05-13 13:00:00+00:00,56328.23,54591.14948077621
2026-05-12 21:00:00+00:00,2026-05-13 14:00:00+00:00,54896.76,55043.867208595286
2026-05-12 21:00:00+00:00,2026-05-13 15:00:00+00:00,54691.36,56345.40072322224
2026-05-12 21:00:00+00:00,2026-05-13 16:00:00+00:00,54940.21,58051.655137685455
2026-05-12 21:00:00+00:00,2026-05-13 17:00:00+00:00,55536.24,58561.02547809071
2026-05-12 21:00:00+00:00,2026-05-13 18:00:00+00:00,54299.07,57393.11408215436
2026-05-12 21:00:00+00:00,2026-05-13 19:00:00+00:00,52422.42,54906.260850256105
2026-05-12 21:00:00+00:00,2026-05-13 20:00:00+00:00,48254.23,51431.26229166143
2026-05-12 21:00:00+00:00,2026-05-13 21:00:00+00:00,44661.24,48072.17235138256
2026-05-13 21:00:00+00:00,2026-05-13 22:00:00+00:00,41533.18,42483.955884133495
2026-05-13 21:00:00+00:00,2026-05-13 23:00:00+00:00,40329.65,40721.936681554806
2026-05-13 21:00:00+00:00,2026-05-14 00:00:00+00:00,39835.83,39509.9940510069
2026-05-13 21:00:00+00:00,2026-05-14 01:00:00+00:00,39495.19,39322.59244169483
2026-05-13 21:00:00+00:00,2026-05-14 02:00:00+00:00,39519.85,39822.96762417729
2026-05-13 21:00:00+00:00,2026-05-14 03:00:00+00:00,39518.64,40985.46020561093
2026-05-13 21:00:00+00:00,2026-05-14 04:00:00+00:00,39165.7,41496.82009079709
2026-05-13 21:00:00+00:00,2026-05-14 05:00:00+00:00,40850.34,42502.2338773359
2026-05-13 21:00:00+00:00,2026-05-14 06:00:00+00:00,44025.61,43612.35848011175
2026-05-13 21:00:00+00:00,2026-05-14 07:00:00+00:00,46483.48,44571.288712607355
2026-05-13 21:00:00+00:00,2026-05-14 08:00:00+00:00,48214.42,45434.06069336526
2026-05-13 21:00:00+00:00,2026-05-14 09:00:00+00:00,49247.25,45060.60062913444
2026-05-13 21:00:00+00:00,2026-05-14 10:00:00+00:00,48231.66,43504.92047764048
2026-05-13 21:00:00+00:00,2026-05-14 11:00:00+00:00,46638.71,41905.10024994478
2026-05-13 21:00:00+00:00,2026-05-14 12:00:00+00:00,44798.65,40699.02718106794
2026-05-13 21:00:00+00:00,2026-05-14 13:00:00+00:00,43734.95,39611.739735145566
2026-05-13 21:00:00+00:00,2026-05-14 14:00:00+00:00,43802.74,40143.59042702426
2026-05-13 21:00:00+00:00,2026-05-14 15:00:00+00:00,44422.03,42191.19770904663
2026-05-13 21:00:00+00:00,2026-05-14 16:00:00+00:00,46046.37,44182.12119740476
2026-05-13 21:00:00+00:00,2026-05-14 17:00:00+00:00,46800.12,44995.7836823978
2026-05-13 21:00:00+00:00,2026-05-14 18:00:00+00:00,46494.78,45588.92815907819
2026-05-13 21:00:00+00:00,2026-05-14 19:00:00+00:00,46197.1,45413.82176177031
2026-05-13 21:00:00+00:00,2026-05-14 20:00:00+00:00,44614.62,44057.75565752951
2026-05-13 21:00:00+00:00,2026-05-14 21:00:00+00:00,41582.1,42146.410806532
2026-05-14 21:00:00+00:00,2026-05-14 22:00:00+00:00,39156.85,39899.09139044871
2026-05-14 21:00:00+00:00,2026-05-14 23:00:00+00:00,37636.4,38810.531355406056
2026-05-14 21:00:00+00:00,2026-05-15 00:00:00+00:00,36962.74,38312.32041596856
2026-05-14 21:00:00+00:00,2026-05-15 01:00:00+00:00,37154.63,38150.0959578523
2026-05-14 21:00:00+00:00,2026-05-15 02:00:00+00:00,38211.34,38561.75179538875
2026-05-14 21:00:00+00:00,2026-05-15 03:00:00+00:00,40534.73,39702.02276149751
2026-05-14 21:00:00+00:00,2026-05-15 04:00:00+00:00,44504.54,42416.78636512122
2026-05-14 21:00:00+00:00,2026-05-15 05:00:00+00:00,47389.03,44904.81113966679
2026-05-14 21:00:00+00:00,2026-05-15 06:00:00+00:00,50704.05,49219.9762142026
2026-05-14 21:00:00+00:00,2026-05-15 07:00:00+00:00,51757.58,53460.45903510541
2026-05-14 21:00:00+00:00,2026-05-15 08:00:00+00:00,52443.09,54147.82887771473
2026-05-14 21:00:00+00:00,2026-05-15 09:00:00+00:00,52782.59,54754.71627734634
2026-05-14 21:00:00+00:00,2026-05-15 10:00:00+00:00,51442.69,54258.346938282506
2026-05-14 21:00:00+00:00,2026-05-15 11:00:00+00:00,50431.67,52842.355082764414
2026-05-14 21:00:00+00:00,2026-05-15 12:00:00+00:00,48489.73,51065.52585459008
2026-05-14 21:00:00+00:00,2026-05-15 13:00:00+00:00,47531.78,50383.452943459146
2026-05-14 21:00:00+00:00,2026-05-15 14:00:00+00:00,47901.57,50323.853512117144
2026-05-14 21:00:00+00:00,2026-05-15 15:00:00+00:00,48722.06,51455.6568622994
2026-05-14 21:00:00+00:00,2026-05-15 16:00:00+00:00,49507.97,52322.02944171713
2026-05-14 21:00:00+00:00,2026-05-15 17:00:00+00:00,50155.08,52118.175622221526
2026-05-14 21:00:00+00:00,2026-05-15 18:00:00+00:00,49068.31,50466.3135001877
2026-05-14 21:00:00+00:00,2026-05-15 19:00:00+00:00,47738.03,48623.60655272329
2026-05-14 21:00:00+00:00,2026-05-15 20:00:00+00:00,45353.09,46988.935231728225
2026-05-14 21:00:00+00:00,2026-05-15 21:00:00+00:00,42132.87,44056.362802086536
2026-05-15 21:00:00+00:00,2026-05-15 22:00:00+00:00,39799.68,39718.47605519222
2026-05-15 21:00:00+00:00,2026-05-15 23:00:00+00:00,38487.07,38496.67242640307
2026-05-15 21:00:00+00:00,2026-05-16 00:00:00+00:00,37311.65,37485.33043622015
2026-05-15 21:00:00+00:00,2026-05-16 01:00:00+00:00,37470.66,37285.573461599335
2026-05-15 21:00:00+00:00,2026-05-16 02:00:00+00:00,37539.09,37594.67917410076
2026-05-15 21:00:00+00:00,2026-05-16 03:00:00+00:00,37949.66,38047.69522337381
2026-05-15 21:00:00+00:00,2026-05-16 04:00:00+00:00,38999.05,39152.83494132824
2026-05-15 21:00:00+00:00,2026-05-16 05:00:00+00:00,41353.34,41409.64906897908
2026-05-15 21:00:00+00:00,2026-05-16 06:00:00+00:00,45067.25,44523.40134155602
2026-05-15 21:00:00+00:00,2026-05-16 07:00:00+00:00,47821.46,47048.23287963659
2026-05-15 21:00:00+00:00,2026-05-16 08:00:00+00:00,48296.81,48589.59389350193
2026-05-15 21:00:00+00:00,2026-05-16 09:00:00+00:00,48795.86,48905.893874651585
2026-05-15 21:00:00+00:00,2026-05-16 10:00:00+00:00,48420.11,47755.058181142784
2026-05-15 21:00:00+00:00,2026-05-16 11:00:00+00:00,46958.64,46188.34464806328
2026-05-15 21:00:00+00:00,2026-05-16 12:00:00+00:00,45694.19,44342.58001709699
2026-05-15 21:00:00+00:00,2026-05-16 13:00:00+00:00,44981.21,43336.535586258564
2026-05-15 21:00:00+00:00,2026-05-16 14:00:00+00:00,44483.57,43933.98557466066
2026-05-15 21:00:00+00:00,2026-05-16 15:00:00+00:00,45872.43,45876.72170992329
2026-05-15 21:00:00+00:00,2026-05-16 16:00:00+00:00,47226.36,47753.966926131805
2026-05-15 21:00:00+00:00,2026-05-16 17:00:00+00:00,47763.19,48150.737218488575
2026-05-15 21:00:00+00:00,2026-05-16 18:00:00+00:00,46869.39,47127.513347711654
2026-05-15 21:00:00+00:00,2026-05-16 19:00:00+00:00,45678.58,46132.46955821097
2026-05-15 21:00:00+00:00,2026-05-16 20:00:00+00:00,44098.76,43637.73939151399
2026-05-15 21:00:00+00:00,2026-05-16 21:00:00+00:00,41591.41,41204.92982709695
2026-05-16 21:00:00+00:00,2026-05-16 22:00:00+00:00,39966.72,38727.43901413795
2026-05-16 21:00:00+00:00,2026-05-16 23:00:00+00:00,37924.16,37061.3410799797
2026-05-16 21:00:00+00:00,2026-05-17 00:00:00+00:00,36305.71,35504.683107215285
2026-05-16 21:00:00+00:00,2026-05-17 01:00:00+00:00,35905.33,35581.32008670979
2026-05-16 21:00:00+00:00,2026-05-17 02:00:00+00:00,36120.29,35866.82792713449
2026-05-16 21:00:00+00:00,2026-05-17 03:00:00+00:00,36331.49,36275.25456989216
2026-05-16 21:00:00+00:00,2026-05-17 04:00:00+00:00,36625.76,36895.91775120113
2026-05-16 21:00:00+00:00,2026-05-17 05:00:00+00:00,38383.44,37317.86881906247
2026-05-16 21:00:00+00:00,2026-05-17 06:00:00+00:00,41207.06,40101.12151045919
2026-05-16 21:00:00+00:00,2026-05-17 07:00:00+00:00,43642.5,42627.46649880918
2026-05-16 21:00:00+00:00,2026-05-17 08:00:00+00:00,44535.54,43535.5200283213
2026-05-16 21:00:00+00:00,2026-05-17 09:00:00+00:00,45326.62,43773.83161209133
2026-05-16 21:00:00+00:00,2026-05-17 10:00:00+00:00,44612.27,43302.965900996904
2026-05-16 21:00:00+00:00,2026-05-17 11:00:00+00:00,43463.32,42322.96119439329
2026-05-16 21:00:00+00:00,2026-05-17 12:00:00+00:00,42683.69,41708.87950792458
2026-05-16 21:00:00+00:00,2026-05-17 13:00:00+00:00,43095.48,41517.4285233167
2026-05-16 21:00:00+00:00,2026-05-17 14:00:00+00:00,43268.91,42427.322737678034
2026-05-16 21:00:00+00:00,2026-05-17 15:00:00+00:00,44175.48,44350.65919446026
2026-05-16 21:00:00+00:00,2026-05-17 16:00:00+00:00,46139.53,46312.8335750103
2026-05-16 21:00:00+00:00,2026-05-17 17:00:00+00:00,47234.64,47050.53279979813
2026-05-16 21:00:00+00:00,2026-05-17 18:00:00+00:00,46939.12,46913.2709426641
2026-05-16 21:00:00+00:00,2026-05-17 19:00:00+00:00,47190.07,46363.407382934536
2026-05-16 21:00:00+00:00,2026-05-17 20:00:00+00:00,46121.66,44472.159112946494
2026-05-16 21:00:00+00:00,2026-05-17 21:00:00+00:00,43181.72,41918.954380653646
2026-05-17 21:00:00+00:00,2026-05-17 22:00:00+00:00,40908.42,41329.18407196412
2026-05-17 21:00:00+00:00,2026-05-17 23:00:00+00:00,39306.66,40462.005201860185
2026-05-17 21:00:00+00:00,2026-05-18 00:00:00+00:00,38451.3,39587.57015264539
2026-05-17 21:00:00+00:00,2026-05-18 01:00:00+00:00,38001.34,39641.14726682578
2026-05-17 21:00:00+00:00,2026-05-18 02:00:00+00:00,39555.74,40459.744438587804
2026-05-17 21:00:00+00:00,2026-05-18 03:00:00+00:00,42949.66,42994.019068569156
2026-05-17 21:00:00+00:00,2026-05-18 04:00:00+00:00,50358.2,48396.62441043135
2026-05-17 21:00:00+00:00,2026-05-18 05:00:00+00:00,55428.72,56052.43659842984
2026-05-17 21:00:00+00:00,2026-05-18 06:00:00+00:00,59086.01,59675.891811110974
2026-05-17 21:00:00+00:00,2026-05-18 07:00:00+00:00,58253.53,60220.04719219417
2026-05-17 21:00:00+00:00,2026-05-18 08:00:00+00:00,57513.11,59209.43394035201
2026-05-17 21:00:00+00:00,2026-05-18 09:00:00+00:00,58954.07,58616.39043251803
2026-05-17 21:00:00+00:00,2026-05-18 10:00:00+00:00,58883.67,57576.3254198789
2026-05-17 21:00:00+00:00,2026-05-18 11:00:00+00:00,56580.6,56952.267311203
2026-05-17 21:00:00+00:00,2026-05-18 12:00:00+00:00,55167.73,56303.49701281526
2026-05-17 21:00:00+00:00,2026-05-18 13:00:00+00:00,54622.7,56256.407770171296
2026-05-17 21:00:00+00:00,2026-05-18 14:00:00+00:00,54274.89,56786.249629058286
2026-05-17 21:00:00+00:00,2026-05-18 15:00:00+00:00,54803.95,57548.817188930705
2026-05-17 21:00:00+00:00,2026-05-18 16:00:00+00:00,55321.98,58394.43780547738
2026-05-17 21:00:00+00:00,2026-05-18 17:00:00+00:00,55296.22,57986.37570487958
2026-05-17 21:00:00+00:00,2026-05-18 18:00:00+00:00,54445.33,56848.71585172256
2026-05-17 21:00:00+00:00,2026-05-18 19:00:00+00:00,52951.35,54533.767547574236
2026-05-17 21:00:00+00:00,2026-05-18 20:00:00+00:00,49409.86,51121.16454365183
2026-05-17 21:00:00+00:00,2026-05-18 21:00:00+00:00,45464.12,47289.48742239375
2026-05-18 21:00:00+00:00,2026-05-18 22:00:00+00:00,42901.49,43202.89110120718
2026-05-18 21:00:00+00:00,2026-05-18 23:00:00+00:00,41283.81,41985.9238022857
2026-05-18 21:00:00+00:00,2026-05-19 00:00:00+00:00,40463.24,41635.06474006026
2026-05-18 21:00:00+00:00,2026-05-19 01:00:00+00:00,40903.87,42179.824692111484
2026-05-18 21:00:00+00:00,2026-05-19 02:00:00+00:00,42212.12,43649.83926472104
2026-05-18 21:00:00+00:00,2026-05-19 03:00:00+00:00,45295.55,47141.39183949745
2026-05-18 21:00:00+00:00,2026-05-19 04:00:00+00:00,51920.69,53501.18070629585
2026-05-18 21:00:00+00:00,2026-05-19 05:00:00+00:00,56257.53,58095.00302447995
2026-05-18 21:00:00+00:00,2026-05-19 06:00:00+00:00,57985.93,60390.865370783424
2026-05-18 21:00:00+00:00,2026-05-19 07:00:00+00:00,56804.33,60472.516667072465
2026-05-18 21:00:00+00:00,2026-05-19 08:00:00+00:00,56729.44,59946.64027356591
2026-05-18 21:00:00+00:00,2026-05-19 09:00:00+00:00,57026.58,59071.569436326674
2026-05-18 21:00:00+00:00,2026-05-19 10:00:00+00:00,56572.72,58267.71197406946
2026-05-18 21:00:00+00:00,2026-05-19 11:00:00+00:00,55601.45,56927.683489972485
2026-05-18 21:00:00+00:00,2026-05-19 12:00:00+00:00,54465.38,55970.676201751194
2026-05-18 21:00:00+00:00,2026-05-19 13:00:00+00:00,54212.61,55390.54124423833
2026-05-18 21:00:00+00:00,2026-05-19 14:00:00+00:00,53968.57,55595.8620379226
2026-05-18 21:00:00+00:00,2026-05-19 15:00:00+00:00,55763.82,56462.86230338787
2026-05-18 21:00:00+00:00,2026-05-19 16:00:00+00:00,56320.57,57347.13415888888
2026-05-18 21:00:00+00:00,2026-05-19 17:00:00+00:00,56368.5,57598.86532091041
2026-05-18 21:00:00+00:00,2026-05-19 18:00:00+00:00,55063.07,56266.30754369363
2026-05-18 21:00:00+00:00,2026-05-19 19:00:00+00:00,53451.51,54068.37388927748
2026-05-18 21:00:00+00:00,2026-05-19 20:00:00+00:00,50304.7,50806.7452151134
2026-05-18 21:00:00+00:00,2026-05-19 21:00:00+00:00,46277.29,47231.32763216217
2026-05-19 21:00:00+00:00,2026-05-19 22:00:00+00:00,43701.75,43669.843166892366
2026-05-19 21:00:00+00:00,2026-05-19 23:00:00+00:00,42281.54,42184.361643226715
2026-05-19 21:00:00+00:00,2026-05-20 00:00:00+00:00,41685.75,41514.760017540226
2026-05-19 21:00:00+00:00,2026-05-20 01:00:00+00:00,41514.46,41919.22309984666
2026-05-19 21:00:00+00:00,2026-05-20 02:00:00+00:00,42799.3,42884.95653370277
2026-05-19 21:00:00+00:00,2026-05-20 03:00:00+00:00,46386.59,45896.69261113873
2026-05-19 21:00:00+00:00,2026-05-20 04:00:00+00:00,53533.0,51338.82437130005
2026-05-19 21:00:00+00:00,2026-05-20 05:00:00+00:00,58450.57,56495.128307812476
2026-05-19 21:00:00+00:00,2026-05-20 06:00:00+00:00,61116.28,59005.95425845664
2026-05-19 21:00:00+00:00,2026-05-20 07:00:00+00:00,61129.33,58917.50634997051
2026-05-19 21:00:00+00:00,2026-05-20 08:00:00+00:00,62002.29,58444.57882132248
2026-05-19 21:00:00+00:00,2026-05-20 09:00:00+00:00,62067.8,57412.539506169305
2026-05-19 21:00:00+00:00,2026-05-20 10:00:00+00:00,60157.02,56321.78560668995
2026-05-19 21:00:00+00:00,2026-05-20 11:00:00+00:00,59490.34,55103.66162199372
2026-05-19 21:00:00+00:00,2026-05-20 12:00:00+00:00,57525.42,53906.08403112435
2026-05-19 21:00:00+00:00,2026-05-20 13:00:00+00:00,56069.27,53722.295945968806
2026-05-19 21:00:00+00:00,2026-05-20 14:00:00+00:00,56470.18,54002.054369019126
2026-05-19 21:00:00+00:00,2026-05-20 15:00:00+00:00,56508.86,55134.67558064338
2026-05-19 21:00:00+00:00,2026-05-20 16:00:00+00:00,57726.7,55916.48163465732
2026-05-19 21:00:00+00:00,2026-05-20 17:00:00+00:00,58655.06,55610.3090311899
2026-05-19 21:00:00+00:00,2026-05-20 18:00:00+00:00,56788.39,53579.50191608813
2026-05-19 21:00:00+00:00,2026-05-20 19:00:00+00:00,54729.82,51070.93436264533
2026-05-19 21:00:00+00:00,2026-05-20 20:00:00+00:00,51194.99,48786.975152637206
2026-05-19 21:00:00+00:00,2026-05-20 21:00:00+00:00,47852.0,45786.34752997208
2026-05-20 21:00:00+00:00,2026-05-20 22:00:00+00:00,45244.42,45509.89154197977
2026-05-20 21:00:00+00:00,2026-05-20 23:00:00+00:00,43193.15,43598.23728332737
2026-05-20 21:00:00+00:00,2026-05-21 00:00:00+00:00,42509.18,42313.07108845221
2026-05-20 21:00:00+00:00,2026-05-21 01:00:00+00:00,42955.24,42083.42490542448
2026-05-20 21:00:00+00:00,2026-05-21 02:00:00+00:00,43977.72,42248.043891220426
2026-05-20 21:00:00+00:00,2026-05-21 03:00:00+00:00,47051.97,43913.013255711965
2026-05-20 21:00:00+00:00,2026-05-21 04:00:00+00:00,53473.78,46740.4210498998
2026-05-20 21:00:00+00:00,2026-05-21 05:00:00+00:00,57536.77,49915.05430866413
2026-05-20 21:00:00+00:00,2026-05-21 06:00:00+00:00,59401.17,53582.364640193795
2026-05-20 21:00:00+00:00,2026-05-21 07:00:00+00:00,58958.96,55917.73714844964
2026-05-20 21:00:00+00:00,2026-05-21 08:00:00+00:00,57943.13,57276.89335526836
2026-05-20 21:00:00+00:00,2026-05-21 09:00:00+00:00,57594.23,58105.05776611644
2026-05-20 21:00:00+00:00,2026-05-21 10:00:00+00:00,56748.43,57442.27849867896
2026-05-20 21:00:00+00:00,2026-05-21 11:00:00+00:00,56207.87,56498.2127218932
2026-05-20 21:00:00+00:00,2026-05-21 12:00:00+00:00,55766.86,55614.93121398185
2026-05-20 21:00:00+00:00,2026-05-21 13:00:00+00:00,55184.49,54890.28742794191
2026-05-20 21:00:00+00:00,2026-05-21 14:00:00+00:00,55193.73,55226.56950780655
2026-05-20 21:00:00+00:00,2026-05-21 15:00:00+00:00,55588.69,55729.97783678415
2026-05-20 21:00:00+00:00,2026-05-21 16:00:00+00:00,56888.27,56282.74555581012
2026-05-20 21:00:00+00:00,2026-05-21 17:00:00+00:00,57171.77,55789.31989934286
2026-05-20 21:00:00+00:00,2026-05-21 18:00:00+00:00,56469.51,54145.56011928458
2026-05-20 21:00:00+00:00,2026-05-21 19:00:00+00:00,54851.4,51698.90156390627
2026-05-20 21:00:00+00:00,2026-05-21 20:00:00+00:00,51347.51,49276.80393586982
2026-05-20 21:00:00+00:00,2026-05-21 21:00:00+00:00,47094.67,45979.80023008003
2026-05-21 21:00:00+00:00,2026-05-21 22:00:00+00:00,43643.9,44890.34078788224
2026-05-21 21:00:00+00:00,2026-05-21 23:00:00+00:00,41694.06,43294.37530050589
2026-05-21 21:00:00+00:00,2026-05-22 00:00:00+00:00,40702.38,42613.81827513229
2026-05-21 21:00:00+00:00,2026-05-22 01:00:00+00:00,40566.83,42889.057005080416
2026-05-21 21:00:00+00:00,2026-05-22 02:00:00+00:00,41895.3,43931.53804859744
2026-05-21 21:00:00+00:00,2026-05-22 03:00:00+00:00,44993.77,45999.643636357454
2026-05-21 21:00:00+00:00,2026-05-22 04:00:00+00:00,51338.91,49910.774334125636
2026-05-21 21:00:00+00:00,2026-05-22 05:00:00+00:00,55810.96,54221.07431305643
2026-05-21 21:00:00+00:00,2026-05-22 06:00:00+00:00,57279.88,56388.75388884753
2026-05-21 21:00:00+00:00,2026-05-22 07:00:00+00:00,56135.53,58308.12559321058
2026-05-21 21:00:00+00:00,2026-05-22 08:00:00+00:00,55803.4,58084.215592426604
2026-05-21 21:00:00+00:00,2026-05-22 09:00:00+00:00,56263.67,57496.47408827639
2026-05-21 21:00:00+00:00,2026-05-22 10:00:00+00:00,55410.11,56694.714566878385
2026-05-21 21:00:00+00:00,2026-05-22 11:00:00+00:00,54250.42,55278.579658501396
2026-05-21 21:00:00+00:00,2026-05-22 12:00:00+00:00,52603.97,53532.596779850595
2026-05-21 21:00:00+00:00,2026-05-22 13:00:00+00:00,51985.32,52704.04431594558
2026-05-21 21:00:00+00:00,2026-05-22 14:00:00+00:00,51849.52,52340.03879582182
2026-05-21 21:00:00+00:00,2026-05-22 15:00:00+00:00,52623.4,53180.57124931643
2026-05-21 21:00:00+00:00,2026-05-22 16:00:00+00:00,53125.86,54278.75732403523
2026-05-21 21:00:00+00:00,2026-05-22 17:00:00+00:00,53589.03,54618.33831986801
2026-05-21 21:00:00+00:00,2026-05-22 18:00:00+00:00,52465.61,53229.8315102504
2026-05-21 21:00:00+00:00,2026-05-22 19:00:00+00:00,51186.16,50717.421623042595
2026-05-21 21:00:00+00:00,2026-05-22 20:00:00+00:00,48495.96,48720.70069687347
2026-05-21 21:00:00+00:00,2026-05-22 21:00:00+00:00,44897.14,45156.72937820454
2026-05-22 21:00:00+00:00,2026-05-22 22:00:00+00:00,41627.76,42698.142719874995
2026-05-22 21:00:00+00:00,2026-05-22 23:00:00+00:00,39546.76,40704.01003409401
2026-05-22 21:00:00+00:00,2026-05-23 00:00:00+00:00,38288.18,39340.48815246881
2026-05-22 21:00:00+00:00,2026-05-23 01:00:00+00:00,37900.6,38847.35978391947
2026-05-22 21:00:00+00:00,2026-05-23 02:00:00+00:00,38633.01,39234.83312883028
2026-05-22 21:00:00+00:00,2026-05-23 03:00:00+00:00,39126.45,39974.61903616975
2026-05-22 21:00:00+00:00,2026-05-23 04:00:00+00:00,40739.9,41753.75723032907
2026-05-22 21:00:00+00:00,2026-05-23 05:00:00+00:00,42900.15,44028.004558483924
2026-05-22 21:00:00+00:00,2026-05-23 06:00:00+00:00,45419.66,47059.95000975701
2026-05-22 21:00:00+00:00,2026-05-23 07:00:00+00:00,46777.87,49441.76227833761
2026-05-22 21:00:00+00:00,2026-05-23 08:00:00+00:00,46256.39,50083.20679997309
2026-05-22 21:00:00+00:00,2026-05-23 09:00:00+00:00,46089.24,50873.49364292119
2026-05-22 21:00:00+00:00,2026-05-23 10:00:00+00:00,45220.48,50521.54156062559
2026-05-22 21:00:00+00:00,2026-05-23 11:00:00+00:00,44175.62,49075.48158363378
2026-05-22 21:00:00+00:00,2026-05-23 12:00:00+00:00,42539.49,47459.902938945204
2026-05-22 21:00:00+00:00,2026-05-23 13:00:00+00:00,42090.63,46571.265045114116
2026-05-22 21:00:00+00:00,2026-05-23 14:00:00+00:00,42180.47,46877.807359870145
2026-05-22 21:00:00+00:00,2026-05-23 15:00:00+00:00,43490.45,48406.789398030385
2026-05-22 21:00:00+00:00,2026-05-23 16:00:00+00:00,44947.78,49321.42628837845
2026-05-22 21:00:00+00:00,2026-05-23 17:00:00+00:00,45685.24,49722.87899710768
2026-05-22 21:00:00+00:00,2026-05-23 18:00:00+00:00,44712.43,48459.44667782479
2026-05-22 21:00:00+00:00,2026-05-23 19:00:00+00:00,43985.16,47184.19136493161
2026-05-22 21:00:00+00:00,2026-05-23 20:00:00+00:00,42564.61,45237.64325501115
2026-05-22 21:00:00+00:00,2026-05-23 21:00:00+00:00,40011.56,42111.750954157986
2026-05-23 21:00:00+00:00,2026-05-23 22:00:00+00:00,37668.33,37704.52973329772
2026-05-23 21:00:00+00:00,2026-05-23 23:00:00+00:00,35589.03,35981.94806994011
2026-05-23 21:00:00+00:00,2026-05-24 00:00:00+00:00,34285.8,35420.20226890434
2026-05-23 21:00:00+00:00,2026-05-24 01:00:00+00:00,34023.91,35562.75321579429
2026-05-23 21:00:00+00:00,2026-05-24 02:00:00+00:00,34043.36,35823.45335545074
2026-05-23 21:00:00+00:00,2026-05-24 03:00:00+00:00,34439.02,36140.44513621152
2026-05-23 21:00:00+00:00,2026-05-24 04:00:00+00:00,34539.9,36615.57257963511
2026-05-23 21:00:00+00:00,2026-05-24 05:00:00+00:00,37021.71,38523.53401498101
2026-05-23 21:00:00+00:00,2026-05-24 06:00:00+00:00,40372.54,40357.65602188141
2026-05-23 21:00:00+00:00,2026-05-24 07:00:00+00:00,41106.56,41921.885096707425
2026-05-23 21:00:00+00:00,2026-05-24 08:00:00+00:00,41137.61,42611.73952767038
2026-05-23 21:00:00+00:00,2026-05-24 09:00:00+00:00,41219.66,43497.766441430686
2026-05-23 21:00:00+00:00,2026-05-24 10:00:00+00:00,40844.01,42936.13053607006
2026-05-23 21:00:00+00:00,2026-05-24 11:00:00+00:00,39496.89,41691.8881605791
2026-05-23 21:00:00+00:00,2026-05-24 12:00:00+00:00,38058.13,40803.31803441669
2026-05-23 21:00:00+00:00,2026-05-24 13:00:00+00:00,37618.83,40576.99111779606
2026-05-23 21:00:00+00:00,2026-05-24 14:00:00+00:00,38625.86,41028.532214712955
2026-05-23 21:00:00+00:00,2026-05-24 15:00:00+00:00,41507.46,42856.0943026745
2026-05-23 21:00:00+00:00,2026-05-24 16:00:00+00:00,43304.67,44901.85546565669
2026-05-23 21:00:00+00:00,2026-05-24 17:00:00+00:00,44259.39,45986.95728115431
2026-05-23 21:00:00+00:00,2026-05-24 18:00:00+00:00,44243.16,46150.201233675616
2026-05-23 21:00:00+00:00,2026-05-24 19:00:00+00:00,44306.23,45717.14124758611
2026-05-23 21:00:00+00:00,2026-05-24 20:00:00+00:00,42884.17,44171.68292199417
2026-05-23 21:00:00+00:00,2026-05-24 21:00:00+00:00,39945.76,41555.574300565364
2026-05-24 21:00:00+00:00,2026-05-24 22:00:00+00:00,37428.49,38706.54888218315
2026-05-24 21:00:00+00:00,2026-05-24 23:00:00+00:00,35688.27,37788.416579635435
2026-05-24 21:00:00+00:00,2026-05-25 00:00:00+00:00,34729.32,37311.706856643774
2026-05-24 21:00:00+00:00,2026-05-25 01:00:00+00:00,34275.03,37151.76328899521
2026-05-24 21:00:00+00:00,2026-05-25 02:00:00+00:00,34465.05,37994.61752637837
2026-05-24 21:00:00+00:00,2026-05-25 03:00:00+00:00,34555.14,39335.44835056513
2026-05-24 21:00:00+00:00,2026-05-25 04:00:00+00:00,35617.82,41856.83337726913
2026-05-24 21:00:00+00:00,2026-05-25 05:00:00+00:00,37391.93,44460.80109120947
2026-05-24 21:00:00+00:00,2026-05-25 06:00:00+00:00,40139.08,46871.19693881296
2026-05-24 21:00:00+00:00,2026-05-25 07:00:00+00:00,42167.79,50031.69405654071
2026-05-24 21:00:00+00:00,2026-05-25 08:00:00+00:00,42141.27,51122.501109868776
2026-05-24 21:00:00+00:00,2026-05-25 09:00:00+00:00,42902.15,51689.22566868278
2026-05-24 21:00:00+00:00,2026-05-25 10:00:00+00:00,41649.64,50823.959126321286
2026-05-24 21:00:00+00:00,2026-05-25 11:00:00+00:00,40247.73,49918.13855703754
2026-05-24 21:00:00+00:00,2026-05-25 12:00:00+00:00,39744.24,49303.45520441015
2026-05-24 21:00:00+00:00,2026-05-25 13:00:00+00:00,39307.84,49461.33285476029
2026-05-24 21:00:00+00:00,2026-05-25 14:00:00+00:00,40597.81,50472.03133845471
2026-05-24 21:00:00+00:00,2026-05-25 15:00:00+00:00,43136.18,51863.26523380397
2026-05-24 21:00:00+00:00,2026-05-25 16:00:00+00:00,44573.59,52765.99012751259
2026-05-24 21:00:00+00:00,2026-05-25 17:00:00+00:00,45761.4,52649.308782016946
2026-05-24 21:00:00+00:00,2026-05-25 18:00:00+00:00,46409.73,50642.645786595924
2026-05-24 21:00:00+00:00,2026-05-25 19:00:00+00:00,46109.28,48979.09085135533
2026-05-24 21:00:00+00:00,2026-05-25 20:00:00+00:00,45220.87,46889.52057614737
2026-05-24 21:00:00+00:00,2026-05-25 21:00:00+00:00,42557.76,43594.97001784603
2026-05-25 21:00:00+00:00,2026-05-25 22:00:00+00:00,40873.35,40694.88217709713
2026-05-25 21:00:00+00:00,2026-05-25 23:00:00+00:00,39516.37,39051.44432933852
2026-05-25 21:00:00+00:00,2026-05-26 00:00:00+00:00,38600.75,38280.81487891007
2026-05-25 21:00:00+00:00,2026-05-26 01:00:00+00:00,38370.23,38244.19945625926
2026-05-25 21:00:00+00:00,2026-05-26 02:00:00+00:00,39023.26,39060.13683062271
2026-05-25 21:00:00+00:00,2026-05-26 03:00:00+00:00,42258.02,41736.00094992815
2026-05-25 21:00:00+00:00,2026-05-26 04:00:00+00:00,49486.53,46117.67078315755
2026-05-25 21:00:00+00:00,2026-05-26 05:00:00+00:00,54452.36,51511.892184869044
2026-05-25 21:00:00+00:00,2026-05-26 06:00:00+00:00,57212.54,56382.910706836454
2026-05-25 21:00:00+00:00,2026-05-26 07:00:00+00:00,56795.09,57815.22978077147
2026-05-25 21:00:00+00:00,2026-05-26 08:00:00+00:00,57102.09,57848.55099918166
2026-05-25 21:00:00+00:00,2026-05-26 09:00:00+00:00,56975.92,57448.72800713954
2026-05-25 21:00:00+00:00,2026-05-26 10:00:00+00:00,56303.58,56758.09024764866
2026-05-25 21:00:00+00:00,2026-05-26 11:00:00+00:00,55248.31,55335.76976024083
2026-05-25 21:00:00+00:00,2026-05-26 12:00:00+00:00,54223.74,53920.96015068236
2026-05-25 21:00:00+00:00,2026-05-26 13:00:00+00:00,53894.43,53248.55491530821
2026-05-25 21:00:00+00:00,2026-05-26 14:00:00+00:00,53967.57,53221.5827061866
2026-05-25 21:00:00+00:00,2026-05-26 15:00:00+00:00,54741.07,54450.19030100365
2026-05-25 21:00:00+00:00,2026-05-26 16:00:00+00:00,54683.76,55567.20353609058
2026-05-25 21:00:00+00:00,2026-05-26 17:00:00+00:00,55869.75,55612.90876457228
2026-05-25 21:00:00+00:00,2026-05-26 18:00:00+00:00,55040.08,53840.4054445608
2026-05-25 21:00:00+00:00,2026-05-26 19:00:00+00:00,54123.44,51972.37785313958
2026-05-25 21:00:00+00:00,2026-05-26 20:00:00+00:00,51254.38,49389.606801878566
2026-05-25 21:00:00+00:00,2026-05-26 21:00:00+00:00,47693.46,45959.91227551751
2026-05-26 21:00:00+00:00,2026-05-26 22:00:00+00:00,45810.17,44798.978993599456
2026-05-26 21:00:00+00:00,2026-05-26 23:00:00+00:00,44371.32,43239.16707643883
2026-05-26 21:00:00+00:00,2026-05-27 00:00:00+00:00,43044.91,42649.55103959804
2026-05-26 21:00:00+00:00,2026-05-27 01:00:00+00:00,43363.51,43217.9843428385
2026-05-26 21:00:00+00:00,2026-05-27 02:00:00+00:00,44254.64,44635.76937257053
2026-05-26 21:00:00+00:00,2026-05-27 03:00:00+00:00,47123.15,47903.63638094881
2026-05-26 21:00:00+00:00,2026-05-27 04:00:00+00:00,52829.34,54349.454879175224
2026-05-26 21:00:00+00:00,2026-05-27 05:00:00+00:00,57542.54,58062.249137242565
2026-05-26 21:00:00+00:00,2026-05-27 06:00:00+00:00,59594.58,60173.028413330205
2026-05-26 21:00:00+00:00,2026-05-27 07:00:00+00:00,59201.94,59867.92177115171
2026-05-26 21:00:00+00:00,2026-05-27 08:00:00+00:00,58740.64,59452.531445493696
2026-05-26 21:00:00+00:00,2026-05-27 09:00:00+00:00,57098.59,59248.914683935356
2026-05-26 21:00:00+00:00,2026-05-27 10:00:00+00:00,56499.04,58700.98161213393
2026-05-26 21:00:00+00:00,2026-05-27 11:00:00+00:00,55485.39,57887.29220514352
2026-05-26 21:00:00+00:00,2026-05-27 12:00:00+00:00,54073.2,56726.6655590422
2026-05-26 21:00:00+00:00,2026-05-27 13:00:00+00:00,53734.51,55842.582312394385
2026-05-26 21:00:00+00:00,2026-05-27 14:00:00+00:00,54509.68,55923.56156299975
2026-05-26 21:00:00+00:00,2026-05-27 15:00:00+00:00,56316.4,56655.73147445693
2026-05-26 21:00:00+00:00,2026-05-27 16:00:00+00:00,56838.84,57465.88215852344
2026-05-26 21:00:00+00:00,2026-05-27 17:00:00+00:00,57497.45,57884.696284523925
2026-05-26 21:00:00+00:00,2026-05-27 18:00:00+00:00,55710.69,56653.20481790364
2026-05-26 21:00:00+00:00,2026-05-27 19:00:00+00:00,53594.65,54730.99567955107
2026-05-26 21:00:00+00:00,2026-05-27 20:00:00+00:00,51511.76,51684.487867686315
2026-05-26 21:00:00+00:00,2026-05-27 21:00:00+00:00,47906.06,48286.14136797491
2026-05-27 21:00:00+00:00,2026-05-27 22:00:00+00:00,44367.52,45474.7212520553
2026-05-27 21:00:00+00:00,2026-05-27 23:00:00+00:00,42248.4,43634.50631022829
2026-05-27 21:00:00+00:00,2026-05-28 00:00:00+00:00,41189.97,42594.962207474506
2026-05-27 21:00:00+00:00,2026-05-28 01:00:00+00:00,41591.4,42734.30150755453
2026-05-27 21:00:00+00:00,2026-05-28 02:00:00+00:00,42016.09,44220.14926305089
2026-05-27 21:00:00+00:00,2026-05-28 03:00:00+00:00,44709.46,47621.901395079745
2026-05-27 21:00:00+00:00,2026-05-28 04:00:00+00:00,50773.79,54642.30352826692
2026-05-27 21:00:00+00:00,2026-05-28 05:00:00+00:00,54770.77,59648.28410095661
2026-05-27 21:00:00+00:00,2026-05-28 06:00:00+00:00,56658.15,61351.903350577784
2026-05-27 21:00:00+00:00,2026-05-28 07:00:00+00:00,55579.25,61199.64362616566
2026-05-27 21:00:00+00:00,2026-05-28 08:00:00+00:00,55444.64,60956.76758068438
2026-05-27 21:00:00+00:00,2026-05-28 09:00:00+00:00,54928.03,60573.77673034258
2026-05-27 21:00:00+00:00,2026-05-28 10:00:00+00:00,54470.27,59525.537551014844
2026-05-27 21:00:00+00:00,2026-05-28 11:00:00+00:00,53594.82,58393.87512643494
2026-05-27 21:00:00+00:00,2026-05-28 12:00:00+00:00,52511.7,56913.31113976989
2026-05-27 21:00:00+00:00,2026-05-28 13:00:00+00:00,52134.9,56572.140372471375
2026-05-27 21:00:00+00:00,2026-05-28 14:00:00+00:00,52637.6,56556.362865477524
2026-05-27 21:00:00+00:00,2026-05-28 15:00:00+00:00,53480.69,57091.14831268852
2026-05-27 21:00:00+00:00,2026-05-28 16:00:00+00:00,53878.9,57669.947841144654
2026-05-27 21:00:00+00:00,2026-05-28 17:00:00+00:00,54992.58,58011.116668495735
2026-05-27 21:00:00+00:00,2026-05-28 18:00:00+00:00,54144.74,56839.40659861204
2026-05-27 21:00:00+00:00,2026-05-28 19:00:00+00:00,52267.03,54685.096594882336
2026-05-27 21:00:00+00:00,2026-05-28 20:00:00+00:00,49895.05,51447.82275597418
2026-05-27 21:00:00+00:00,2026-05-28 21:00:00+00:00,46584.14,47572.930162812925
2026-05-28 21:00:00+00:00,2026-05-28 22:00:00+00:00,43559.3,44011.64840399608
2026-05-28 21:00:00+00:00,2026-05-28 23:00:00+00:00,41809.25,42306.74406613204
2026-05-28 21:00:00+00:00,2026-05-29 00:00:00+00:00,40825.89,41230.25373932099
2026-05-28 21:00:00+00:00,2026-05-29 01:00:00+00:00,40735.73,41219.45730243069
2026-05-28 21:00:00+00:00,2026-05-29 02:00:00+00:00,41983.97,42098.96452609718
2026-05-28 21:00:00+00:00,2026-05-29 03:00:00+00:00,44265.37,44441.24316176174
2026-05-28 21:00:00+00:00,2026-05-29 04:00:00+00:00,50397.59,49009.242271166106
2026-05-28 21:00:00+00:00,2026-05-29 05:00:00+00:00,54777.58,54167.95517977848
2026-05-28 21:00:00+00:00,2026-05-29 06:00:00+00:00,57551.07,57389.09261902907
2026-05-28 21:00:00+00:00,2026-05-29 07:00:00+00:00,57136.77,57456.23997848598
2026-05-28 21:00:00+00:00,2026-05-29 08:00:00+00:00,56397.35,57120.943377902644
2026-05-28 21:00:00+00:00,2026-05-29 09:00:00+00:00,55866.87,56264.79062954282
2026-05-28 21:00:00+00:00,2026-05-29 10:00:00+00:00,54443.59,55150.3878504437
2026-05-28 21:00:00+00:00,2026-05-29 11:00:00+00:00,53426.84,53501.49226112476
2026-05-28 21:00:00+00:00,2026-05-29 12:00:00+00:00,51896.32,51904.19018494503
2026-05-28 21:00:00+00:00,2026-05-29 13:00:00+00:00,52179.88,51042.116877732056
2026-05-28 21:00:00+00:00,2026-05-29 14:00:00+00:00,53005.96,51251.71818389318
2026-05-28 21:00:00+00:00,2026-05-29 15:00:00+00:00,52842.46,52213.41735034826
2026-05-28 21:00:00+00:00,2026-05-29 16:00:00+00:00,53276.59,52951.78052828979
2026-05-28 21:00:00+00:00,2026-05-29 17:00:00+00:00,53861.87,53052.01951827209
2026-05-28 21:00:00+00:00,2026-05-29 18:00:00+00:00,53436.48,51058.26090010988
2026-05-28 21:00:00+00:00,2026-05-29 19:00:00+00:00,51895.11,49244.82354987719
2026-05-28 21:00:00+00:00,2026-05-29 20:00:00+00:00,50669.85,46937.27201215317
2026-05-28 21:00:00+00:00,2026-05-29 21:00:00+00:00,47148.5,44273.494168142286
2026-05-29 21:00:00+00:00,2026-05-29 22:00:00+00:00,44017.92,44222.63236985994
2026-05-29 21:00:00+00:00,2026-05-29 23:00:00+00:00,42229.07,42253.976252761815
2026-05-29 21:00:00+00:00,2026-05-30 00:00:00+00:00,40874.04,40620.555791898296
2026-05-29 21:00:00+00:00,2026-05-30 01:00:00+00:00,39721.13,39685.417884671355
2026-05-29 21:00:00+00:00,2026-05-30 02:00:00+00:00,39752.28,40120.336974711594
2026-05-29 21:00:00+00:00,2026-05-30 03:00:00+00:00,40085.14,40845.29226644957
2026-05-29 21:00:00+00:00,2026-05-30 04:00:00+00:00,42236.77,42943.75130647643
2026-05-29 21:00:00+00:00,2026-05-30 05:00:00+00:00,43458.5,45776.77312291231
2026-05-29 21:00:00+00:00,2026-05-30 06:00:00+00:00,46454.2,49184.28149196308
2026-05-29 21:00:00+00:00,2026-05-30 07:00:00+00:00,48276.41,50613.83862139486
2026-05-29 21:00:00+00:00,2026-05-30 08:00:00+00:00,48147.57,51346.27030125789
2026-05-29 21:00:00+00:00,2026-05-30 09:00:00+00:00,48030.08,51566.80929776144
2026-05-29 21:00:00+00:00,2026-05-30 10:00:00+00:00,46977.04,50960.89554885818
2026-05-29 21:00:00+00:00,2026-05-30 11:00:00+00:00,45837.96,50355.774556130134
2026-05-29 21:00:00+00:00,2026-05-30 12:00:00+00:00,44784.98,49398.58263500351
2026-05-29 21:00:00+00:00,2026-05-30 13:00:00+00:00,44703.27,48897.24045669112
2026-05-29 21:00:00+00:00,2026-05-30 14:00:00+00:00,45713.8,49538.93534268709
2026-05-29 21:00:00+00:00,2026-05-30 15:00:00+00:00,46634.5,50856.968793670996
2026-05-29 21:00:00+00:00,2026-05-30 16:00:00+00:00,47281.56,51867.167671848554
2026-05-29 21:00:00+00:00,2026-05-30 17:00:00+00:00,47671.83,52343.46997872017
2026-05-29 21:00:00+00:00,2026-05-30 18:00:00+00:00,46776.52,51362.588749390205
2026-05-29 21:00:00+00:00,2026-05-30 19:00:00+00:00,45630.19,50295.79672591643
2026-05-29 21:00:00+00:00,2026-05-30 20:00:00+00:00,43852.01,48204.404980681524
2026-05-29 21:00:00+00:00,2026-05-30 21:00:00+00:00,41090.08,45232.34087929856
2026-05-30 21:00:00+00:00,2026-05-30 22:00:00+00:00,38576.62,38667.92773047468
2026-05-30 21:00:00+00:00,2026-05-30 23:00:00+00:00,36661.57,36968.07707190734
2026-05-30 21:00:00+00:00,2026-05-31 00:00:00+00:00,35498.62,35756.88882247163
2026-05-30 21:00:00+00:00,2026-05-31 01:00:00+00:00,35313.67,36072.898645845344
2026-05-30 21:00:00+00:00,2026-05-31 02:00:00+00:00,35216.13,36317.27076723228
2026-05-30 21:00:00+00:00,2026-05-31 03:00:00+00:00,34997.59,36469.504662768144
2026-05-30 21:00:00+00:00,2026-05-31 04:00:00+00:00,35755.24,37134.91270165767
2026-05-30 21:00:00+00:00,2026-05-31 05:00:00+00:00,37143.2,37966.99532743355
2026-05-30 21:00:00+00:00,2026-05-31 06:00:00+00:00,39642.47,40127.74958547967
2026-05-30 21:00:00+00:00,2026-05-31 07:00:00+00:00,42548.48,42227.831545573885
2026-05-30 21:00:00+00:00,2026-05-31 08:00:00+00:00,43879.78,42729.23057313503
2026-05-30 21:00:00+00:00,2026-05-31 09:00:00+00:00,45100.78,43320.987238943715
2026-05-30 21:00:00+00:00,2026-05-31 10:00:00+00:00,44879.41,42936.70037779596
2026-05-30 21:00:00+00:00,2026-05-31 11:00:00+00:00,43856.19,42155.34722419419
2026-05-30 21:00:00+00:00,2026-05-31 12:00:00+00:00,42200.81,41294.57521653973
2026-05-30 21:00:00+00:00,2026-05-31 13:00:00+00:00,41707.33,41169.226225607825
2026-05-30 21:00:00+00:00,2026-05-31 14:00:00+00:00,42167.29,42220.042229993865
2026-05-30 21:00:00+00:00,2026-05-31 15:00:00+00:00,43235.72,44050.82254404017
2026-05-30 21:00:00+00:00,2026-05-31 16:00:00+00:00,45046.88,45921.48094919182
2026-05-30 21:00:00+00:00,2026-05-31 17:00:00+00:00,45563.43,46537.06681184881
2026-05-30 21:00:00+00:00,2026-05-31 18:00:00+00:00,45191.31,46679.92662245035
2026-05-30 21:00:00+00:00,2026-05-31 19:00:00+00:00,44764.58,46250.649635799426
2026-05-30 21:00:00+00:00,2026-05-31 20:00:00+00:00,43970.59,44995.32423797334
2026-05-30 21:00:00+00:00,2026-05-31 21:00:00+00:00,41211.5,42261.92259938072
2026-05-31 21:00:00+00:00,2026-05-31 22:00:00+00:00,38963.85,39176.55327534348
2026-05-31 21:00:00+00:00,2026-05-31 23:00:00+00:00,37056.34,37977.457432145384
2026-05-31 21:00:00+00:00,2026-06-01 00:00:00+00:00,36613.26,37229.39136201697
2026-05-31 21:00:00+00:00,2026-06-01 01:00:00+00:00,37433.26,37247.42881053967
2026-05-31 21:00:00+00:00,2026-06-01 02:00:00+00:00,38533.51,38054.0187710785
2026-05-31 21:00:00+00:00,2026-06-01 03:00:00+00:00,41760.34,39789.12604163372
2026-05-31 21:00:00+00:00,2026-06-01 04:00:00+00:00,48945.3,42728.9028037591
2026-05-31 21:00:00+00:00,2026-06-01 05:00:00+00:00,53925.19,46597.01238029755
2026-05-31 21:00:00+00:00,2026-06-01 06:00:00+00:00,56206.08,51556.64099738051
2026-05-31 21:00:00+00:00,2026-06-01 07:00:00+00:00,56700.68,53689.22981571245
2026-05-31 21:00:00+00:00,2026-06-01 08:00:00+00:00,56521.79,54177.97934095567
2026-05-31 21:00:00+00:00,2026-06-01 09:00:00+00:00,56610.6,54213.57200241054
2026-05-31 21:00:00+00:00,2026-06-01 10:00:00+00:00,56065.28,53232.456898928525
2026-05-31 21:00:00+00:00,2026-06-01 11:00:00+00:00,55557.75,52039.85750554785
2026-05-31 21:00:00+00:00,2026-06-01 12:00:00+00:00,54665.42,50695.96884820957
2026-05-31 21:00:00+00:00,2026-06-01 13:00:00+00:00,53858.86,50595.11532056403
2026-05-31 21:00:00+00:00,2026-06-01 14:00:00+00:00,53535.7,50652.508298174675
2026-05-31 21:00:00+00:00,2026-06-01 15:00:00+00:00,53490.97,51239.073220998616
2026-05-31 21:00:00+00:00,2026-06-01 16:00:00+00:00,54659.92,51383.90862740281
2026-05-31 21:00:00+00:00,2026-06-01 17:00:00+00:00,55375.91,51202.07780800796
2026-05-31 21:00:00+00:00,2026-06-01 18:00:00+00:00,54318.47,50048.06993854423
2026-05-31 21:00:00+00:00,2026-06-01 19:00:00+00:00,52572.13,48058.89413021782
2026-05-31 21:00:00+00:00,2026-06-01 20:00:00+00:00,50011.56,46404.534639322075
2026-05-31 21:00:00+00:00,2026-06-01 21:00:00+00:00,46411.36,43794.13444038074
2026-06-01 21:00:00+00:00,2026-06-01 22:00:00+00:00,44498.92,44161.19984538322
2026-06-01 21:00:00+00:00,2026-06-01 23:00:00+00:00,42923.94,42672.62698795341
2026-06-01 21:00:00+00:00,2026-06-02 00:00:00+00:00,41985.49,42077.852326560074
2026-06-01 21:00:00+00:00,2026-06-02 01:00:00+00:00,42069.43,42454.89785106481
2026-06-01 21:00:00+00:00,2026-06-02 02:00:00+00:00,42882.28,43577.30554971659
2026-06-01 21:00:00+00:00,2026-06-02 03:00:00+00:00,45497.8,46470.172450150996
2026-06-01 21:00:00+00:00,2026-06-02 04:00:00+00:00,51746.66,51885.186969210066
2026-06-01 21:00:00+00:00,2026-06-02 05:00:00+00:00,56218.29,55905.15306613325
2026-06-01 21:00:00+00:00,2026-06-02 06:00:00+00:00,58199.25,58990.96507289838
2026-06-01 21:00:00+00:00,2026-06-02 07:00:00+00:00,58223.31,58923.765542615365
2026-06-01 21:00:00+00:00,2026-06-02 08:00:00+00:00,57455.76,58685.87450629892
2026-06-01 21:00:00+00:00,2026-06-02 09:00:00+00:00,57116.87,58490.71233552353
2026-06-01 21:00:00+00:00,2026-06-02 10:00:00+00:00,57117.35,57861.67040278843
2026-06-01 21:00:00+00:00,2026-06-02 11:00:00+00:00,57109.39,56634.38468685728
2026-06-01 21:00:00+00:00,2026-06-02 12:00:00+00:00,56119.28,55638.10051753162
2026-06-01 21:00:00+00:00,2026-06-02 13:00:00+00:00,55579.39,54835.357882855526
2026-06-01 21:00:00+00:00,2026-06-02 14:00:00+00:00,57223.6,55037.22521684474
2026-06-01 21:00:00+00:00,2026-06-02 15:00:00+00:00,58354.93,55738.65536510953
2026-06-01 21:00:00+00:00,2026-06-02 16:00:00+00:00,58965.6,56701.86903621716
2026-06-01 21:00:00+00:00,2026-06-02 17:00:00+00:00,58791.2,56769.953117413075
2026-06-01 21:00:00+00:00,2026-06-02 18:00:00+00:00,57927.45,55260.27636531228
2026-06-01 21:00:00+00:00,2026-06-02 19:00:00+00:00,55424.54,53697.756885671966
2026-06-01 21:00:00+00:00,2026-06-02 20:00:00+00:00,52203.6,50664.29961280341
2026-06-01 21:00:00+00:00,2026-06-02 21:00:00+00:00,49463.78,47358.65445072474
2026-06-02 21:00:00+00:00,2026-06-02 22:00:00+00:00,46047.28,46560.04635634167
2026-06-02 21:00:00+00:00,2026-06-02 23:00:00+00:00,44468.92,44956.44250179514
2026-06-02 21:00:00+00:00,2026-06-03 00:00:00+00:00,43063.43,44286.20918901939
2026-06-02 21:00:00+00:00,2026-06-03 01:00:00+00:00,43034.18,44533.72901623085
2026-06-02 21:00:00+00:00,2026-06-03 02:00:00+00:00,44288.22,46001.80168719513
2026-06-02 21:00:00+00:00,2026-06-03 03:00:00+00:00,47442.92,49214.28976410813
2026-06-02 21:00:00+00:00,2026-06-03 04:00:00+00:00,53811.53,54754.9232145413
2026-06-02 21:00:00+00:00,2026-06-03 05:00:00+00:00,57942.28,59135.38936391384
2026-06-02 21:00:00+00:00,2026-06-03 06:00:00+00:00,60885.02,60840.21696395765
2026-06-02 21:00:00+00:00,2026-06-03 07:00:00+00:00,60827.76,60667.34385782904
2026-06-02 21:00:00+00:00,2026-06-03 08:00:00+00:00,59544.29,59921.24607476739
2026-06-02 21:00:00+00:00,2026-06-03 09:00:00+00:00,58989.66,59543.31024876144
2026-06-02 21:00:00+00:00,2026-06-03 10:00:00+00:00,58025.97,58802.42647055218
2026-06-02 21:00:00+00:00,2026-06-03 11:00:00+00:00,56118.56,57723.931976326996
2026-06-02 21:00:00+00:00,2026-06-03 12:00:00+00:00,55261.51,56654.54083098631
2026-06-02 21:00:00+00:00,2026-06-03 13:00:00+00:00,54108.56,56086.7134314703
2026-06-02 21:00:00+00:00,2026-06-03 14:00:00+00:00,53358.29,56516.63512999225
2026-06-02 21:00:00+00:00,2026-06-03 15:00:00+00:00,53507.66,57643.67109111252
2026-06-02 21:00:00+00:00,2026-06-03 16:00:00+00:00,54844.47,58660.191942522564
2026-06-02 21:00:00+00:00,2026-06-03 17:00:00+00:00,54875.01,58567.35764067625
2026-06-02 21:00:00+00:00,2026-06-03 18:00:00+00:00,53583.09,57573.70901556412
2026-06-02 21:00:00+00:00,2026-06-03 19:00:00+00:00,51412.96,55510.98370212936
2026-06-02 21:00:00+00:00,2026-06-03 20:00:00+00:00,49637.93,52188.66352559867
2026-06-02 21:00:00+00:00,2026-06-03 21:00:00+00:00,47047.81,48659.39392823478
2026-06-03 21:00:00+00:00,2026-06-03 22:00:00+00:00,44844.99,44497.93300886728
2026-06-03 21:00:00+00:00,2026-06-03 23:00:00+00:00,43249.36,42868.39589885178
2026-06-03 21:00:00+00:00,2026-06-04 00:00:00+00:00,41667.84,42193.60230936343
2026-06-03 21:00:00+00:00,2026-06-04 01:00:00+00:00,41706.16,42559.73279139113
2026-06-03 21:00:00+00:00,2026-06-04 02:00:00+00:00,41887.02,43304.44464444963
2026-06-03 21:00:00+00:00,2026-06-04 03:00:00+00:00,42315.47,46147.203683340056
2026-06-03 21:00:00+00:00,2026-06-04 04:00:00+00:00,43508.09,51937.54903757643
2026-06-03 21:00:00+00:00,2026-06-04 05:00:00+00:00,45765.92,56478.23962076055
2026-06-03 21:00:00+00:00,2026-06-04 06:00:00+00:00,48141.99,58749.06017815083
2026-06-03 21:00:00+00:00,2026-06-04 07:00:00+00:00,50853.11,58897.004564458635
2026-06-03 21:00:00+00:00,2026-06-04 08:00:00+00:00,51991.03,58390.19922706045
2026-06-03 21:00:00+00:00,2026-06-04 09:00:00+00:00,52537.18,57537.13423343506
2026-06-03 21:00:00+00:00,2026-06-04 10:00:00+00:00,51789.87,56321.63056689772
2026-06-03 21:00:00+00:00,2026-06-04 11:00:00+00:00,50799.41,55134.6731449281
2026-06-03 21:00:00+00:00,2026-06-04 12:00:00+00:00,49502.14,53810.34651204349
2026-06-03 21:00:00+00:00,2026-06-04 13:00:00+00:00,49583.77,53230.44985419107
2026-06-03 21:00:00+00:00,2026-06-04 14:00:00+00:00,50479.51,53332.24462475812
2026-06-03 21:00:00+00:00,2026-06-04 15:00:00+00:00,50363.96,53724.96722591274
2026-06-03 21:00:00+00:00,2026-06-04 16:00:00+00:00,50696.02,54226.29918572359
2026-06-03 21:00:00+00:00,2026-06-04 17:00:00+00:00,51525.6,54515.37269374035
2026-06-03 21:00:00+00:00,2026-06-04 18:00:00+00:00,50540.9,53538.211071842685
2026-06-03 21:00:00+00:00,2026-06-04 19:00:00+00:00,48856.14,51167.69142937776
2026-06-03 21:00:00+00:00,2026-06-04 20:00:00+00:00,47754.01,48625.088188236885
2026-06-03 21:00:00+00:00,2026-06-04 21:00:00+00:00,44512.5,45997.27402827089
2026-06-04 21:00:00+00:00,2026-06-04 22:00:00+00:00,41837.14,42171.555311748656
2026-06-04 21:00:00+00:00,2026-06-04 23:00:00+00:00,40320.12,40879.522894276
2026-06-04 21:00:00+00:00,2026-06-05 00:00:00+00:00,39489.72,39895.78887079784
2026-06-04 21:00:00+00:00,2026-06-05 01:00:00+00:00,38583.89,40086.04705496425
2026-06-04 21:00:00+00:00,2026-06-05 02:00:00+00:00,38984.95,40862.58349966308
2026-06-04 21:00:00+00:00,2026-06-05 03:00:00+00:00,41205.5,43086.80543307479
2026-06-04 21:00:00+00:00,2026-06-05 04:00:00+00:00,45961.65,46607.526995116095
2026-06-04 21:00:00+00:00,2026-06-05 05:00:00+00:00,50656.96,50255.018387970835
2026-06-04 21:00:00+00:00,2026-06-05 06:00:00+00:00,53897.33,54325.747788634544
2026-06-04 21:00:00+00:00,2026-06-05 07:00:00+00:00,54556.64,56473.69152157469
2026-06-04 21:00:00+00:00,2026-06-05 08:00:00+00:00,54534.99,57059.06190673911
2026-06-04 21:00:00+00:00,2026-06-05 09:00:00+00:00,53698.91,57302.810364465644
2026-06-04 21:00:00+00:00,2026-06-05 10:00:00+00:00,51935.84,56743.39733878578
2026-06-04 21:00:00+00:00,2026-06-05 11:00:00+00:00,51356.94,55571.01337924975
2026-06-04 21:00:00+00:00,2026-06-05 12:00:00+00:00,50136.5,54299.04218956516
2026-06-04 21:00:00+00:00,2026-06-05 13:00:00+00:00,49574.88,53550.505450118064
2026-06-04 21:00:00+00:00,2026-06-05 14:00:00+00:00,48967.78,53731.97102619149
2026-06-04 21:00:00+00:00,2026-06-05 15:00:00+00:00,49848.45,54227.27616153882
2026-06-04 21:00:00+00:00,2026-06-05 16:00:00+00:00,50620.95,54584.38461175043
2026-06-04 21:00:00+00:00,2026-06-05 17:00:00+00:00,50235.73,54798.17878864815
2026-06-04 21:00:00+00:00,2026-06-05 18:00:00+00:00,49677.46,53117.41038303798
2026-06-04 21:00:00+00:00,2026-06-05 19:00:00+00:00,48215.17,50900.61041983257
2026-06-04 21:00:00+00:00,2026-06-05 20:00:00+00:00,46509.73,48439.02557498531
2026-06-04 21:00:00+00:00,2026-06-05 21:00:00+00:00,43466.95,44885.21862900646
2026-06-05 21:00:00+00:00,2026-06-05 22:00:00+00:00,40725.54,41356.389546474726
2026-06-05 21:00:00+00:00,2026-06-05 23:00:00+00:00,39191.58,39748.76079883583
2026-06-05 21:00:00+00:00,2026-06-06 00:00:00+00:00,38230.17,38833.904212791866
2026-06-05 21:00:00+00:00,2026-06-06 01:00:00+00:00,38060.18,38316.4493688746
2026-06-05 21:00:00+00:00,2026-06-06 02:00:00+00:00,37442.54,38630.246194376894
2026-06-05 21:00:00+00:00,2026-06-06 03:00:00+00:00,38150.31,39369.378515166325
2026-06-05 21:00:00+00:00,2026-06-06 04:00:00+00:00,40016.86,41459.62175267052
2026-06-05 21:00:00+00:00,2026-06-06 05:00:00+00:00,41861.78,44247.71132225583
2026-06-05 21:00:00+00:00,2026-06-06 06:00:00+00:00,44383.39,47523.69670200545
2026-06-05 21:00:00+00:00,2026-06-06 07:00:00+00:00,45521.98,49317.16595062107
2026-06-05 21:00:00+00:00,2026-06-06 08:00:00+00:00,45677.04,49402.132313227674
2026-06-05 21:00:00+00:00,2026-06-06 09:00:00+00:00,45562.8,49505.821873013825
2026-06-05 21:00:00+00:00,2026-06-06 10:00:00+00:00,45076.9,48676.628954254826
2026-06-05 21:00:00+00:00,2026-06-06 11:00:00+00:00,43710.45,47628.99288747313
2026-06-05 21:00:00+00:00,2026-06-06 12:00:00+00:00,43118.89,46007.43899296086
2026-06-05 21:00:00+00:00,2026-06-06 13:00:00+00:00,43063.56,45486.06558418863
2026-06-05 21:00:00+00:00,2026-06-06 14:00:00+00:00,43782.01,45790.0232773266
2026-06-05 21:00:00+00:00,2026-06-06 15:00:00+00:00,45055.25,47272.97430564798
2026-06-05 21:00:00+00:00,2026-06-06 16:00:00+00:00,46666.25,48139.690074413826
2026-06-05 21:00:00+00:00,2026-06-06 17:00:00+00:00,46866.0,48051.61882291696
2026-06-05 21:00:00+00:00,2026-06-06 18:00:00+00:00,45758.05,47120.91483194112
2026-06-05 21:00:00+00:00,2026-06-06 19:00:00+00:00,44837.36,46109.18012706931
2026-06-05 21:00:00+00:00,2026-06-06 20:00:00+00:00,43416.46,44392.24566213332
2026-06-05 21:00:00+00:00,2026-06-06 21:00:00+00:00,40680.1,41353.48378995048
2026-06-06 21:00:00+00:00,2026-06-06 22:00:00+00:00,38054.69,38078.74483290167
2026-06-06 21:00:00+00:00,2026-06-06 23:00:00+00:00,37028.93,36242.231949288616
2026-06-06 21:00:00+00:00,2026-06-07 00:00:00+00:00,35908.21,35412.154727030924
2026-06-06 21:00:00+00:00,2026-06-07 01:00:00+00:00,35157.66,34810.12578569318
2026-06-06 21:00:00+00:00,2026-06-07 02:00:00+00:00,35361.31,35325.46455355692
2026-06-06 21:00:00+00:00,2026-06-07 03:00:00+00:00,35474.47,35608.858711906054
2026-06-06 21:00:00+00:00,2026-06-07 04:00:00+00:00,35978.82,36938.3132929448
2026-06-06 21:00:00+00:00,2026-06-07 05:00:00+00:00,37407.9,37433.20841568505
2026-06-06 21:00:00+00:00,2026-06-07 06:00:00+00:00,39936.8,39749.005948466
2026-06-06 21:00:00+00:00,2026-06-07 07:00:00+00:00,41700.35,42010.87678297048
2026-06-06 21:00:00+00:00,2026-06-07 08:00:00+00:00,43164.26,42812.84477024894
2026-06-06 21:00:00+00:00,2026-06-07 09:00:00+00:00,43874.83,43369.798277776856
2026-06-06 21:00:00+00:00,2026-06-07 10:00:00+00:00,43684.32,42810.12904744612
2026-06-06 21:00:00+00:00,2026-06-07 11:00:00+00:00,42190.29,41908.25443078462
2026-06-06 21:00:00+00:00,2026-06-07 12:00:00+00:00,41017.38,41231.22330887878
2026-06-06 21:00:00+00:00,2026-06-07 13:00:00+00:00,40173.99,41218.660722774584
2026-06-06 21:00:00+00:00,2026-06-07 14:00:00+00:00,40444.44,42406.62314536699
2026-06-06 21:00:00+00:00,2026-06-07 15:00:00+00:00,42271.73,44197.12856621251
2026-06-06 21:00:00+00:00,2026-06-07 16:00:00+00:00,44662.96,45918.88700137097
2026-06-06 21:00:00+00:00,2026-06-07 17:00:00+00:00,45375.93,46613.45851573063
2026-06-06 21:00:00+00:00,2026-06-07 18:00:00+00:00,46061.61,46526.686745739324
2026-06-06 21:00:00+00:00,2026-06-07 19:00:00+00:00,46110.59,46044.64645367314
2026-06-06 21:00:00+00:00,2026-06-07 20:00:00+00:00,45815.87,44702.997313383945
2026-06-06 21:00:00+00:00,2026-06-07 21:00:00+00:00,43330.93,41654.301517851396
2026-06-07 21:00:00+00:00,2026-06-07 22:00:00+00:00,41830.19,41345.65638232537
2026-06-07 21:00:00+00:00,2026-06-07 23:00:00+00:00,40324.17,39928.716365068976
2026-06-07 21:00:00+00:00,2026-06-08 00:00:00+00:00,39232.98,38883.05863864588
2026-06-07 21:00:00+00:00,2026-06-08 01:00:00+00:00,38883.72,38697.83347346546
2026-06-07 21:00:00+00:00,2026-06-08 02:00:00+00:00,40064.31,39714.85049792798
2026-06-07 21:00:00+00:00,2026-06-08 03:00:00+00:00,43146.91,43134.465968546494
2026-06-07 21:00:00+00:00,2026-06-08 04:00:00+00:00,50644.69,49937.986094220556
2026-06-07 21:00:00+00:00,2026-06-08 05:00:00+00:00,55305.21,53953.56801916171
2026-06-07 21:00:00+00:00,2026-06-08 06:00:00+00:00,58172.61,56497.24329297396
2026-06-07 21:00:00+00:00,2026-06-08 07:00:00+00:00,56758.33,57477.79371833628
2026-06-07 21:00:00+00:00,2026-06-08 08:00:00+00:00,56112.02,57448.65267819293
2026-06-07 21:00:00+00:00,2026-06-08 09:00:00+00:00,55315.73,57338.81947230587
2026-06-07 21:00:00+00:00,2026-06-08 10:00:00+00:00,54421.53,56729.361483828354
2026-06-07 21:00:00+00:00,2026-06-08 11:00:00+00:00,54983.23,55735.34577671811
2026-06-07 21:00:00+00:00,2026-06-08 12:00:00+00:00,54375.94,54990.85247192268
2026-06-07 21:00:00+00:00,2026-06-08 13:00:00+00:00,54989.31,54509.502664090374
2026-06-07 21:00:00+00:00,2026-06-08 14:00:00+00:00,55086.03,54801.95883242128
2026-06-07 21:00:00+00:00,2026-06-08 15:00:00+00:00,54835.75,55082.16513703187
2026-06-07 21:00:00+00:00,2026-06-08 16:00:00+00:00,55819.91,55424.547782984846
2026-06-07 21:00:00+00:00,2026-06-08 17:00:00+00:00,56620.05,55288.81172981213
2026-06-07 21:00:00+00:00,2026-06-08 18:00:00+00:00,54706.46,53800.916760373075
2026-06-07 21:00:00+00:00,2026-06-08 19:00:00+00:00,52134.56,51684.54291549631
2026-06-07 21:00:00+00:00,2026-06-08 20:00:00+00:00,49918.64,49408.499023664575
2026-06-07 21:00:00+00:00,2026-06-08 21:00:00+00:00,48359.34,45980.95574636379
2026-06-08 21:00:00+00:00,2026-06-08 22:00:00+00:00,46113.47,45414.54313139751
2026-06-08 21:00:00+00:00,2026-06-08 23:00:00+00:00,45153.75,43780.3394999762
2026-06-08 21:00:00+00:00,2026-06-09 00:00:00+00:00,44567.55,43164.35142303474
2026-06-08 21:00:00+00:00,2026-06-09 01:00:00+00:00,44424.8,43420.30190953089
2026-06-08 21:00:00+00:00,2026-06-09 02:00:00+00:00,45541.75,44419.69636765689
2026-06-08 21:00:00+00:00,2026-06-09 03:00:00+00:00,48417.63,47642.890055915654
2026-06-08 21:00:00+00:00,2026-06-09 04:00:00+00:00,54785.36,53147.84185578987
2026-06-08 21:00:00+00:00,2026-06-09 05:00:00+00:00,58115.82,56413.97267784501
2026-06-08 21:00:00+00:00,2026-06-09 06:00:00+00:00,60364.07,58462.23443954594
2026-06-08 21:00:00+00:00,2026-06-09 07:00:00+00:00,61043.74,58124.10324609911
2026-06-08 21:00:00+00:00,2026-06-09 08:00:00+00:00,61505.63,57865.694571050386
2026-06-08 21:00:00+00:00,2026-06-09 09:00:00+00:00,60945.96,57410.048240939585
2026-06-08 21:00:00+00:00,2026-06-09 10:00:00+00:00,59823.11,56497.93581072836
2026-06-08 21:00:00+00:00,2026-06-09 11:00:00+00:00,57815.92,55446.290847909164
2026-06-08 21:00:00+00:00,2026-06-09 12:00:00+00:00,56484.03,54457.69074154028
2026-06-08 21:00:00+00:00,2026-06-09 13:00:00+00:00,55730.05,54592.639453484444
2026-06-08 21:00:00+00:00,2026-06-09 14:00:00+00:00,55815.14,55230.26450939439
2026-06-08 21:00:00+00:00,2026-06-09 15:00:00+00:00,56521.21,56128.31479368488
2026-06-08 21:00:00+00:00,2026-06-09 16:00:00+00:00,58004.0,57252.48917154963
2026-06-08 21:00:00+00:00,2026-06-09 17:00:00+00:00,57480.19,57614.98851735727
2026-06-08 21:00:00+00:00,2026-06-09 18:00:00+00:00,55909.0,56390.842193207296
2026-06-08 21:00:00+00:00,2026-06-09 19:00:00+00:00,54252.18,54123.28546028568
2026-06-08 21:00:00+00:00,2026-06-09 20:00:00+00:00,51626.86,51001.55845437456
2026-06-08 21:00:00+00:00,2026-06-09 21:00:00+00:00,47460.97,47953.827826223096
2026-06-09 21:00:00+00:00,2026-06-09 22:00:00+00:00,44919.98,44969.29433649323
2026-06-09 21:00:00+00:00,2026-06-09 23:00:00+00:00,44132.26,43682.33103470664
2026-06-09 21:00:00+00:00,2026-06-10 00:00:00+00:00,42920.43,43086.37247922631
2026-06-09 21:00:00+00:00,2026-06-10 01:00:00+00:00,43442.55,43320.99659037112
2026-06-09 21:00:00+00:00,2026-06-10 02:00:00+00:00,44519.29,44623.829234777906
2026-06-09 21:00:00+00:00,2026-06-10 03:00:00+00:00,46975.21,48163.850359798744
2026-06-09 21:00:00+00:00,2026-06-10 04:00:00+00:00,53730.69,54553.960384009915
2026-06-09 21:00:00+00:00,2026-06-10 05:00:00+00:00,57888.17,58667.76253446343
2026-06-09 21:00:00+00:00,2026-06-10 06:00:00+00:00,60180.75,60609.325309222884
2026-06-09 21:00:00+00:00,2026-06-10 07:00:00+00:00,59132.11,60366.60971252492
2026-06-09 21:00:00+00:00,2026-06-10 08:00:00+00:00,59311.51,59777.49893417036
2026-06-09 21:00:00+00:00,2026-06-10 09:00:00+00:00,58631.63,59184.52659783346
2026-06-09 21:00:00+00:00,2026-06-10 10:00:00+00:00,58846.72,58269.014363762944
2026-06-09 21:00:00+00:00,2026-06-10 11:00:00+00:00,57932.82,56989.9326752416
2026-06-09 21:00:00+00:00,2026-06-10 12:00:00+00:00,56851.82,56001.80966048296
2026-06-09 21:00:00+00:00,2026-06-10 13:00:00+00:00,57154.65,55561.174132695596
2026-06-09 21:00:00+00:00,2026-06-10 14:00:00+00:00,56859.88,55303.94376827554
2026-06-09 21:00:00+00:00,2026-06-10 15:00:00+00:00,57372.76,56002.00232100908
2026-06-09 21:00:00+00:00,2026-06-10 16:00:00+00:00,58117.6,56663.557723781996
2026-06-09 21:00:00+00:00,2026-06-10 17:00:00+00:00,57341.52,56750.82045046597
2026-06-09 21:00:00+00:00,2026-06-10 18:00:00+00:00,55670.66,55096.23836045947
2026-06-09 21:00:00+00:00,2026-06-10 19:00:00+00:00,54105.12,52742.148048008086
2026-06-09 21:00:00+00:00,2026-06-10 20:00:00+00:00,51337.89,49707.12859515101
2026-06-09 21:00:00+00:00,2026-06-10 21:00:00+00:00,47365.91,46642.817365779745
2026-06-10 21:00:00+00:00,2026-06-10 22:00:00+00:00,43998.85,44643.3538311118
2026-06-10 21:00:00+00:00,2026-06-10 23:00:00+00:00,42497.32,42830.180007501294
2026-06-10 21:00:00+00:00,2026-06-11 00:00:00+00:00,41859.29,41975.91757033761
2026-06-10 21:00:00+00:00,2026-06-11 01:00:00+00:00,41616.6,42060.01099451781
2026-06-10 21:00:00+00:00,2026-06-11 02:00:00+00:00,42789.17,42761.33651045057
2026-06-10 21:00:00+00:00,2026-06-11 03:00:00+00:00,46207.91,44658.70370739802
2026-06-10 21:00:00+00:00,2026-06-11 04:00:00+00:00,52060.78,48826.215127187425
2026-06-10 21:00:00+00:00,2026-06-11 05:00:00+00:00,56793.96,52290.544977739424
2026-06-10 21:00:00+00:00,2026-06-11 06:00:00+00:00,58912.38,54720.42653543836
2026-06-10 21:00:00+00:00,2026-06-11 07:00:00+00:00,58910.84,55655.556701364934
2026-06-10 21:00:00+00:00,2026-06-11 08:00:00+00:00,58478.12,55806.61530632904
2026-06-10 21:00:00+00:00,2026-06-11 09:00:00+00:00,58584.11,55641.03922527757
2026-06-10 21:00:00+00:00,2026-06-11 10:00:00+00:00,57433.98,55027.58879585432
2026-06-10 21:00:00+00:00,2026-06-11 11:00:00+00:00,55728.64,54207.648445026214
2026-06-10 21:00:00+00:00,2026-06-11 12:00:00+00:00,54543.66,53360.85371873332
2026-06-10 21:00:00+00:00,2026-06-11 13:00:00+00:00,53928.92,53431.54280982434
2026-06-10 21:00:00+00:00,2026-06-11 14:00:00+00:00,54055.57,53963.45502140876
2026-06-10 21:00:00+00:00,2026-06-11 15:00:00+00:00,55547.74,54840.19699766129
2026-06-10 21:00:00+00:00,2026-06-11 16:00:00+00:00,56374.93,55238.53324759987
2026-06-10 21:00:00+00:00,2026-06-11 17:00:00+00:00,56398.35,55241.948186007925
2026-06-10 21:00:00+00:00,2026-06-11 18:00:00+00:00,55626.22,53397.615323636324
2026-06-10 21:00:00+00:00,2026-06-11 19:00:00+00:00,53705.2,51584.356306551366
2026-06-10 21:00:00+00:00,2026-06-11 20:00:00+00:00,51098.81,49380.52065139153
2026-06-10 21:00:00+00:00,2026-06-11 21:00:00+00:00,47312.88,46198.507481519875
2026-06-11 21:00:00+00:00,2026-06-11 22:00:00+00:00,44922.48,44538.841852628146
2026-06-11 21:00:00+00:00,2026-06-11 23:00:00+00:00,42469.23,42617.53447873343
2026-06-11 21:00:00+00:00,2026-06-12 00:00:00+00:00,42355.13,41836.66276538533
2026-06-11 21:00:00+00:00,2026-06-12 01:00:00+00:00,42329.85,41608.78466685587
2026-06-11 21:00:00+00:00,2026-06-12 02:00:00+00:00,43158.34,42475.38971708615
2026-06-11 21:00:00+00:00,2026-06-12 03:00:00+00:00,45708.1,44276.43026769268
2026-06-11 21:00:00+00:00,2026-06-12 04:00:00+00:00,52489.66,48434.40926492271
2026-06-11 21:00:00+00:00,2026-06-12 05:00:00+00:00,57717.97,51825.52074658734
2026-06-11 21:00:00+00:00,2026-06-12 06:00:00+00:00,61376.13,54499.63162397505
2026-06-11 21:00:00+00:00,2026-06-12 07:00:00+00:00,62181.09,56160.9485837417
2026-06-11 21:00:00+00:00,2026-06-12 08:00:00+00:00,62866.6,56222.15394611987
2026-06-11 21:00:00+00:00,2026-06-12 09:00:00+00:00,62867.78,55810.88767308275
2026-06-11 21:00:00+00:00,2026-06-12 10:00:00+00:00,61729.0,54937.528956131406
2026-06-11 21:00:00+00:00,2026-06-12 11:00:00+00:00,60440.18,53381.44110907989
2026-06-11 21:00:00+00:00,2026-06-12 12:00:00+00:00,58380.82,51877.343171883505
2026-06-11 21:00:00+00:00,2026-06-12 13:00:00+00:00,57446.67,51383.091820184716
2026-06-11 21:00:00+00:00,2026-06-12 14:00:00+00:00,57714.74,51404.25860076753
2026-06-11 21:00:00+00:00,2026-06-12 15:00:00+00:00,57448.59,51974.229609522205
2026-06-11 21:00:00+00:00,2026-06-12 16:00:00+00:00,56950.74,53184.755556996
2026-06-11 21:00:00+00:00,2026-06-12 17:00:00+00:00,55614.1,53881.34323438029
2026-06-11 21:00:00+00:00,2026-06-12 18:00:00+00:00,53716.91,52551.94754290507
2026-06-11 21:00:00+00:00,2026-06-12 19:00:00+00:00,51617.23,50546.39911229005
2026-06-11 21:00:00+00:00,2026-06-12 20:00:00+00:00,49113.93,48555.46353261289
2026-06-11 21:00:00+00:00,2026-06-12 21:00:00+00:00,45773.73,45500.72275277729
2026-06-12 21:00:00+00:00,2026-06-12 22:00:00+00:00,42430.78,43119.10149527458
2026-06-12 21:00:00+00:00,2026-06-12 23:00:00+00:00,40948.79,41195.238324550395
2026-06-12 21:00:00+00:00,2026-06-13 00:00:00+00:00,40174.04,40330.64539163484
2026-06-12 21:00:00+00:00,2026-06-13 01:00:00+00:00,39482.69,39969.1212730724
2026-06-12 21:00:00+00:00,2026-06-13 02:00:00+00:00,39567.26,40431.82253323871
2026-06-12 21:00:00+00:00,2026-06-13 03:00:00+00:00,40226.41,41259.776835927834
2026-06-12 21:00:00+00:00,2026-06-13 04:00:00+00:00,41415.06,43505.94125562691
2026-06-12 21:00:00+00:00,2026-06-13 05:00:00+00:00,43054.36,45309.89568066977
2026-06-12 21:00:00+00:00,2026-06-13 06:00:00+00:00,46275.76,48242.3226678832
2026-06-12 21:00:00+00:00,2026-06-13 07:00:00+00:00,47870.39,49512.770574830625
2026-06-12 21:00:00+00:00,2026-06-13 08:00:00+00:00,48042.56,49622.30332181203
2026-06-12 21:00:00+00:00,2026-06-13 09:00:00+00:00,48073.54,49758.2319039212
2026-06-12 21:00:00+00:00,2026-06-13 10:00:00+00:00,47476.96,48499.780002324354
2026-06-12 21:00:00+00:00,2026-06-13 11:00:00+00:00,45740.67,46755.48676637993
2026-06-12 21:00:00+00:00,2026-06-13 12:00:00+00:00,44539.31,44816.26216649693
2026-06-12 21:00:00+00:00,2026-06-13 13:00:00+00:00,43686.32,44065.29556769161
2026-06-12 21:00:00+00:00,2026-06-13 14:00:00+00:00,44311.45,44653.598622248566
2026-06-12 21:00:00+00:00,2026-06-13 15:00:00+00:00,45498.93,46194.03145698889
2026-06-12 21:00:00+00:00,2026-06-13 16:00:00+00:00,47952.58,47453.53016398009
2026-06-12 21:00:00+00:00,2026-06-13 17:00:00+00:00,49629.9,47635.827225552945
2026-06-12 21:00:00+00:00,2026-06-13 18:00:00+00:00,47535.9,46684.37748561391
2026-06-12 21:00:00+00:00,2026-06-13 19:00:00+00:00,46369.86,45790.45152842069
2026-06-12 21:00:00+00:00,2026-06-13 20:00:00+00:00,45340.23,44148.3278040191
2026-06-12 21:00:00+00:00,2026-06-13 21:00:00+00:00,42396.04,41395.530921404745
2026-06-13 21:00:00+00:00,2026-06-13 22:00:00+00:00,40395.04,40003.18146707319
2026-06-13 21:00:00+00:00,2026-06-13 23:00:00+00:00,38262.07,38073.93365634142
2026-06-13 21:00:00+00:00,2026-06-14 00:00:00+00:00,37834.48,36806.06471097079
2026-06-13 21:00:00+00:00,2026-06-14 01:00:00+00:00,37291.4,37050.235253359366
2026-06-13 21:00:00+00:00,2026-06-14 02:00:00+00:00,37235.07,37524.142254972794
2026-06-13 21:00:00+00:00,2026-06-14 03:00:00+00:00,37042.43,37926.205952824595
2026-06-13 21:00:00+00:00,2026-06-14 04:00:00+00:00,37952.05,38813.177504392814
2026-06-13 21:00:00+00:00,2026-06-14 05:00:00+00:00,39563.83,40069.35863026102
2026-06-13 21:00:00+00:00,2026-06-14 06:00:00+00:00,40503.55,42402.76679453092
2026-06-13 21:00:00+00:00,2026-06-14 07:00:00+00:00,43164.95,44323.05033671922
2026-06-13 21:00:00+00:00,2026-06-14 08:00:00+00:00,44655.75,45085.79577503934
2026-06-13 21:00:00+00:00,2026-06-14 09:00:00+00:00,45875.84,45529.539196062986
2026-06-13 21:00:00+00:00,2026-06-14 10:00:00+00:00,45404.13,44639.886509893775
2026-06-13 21:00:00+00:00,2026-06-14 11:00:00+00:00,43647.46,42828.22796082858
2026-06-13 21:00:00+00:00,2026-06-14 12:00:00+00:00,42696.27,41550.607016776776
2026-06-13 21:00:00+00:00,2026-06-14 13:00:00+00:00,42590.0,40959.08329662822
2026-06-13 21:00:00+00:00,2026-06-14 14:00:00+00:00,42958.61,41215.81065158845
2026-06-13 21:00:00+00:00,2026-06-14 15:00:00+00:00,44727.15,43315.75112620447
2026-06-13 21:00:00+00:00,2026-06-14 16:00:00+00:00,47260.02,45302.10551350435
2026-06-13 21:00:00+00:00,2026-06-14 17:00:00+00:00,46785.03,46542.222363576984
2026-06-13 21:00:00+00:00,2026-06-14 18:00:00+00:00,46157.41,46668.92761694592
2026-06-13 21:00:00+00:00,2026-06-14 19:00:00+00:00,46598.08,46309.65448370859
2026-06-13 21:00:00+00:00,2026-06-14 20:00:00+00:00,46035.73,45030.386118549926
2026-06-13 21:00:00+00:00,2026-06-14 21:00:00+00:00,43768.94,42046.385428872156
2026-06-14 21:00:00+00:00,2026-06-14 22:00:00+00:00,41261.62,41735.12885070366
2026-06-14 21:00:00+00:00,2026-06-14 23:00:00+00:00,39958.93,40591.78437769511
2026-06-14 21:00:00+00:00,2026-06-15 00:00:00+00:00,38922.1,40021.09338157373
2026-06-14 21:00:00+00:00,2026-06-15 01:00:00+00:00,39396.52,40399.83293856475
2026-06-14 21:00:00+00:00,2026-06-15 02:00:00+00:00,41084.58,41324.03266511737
2026-06-14 21:00:00+00:00,2026-06-15 03:00:00+00:00,44346.75,45612.09121343661
2026-06-14 21:00:00+00:00,2026-06-15 04:00:00+00:00,52025.39,53437.57881099122
2026-06-14 21:00:00+00:00,2026-06-15 05:00:00+00:00,56695.9,57873.046972172146
2026-06-14 21:00:00+00:00,2026-06-15 06:00:00+00:00,59219.77,60567.110857053776
2026-06-14 21:00:00+00:00,2026-06-15 07:00:00+00:00,59212.46,60225.45691706065
2026-06-14 21:00:00+00:00,2026-06-15 08:00:00+00:00,59931.57,60192.05687065324
2026-06-14 21:00:00+00:00,2026-06-15 09:00:00+00:00,59475.38,60243.24088927771
2026-06-14 21:00:00+00:00,2026-06-15 10:00:00+00:00,58357.25,59836.42649722718
2026-06-14 21:00:00+00:00,2026-06-15 11:00:00+00:00,58384.86,58738.85051455063
2026-06-14 21:00:00+00:00,2026-06-15 12:00:00+00:00,56866.65,57744.61542607733
2026-06-14 21:00:00+00:00,2026-06-15 13:00:00+00:00,55052.24,57308.19769870401
2026-06-14 21:00:00+00:00,2026-06-15 14:00:00+00:00,55084.56,57257.402648056835
2026-06-14 21:00:00+00:00,2026-06-15 15:00:00+00:00,56068.5,57638.533831247034
2026-06-14 21:00:00+00:00,2026-06-15 16:00:00+00:00,56416.4,58022.35276361109
2026-06-14 21:00:00+00:00,2026-06-15 17:00:00+00:00,58063.4,57543.55486617254
2026-06-14 21:00:00+00:00,2026-06-15 18:00:00+00:00,57001.81,56080.473856750614
2026-06-14 21:00:00+00:00,2026-06-15 19:00:00+00:00,54867.81,53608.90020806395
2026-06-14 21:00:00+00:00,2026-06-15 20:00:00+00:00,51912.52,50668.905104926176
2026-06-14 21:00:00+00:00,2026-06-15 21:00:00+00:00,48470.91,47502.860742017554
2026-06-15 21:00:00+00:00,2026-06-15 22:00:00+00:00,45983.41,46027.86158049873
2026-06-15 21:00:00+00:00,2026-06-15 23:00:00+00:00,44203.07,44652.331959369476
2026-06-15 21:00:00+00:00,2026-06-16 00:00:00+00:00,43254.29,43942.81538746495
2026-06-15 21:00:00+00:00,2026-06-16 01:00:00+00:00,43176.04,43990.642453605644
2026-06-15 21:00:00+00:00,2026-06-16 02:00:00+00:00,43750.53,45628.57441198345
2026-06-15 21:00:00+00:00,2026-06-16 03:00:00+00:00,46413.28,49351.468176520466
2026-06-15 21:00:00+00:00,2026-06-16 04:00:00+00:00,52164.58,56246.75683747472
2026-06-15 21:00:00+00:00,2026-06-16 05:00:00+00:00,56383.93,59299.67611592618
2026-06-15 21:00:00+00:00,2026-06-16 06:00:00+00:00,58785.44,61950.78531379536
2026-06-15 21:00:00+00:00,2026-06-16 07:00:00+00:00,59417.89,62056.07772647459
2026-06-15 21:00:00+00:00,2026-06-16 08:00:00+00:00,60116.11,61667.97944828684
2026-06-15 21:00:00+00:00,2026-06-16 09:00:00+00:00,59770.47,60987.35165647739
2026-06-15 21:00:00+00:00,2026-06-16 10:00:00+00:00,58114.48,59774.57064421852
2026-06-15 21:00:00+00:00,2026-06-16 11:00:00+00:00,57315.66,58171.53779026077
2026-06-15 21:00:00+00:00,2026-06-16 12:00:00+00:00,56030.12,56778.75458448125
2026-06-15 21:00:00+00:00,2026-06-16 13:00:00+00:00,55503.48,55897.07154957257
2026-06-15 21:00:00+00:00,2026-06-16 14:00:00+00:00,55007.54,55833.92185447306
2026-06-15 21:00:00+00:00,2026-06-16 15:00:00+00:00,55696.56,56662.69135598345
2026-06-15 21:00:00+00:00,2026-06-16 16:00:00+00:00,57046.79,57384.61860009705
2026-06-15 21:00:00+00:00,2026-06-16 17:00:00+00:00,56760.08,57597.99101214331
2026-06-15 21:00:00+00:00,2026-06-16 18:00:00+00:00,55497.79,56453.572943901
2026-06-15 21:00:00+00:00,2026-06-16 19:00:00+00:00,52827.01,54272.27485930985
2026-06-15 21:00:00+00:00,2026-06-16 20:00:00+00:00,50114.36,51141.47698624591
2026-06-15 21:00:00+00:00,2026-06-16 21:00:00+00:00,46379.38,47918.00791296681
2026-06-16 21:00:00+00:00,2026-06-16 22:00:00+00:00,43179.54,43913.84994132112
2026-06-16 21:00:00+00:00,2026-06-16 23:00:00+00:00,41772.27,42543.43968156505
2026-06-16 21:00:00+00:00,2026-06-17 00:00:00+00:00,40634.03,41716.558993536935
2026-06-16 21:00:00+00:00,2026-06-17 01:00:00+00:00,40783.52,42233.0701984829
2026-06-16 21:00:00+00:00,2026-06-17 02:00:00+00:00,41639.04,43674.77162972761
2026-06-16 21:00:00+00:00,2026-06-17 03:00:00+00:00,44412.43,45945.46481228559
2026-06-16 21:00:00+00:00,2026-06-17 04:00:00+00:00,51309.98,51411.35470699774
2026-06-16 21:00:00+00:00,2026-06-17 05:00:00+00:00,56386.91,56938.98216499872
2026-06-16 21:00:00+00:00,2026-06-17 06:00:00+00:00,58382.26,59383.40161840435
2026-06-16 21:00:00+00:00,2026-06-17 07:00:00+00:00,57228.38,59446.06472750987
2026-06-16 21:00:00+00:00,2026-06-17 08:00:00+00:00,56850.93,59243.63857677914
2026-06-16 21:00:00+00:00,2026-06-17 09:00:00+00:00,57135.27,58939.57671062211
2026-06-16 21:00:00+00:00,2026-06-17 10:00:00+00:00,56439.62,58069.9947640108
2026-06-16 21:00:00+00:00,2026-06-17 11:00:00+00:00,56099.09,56875.61435870693
2026-06-16 21:00:00+00:00,2026-06-17 12:00:00+00:00,54701.51,55721.51066243188
2026-06-16 21:00:00+00:00,2026-06-17 13:00:00+00:00,54414.33,55071.01044008816
2026-06-16 21:00:00+00:00,2026-06-17 14:00:00+00:00,54690.59,55051.21460223636
2026-06-16 21:00:00+00:00,2026-06-17 15:00:00+00:00,55668.86,55798.18274951429
2026-06-16 21:00:00+00:00,2026-06-17 16:00:00+00:00,56677.05,56860.91560022535
2026-06-16 21:00:00+00:00,2026-06-17 17:00:00+00:00,57304.83,57192.89128663632
2026-06-16 21:00:00+00:00,2026-06-17 18:00:00+00:00,55923.08,55806.232671800724
2026-06-16 21:00:00+00:00,2026-06-17 19:00:00+00:00,53594.3,53977.415411118775
2026-06-16 21:00:00+00:00,2026-06-17 20:00:00+00:00,50915.38,51092.60261693358
2026-06-16 21:00:00+00:00,2026-06-17 21:00:00+00:00,47088.56,47707.87811031696
2026-06-17 21:00:00+00:00,2026-06-17 22:00:00+00:00,44356.3,44612.86929347568
2026-06-17 21:00:00+00:00,2026-06-17 23:00:00+00:00,42615.06,42949.62329334616
2026-06-17 21:00:00+00:00,2026-06-18 00:00:00+00:00,41461.21,42187.726698205086
2026-06-17 21:00:00+00:00,2026-06-18 01:00:00+00:00,42094.06,41945.914754099416
2026-06-17 21:00:00+00:00,2026-06-18 02:00:00+00:00,43076.5,42815.11553344924
2026-06-17 21:00:00+00:00,2026-06-18 03:00:00+00:00,45374.48,45003.15354405024
2026-06-17 21:00:00+00:00,2026-06-18 04:00:00+00:00,52028.41,50955.96302670833
2026-06-17 21:00:00+00:00,2026-06-18 05:00:00+00:00,56492.76,56714.421528187995
2026-06-17 21:00:00+00:00,2026-06-18 06:00:00+00:00,58616.79,58707.803776675704
2026-06-17 21:00:00+00:00,2026-06-18 07:00:00+00:00,57999.96,58891.33791560942
2026-06-17 21:00:00+00:00,2026-06-18 08:00:00+00:00,57553.4,58629.289162374196
2026-06-17 21:00:00+00:00,2026-06-18 09:00:00+00:00,57337.36,58376.256317982676
2026-06-17 21:00:00+00:00,2026-06-18 10:00:00+00:00,56719.89,57139.566788863434
2026-06-17 21:00:00+00:00,2026-06-18 11:00:00+00:00,56735.02,55902.90381365745
2026-06-17 21:00:00+00:00,2026-06-18 12:00:00+00:00,55715.2,54842.9614769843
2026-06-17 21:00:00+00:00,2026-06-18 13:00:00+00:00,55505.39,54456.53083593263
2026-06-17 21:00:00+00:00,2026-06-18 14:00:00+00:00,55222.23,54349.30307473323
2026-06-17 21:00:00+00:00,2026-06-18 15:00:00+00:00,55154.81,54779.73629492016
2026-06-17 21:00:00+00:00,2026-06-18 16:00:00+00:00,56610.4,55772.49403545467
2026-06-17 21:00:00+00:00,2026-06-18 17:00:00+00:00,57117.59,56108.93663163276
2026-06-17 21:00:00+00:00,2026-06-18 18:00:00+00:00,56257.63,54661.760753017516
2026-06-17 21:00:00+00:00,2026-06-18 19:00:00+00:00,54102.71,52665.90368941124
2026-06-17 21:00:00+00:00,2026-06-18 20:00:00+00:00,51662.4,49657.251319199946
2026-06-17 21:00:00+00:00,2026-06-18 21:00:00+00:00,47965.72,46522.89821251855
2026-06-18 21:00:00+00:00,2026-06-18 22:00:00+00:00,44783.95,45342.601301333634
2026-06-18 21:00:00+00:00,2026-06-18 23:00:00+00:00,42478.55,43620.82705595985
2026-06-18 21:00:00+00:00,2026-06-19 00:00:00+00:00,41428.24,42682.5585574367
2026-06-18 21:00:00+00:00,2026-06-19 01:00:00+00:00,41691.49,42926.46632367582
2026-06-18 21:00:00+00:00,2026-06-19 02:00:00+00:00,43147.38,43960.78363902641
2026-06-18 21:00:00+00:00,2026-06-19 03:00:00+00:00,45867.77,46084.308013575064
2026-06-18 21:00:00+00:00,2026-06-19 04:00:00+00:00,52150.75,51986.06024817892
2026-06-18 21:00:00+00:00,2026-06-19 05:00:00+00:00,56640.34,57585.80060116584
2026-06-18 21:00:00+00:00,2026-06-19 06:00:00+00:00,59440.18,59954.04560906314
2026-06-18 21:00:00+00:00,2026-06-19 07:00:00+00:00,58777.16,59716.31009554469
2026-06-18 21:00:00+00:00,2026-06-19 08:00:00+00:00,58880.14,59413.58201754616
2026-06-18 21:00:00+00:00,2026-06-19 09:00:00+00:00,58723.11,59236.53998384243
2026-06-18 21:00:00+00:00,2026-06-19 10:00:00+00:00,57622.11,58073.42039520132
2026-06-18 21:00:00+00:00,2026-06-19 11:00:00+00:00,55609.15,56764.61983151945
2026-06-18 21:00:00+00:00,2026-06-19 12:00:00+00:00,54819.38,55371.75884729718
2026-06-18 21:00:00+00:00,2026-06-19 13:00:00+00:00,54055.96,54763.04084615517
2026-06-18 21:00:00+00:00,2026-06-19 14:00:00+00:00,54124.42,55051.33429471488
2026-06-18 21:00:00+00:00,2026-06-19 15:00:00+00:00,55807.28,55427.17718529686
2026-06-18 21:00:00+00:00,2026-06-19 16:00:00+00:00,56229.43,55739.758727093445
2026-06-18 21:00:00+00:00,2026-06-19 17:00:00+00:00,55616.39,55820.29012041287
2026-06-18 21:00:00+00:00,2026-06-19 18:00:00+00:00,53789.67,53936.990882931845
2026-06-18 21:00:00+00:00,2026-06-19 19:00:00+00:00,50500.07,51675.30249008626
2026-06-18 21:00:00+00:00,2026-06-19 20:00:00+00:00,48580.93,49496.43067790179
2026-06-18 21:00:00+00:00,2026-06-19 21:00:00+00:00,45739.3,46274.09784014171
2026-06-19 21:00:00+00:00,2026-06-19 22:00:00+00:00,43359.66,43015.308650492996
2026-06-19 21:00:00+00:00,2026-06-19 23:00:00+00:00,42913.63,41046.85384545498
2026-06-19 21:00:00+00:00,2026-06-20 00:00:00+00:00,41584.51,40097.027870681995
2026-06-19 21:00:00+00:00,2026-06-20 01:00:00+00:00,41685.66,39746.41279779676
2026-06-19 21:00:00+00:00,2026-06-20 02:00:00+00:00,40005.35,40255.34246487316
2026-06-19 21:00:00+00:00,2026-06-20 03:00:00+00:00,39500.22,40651.866739064164
2026-06-19 21:00:00+00:00,2026-06-20 04:00:00+00:00,42225.4,42499.272753451616
2026-06-19 21:00:00+00:00,2026-06-20 05:00:00+00:00,43800.81,44368.183629002575
2026-06-19 21:00:00+00:00,2026-06-20 06:00:00+00:00,46852.79,47402.5166251851
2026-06-19 21:00:00+00:00,2026-06-20 07:00:00+00:00,49168.97,49147.62850224136
2026-06-19 21:00:00+00:00,2026-06-20 08:00:00+00:00,49948.59,49578.603497378375
2026-06-19 21:00:00+00:00,2026-06-20 09:00:00+00:00,49224.04,49778.709586362114
2026-06-19 21:00:00+00:00,2026-06-20 10:00:00+00:00,47431.81,48884.29384591437
2026-06-19 21:00:00+00:00,2026-06-20 11:00:00+00:00,46086.2,47977.29189453772
2026-06-19 21:00:00+00:00,2026-06-20 12:00:00+00:00,43933.09,46859.84861823368
2026-06-19 21:00:00+00:00,2026-06-20 13:00:00+00:00,44574.13,46505.168047571344
2026-06-19 21:00:00+00:00,2026-06-20 14:00:00+00:00,44599.05,46983.73750741126
2026-06-19 21:00:00+00:00,2026-06-20 15:00:00+00:00,45670.48,48175.310502933404
2026-06-19 21:00:00+00:00,2026-06-20 16:00:00+00:00,46726.13,49399.42566063041
2026-06-19 21:00:00+00:00,2026-06-20 17:00:00+00:00,47564.32,49755.88376188002
2026-06-19 21:00:00+00:00,2026-06-20 18:00:00+00:00,47445.29,48897.09223138293
2026-06-19 21:00:00+00:00,2026-06-20 19:00:00+00:00,46040.41,47717.17288813634
2026-06-19 21:00:00+00:00,2026-06-20 20:00:00+00:00,44520.22,46066.37607660909
2026-06-19 21:00:00+00:00,2026-06-20 21:00:00+00:00,42182.16,43199.06167383515
2026-06-20 21:00:00+00:00,2026-06-20 22:00:00+00:00,40955.48,39817.780056674914
2026-06-20 21:00:00+00:00,2026-06-20 23:00:00+00:00,38859.12,37958.610982423226
2026-06-20 21:00:00+00:00,2026-06-21 00:00:00+00:00,37281.95,37026.081530398515
2026-06-20 21:00:00+00:00,2026-06-21 01:00:00+00:00,36463.24,37149.64479320999
2026-06-20 21:00:00+00:00,2026-06-21 02:00:00+00:00,35185.38,37250.87795878057
2026-06-20 21:00:00+00:00,2026-06-21 03:00:00+00:00,35971.92,37509.33638278093
2026-06-20 21:00:00+00:00,2026-06-21 04:00:00+00:00,37427.37,38225.23237764924
2026-06-20 21:00:00+00:00,2026-06-21 05:00:00+00:00,38378.57,39407.5041773729
2026-06-20 21:00:00+00:00,2026-06-21 06:00:00+00:00,41411.55,40978.75464748216
2026-06-20 21:00:00+00:00,2026-06-21 07:00:00+00:00,43427.13,42781.59827891617
2026-06-20 21:00:00+00:00,2026-06-21 08:00:00+00:00,44489.57,44147.46794039963
2026-06-20 21:00:00+00:00,2026-06-21 09:00:00+00:00,45732.48,44390.04650308942
2026-06-20 21:00:00+00:00,2026-06-21 10:00:00+00:00,44234.7,43640.089545052506
2026-06-20 21:00:00+00:00,2026-06-21 11:00:00+00:00,43009.67,42125.289450469594
2026-06-20 21:00:00+00:00,2026-06-21 12:00:00+00:00,42626.95,40978.47419225127
2026-06-20 21:00:00+00:00,2026-06-21 13:00:00+00:00,42936.32,40372.34631476567
2026-06-20 21:00:00+00:00,2026-06-21 14:00:00+00:00,43482.71,40776.859453632955
2026-06-20 21:00:00+00:00,2026-06-21 15:00:00+00:00,45255.29,42558.928216181
2026-06-20 21:00:00+00:00,2026-06-21 16:00:00+00:00,46888.84,44427.82608991858
2026-06-20 21:00:00+00:00,2026-06-21 17:00:00+00:00,48082.53,45359.746989792606
2026-06-20 21:00:00+00:00,2026-06-21 18:00:00+00:00,48202.38,45700.891705153
2026-06-20 21:00:00+00:00,2026-06-21 19:00:00+00:00,47897.33,45514.694544492
2026-06-20 21:00:00+00:00,2026-06-21 20:00:00+00:00,47564.31,44159.50997639249
2026-06-20 21:00:00+00:00,2026-06-21 21:00:00+00:00,44844.85,41590.328798840404
2026-06-21 21:00:00+00:00,2026-06-21 22:00:00+00:00,42842.25,42702.72815675359
2026-06-21 21:00:00+00:00,2026-06-21 23:00:00+00:00,40840.21,41468.044367491355
2026-06-21 21:00:00+00:00,2026-06-22 00:00:00+00:00,40260.06,41225.4529376003
2026-06-21 21:00:00+00:00,2026-06-22 01:00:00+00:00,40999.0,42178.39591794262
2026-06-21 21:00:00+00:00,2026-06-22 02:00:00+00:00,41564.18,44287.43510606448
2026-06-21 21:00:00+00:00,2026-06-22 03:00:00+00:00,43977.78,49543.45668671223
2026-06-21 21:00:00+00:00,2026-06-22 04:00:00+00:00,50877.15,56562.5117176821
2026-06-21 21:00:00+00:00,2026-06-22 05:00:00+00:00,56170.04,60464.14444077302
2026-06-21 21:00:00+00:00,2026-06-22 06:00:00+00:00,59595.59,63225.57852064663
2026-06-21 21:00:00+00:00,2026-06-22 07:00:00+00:00,59876.14,63582.12338699554
2026-06-21 21:00:00+00:00,2026-06-22 08:00:00+00:00,59543.22,63682.070319946506
2026-06-21 21:00:00+00:00,2026-06-22 09:00:00+00:00,58580.4,63854.64581857355
2026-06-21 21:00:00+00:00,2026-06-22 10:00:00+00:00,58421.75,63281.52028795919
2026-06-21 21:00:00+00:00,2026-06-22 11:00:00+00:00,57795.22,62066.718399759804
2026-06-21 21:00:00+00:00,2026-06-22 12:00:00+00:00,56669.86,60854.855889577244
2026-06-21 21:00:00+00:00,2026-06-22 13:00:00+00:00,56390.78,60055.54879910382
2026-06-21 21:00:00+00:00,2026-06-22 14:00:00+00:00,56554.83,59766.34369889475
2026-06-21 21:00:00+00:00,2026-06-22 15:00:00+00:00,57272.22,60296.76029799365
2026-06-21 21:00:00+00:00,2026-06-22 16:00:00+00:00,57946.39,60657.48543997675
2026-06-21 21:00:00+00:00,2026-06-22 17:00:00+00:00,58033.86,60039.134782855734
2026-06-21 21:00:00+00:00,2026-06-22 18:00:00+00:00,56650.05,58331.16716045003
2026-06-21 21:00:00+00:00,2026-06-22 19:00:00+00:00,54660.86,55545.89486792001
2026-06-21 21:00:00+00:00,2026-06-22 20:00:00+00:00,52172.12,52163.1235201573
2026-06-21 21:00:00+00:00,2026-06-22 21:00:00+00:00,48492.0,48814.333042160586
2026-06-22 21:00:00+00:00,2026-06-22 22:00:00+00:00,46111.01,45549.5518046395
2026-06-22 21:00:00+00:00,2026-06-22 23:00:00+00:00,44213.87,43879.33649571125
2026-06-22 21:00:00+00:00,2026-06-23 00:00:00+00:00,43159.73,43152.068334110765
2026-06-22 21:00:00+00:00,2026-06-23 01:00:00+00:00,42794.76,43303.07958714137
2026-06-22 21:00:00+00:00,2026-06-23 02:00:00+00:00,43847.61,44384.82277253552
2026-06-22 21:00:00+00:00,2026-06-23 03:00:00+00:00,46338.98,47600.65275294307
2026-06-22 21:00:00+00:00,2026-06-23 04:00:00+00:00,52677.21,54046.92389959969
2026-06-22 21:00:00+00:00,2026-06-23 05:00:00+00:00,57791.86,58380.46020805881
2026-06-22 21:00:00+00:00,2026-06-23 06:00:00+00:00,60797.93,60688.25920393548
2026-06-22 21:00:00+00:00,2026-06-23 07:00:00+00:00,60366.06,59686.76099683187
2026-06-22 21:00:00+00:00,2026-06-23 08:00:00+00:00,59594.69,59196.37032563322
2026-06-22 21:00:00+00:00,2026-06-23 09:00:00+00:00,58996.68,58715.096350801825
2026-06-22 21:00:00+00:00,2026-06-23 10:00:00+00:00,57907.68,58217.53388609466
2026-06-22 21:00:00+00:00,2026-06-23 11:00:00+00:00,57516.23,57061.97257026961
2026-06-22 21:00:00+00:00,2026-06-23 12:00:00+00:00,56231.1,55998.121320152255
2026-06-22 21:00:00+00:00,2026-06-23 13:00:00+00:00,56212.35,55535.727409121435
2026-06-22 21:00:00+00:00,2026-06-23 14:00:00+00:00,56224.2,55506.47286282111
2026-06-22 21:00:00+00:00,2026-06-23 15:00:00+00:00,57308.21,56095.60230604622
2026-06-22 21:00:00+00:00,2026-06-23 16:00:00+00:00,57791.46,56981.8697946148
2026-06-22 21:00:00+00:00,2026-06-23 17:00:00+00:00,57943.1,57111.633485482955
2026-06-22 21:00:00+00:00,2026-06-23 18:00:00+00:00,56429.06,55784.6562337954
2026-06-22 21:00:00+00:00,2026-06-23 19:00:00+00:00,54701.47,53736.665859290835
2026-06-22 21:00:00+00:00,2026-06-23 20:00:00+00:00,52237.79,50923.330619565684
2026-06-22 21:00:00+00:00,2026-06-23 21:00:00+00:00,48980.65,47477.922932996895
2026-06-23 21:00:00+00:00,2026-06-23 22:00:00+00:00,46153.52,46148.71711780779
2026-06-23 21:00:00+00:00,2026-06-23 23:00:00+00:00,44594.64,44330.9075301458
2026-06-23 21:00:00+00:00,2026-06-24 00:00:00+00:00,43986.93,43256.29684797927
2026-06-23 21:00:00+00:00,2026-06-24 01:00:00+00:00,43712.2,43201.150859253736
2026-06-23 21:00:00+00:00,2026-06-24 02:00:00+00:00,44154.21,44234.113414960404
2026-06-23 21:00:00+00:00,2026-06-24 03:00:00+00:00,46433.42,47311.33856968308
2026-06-23 21:00:00+00:00,2026-06-24 04:00:00+00:00,52742.14,52867.97057096357
2026-06-23 21:00:00+00:00,2026-06-24 05:00:00+00:00,57672.09,57811.154780563
2026-06-23 21:00:00+00:00,2026-06-24 06:00:00+00:00,60538.57,60210.89760614417
2026-06-23 21:00:00+00:00,2026-06-24 07:00:00+00:00,60442.62,59974.20455039129
2026-06-23 21:00:00+00:00,2026-06-24 08:00:00+00:00,59381.88,59405.729339480094
2026-06-23 21:00:00+00:00,2026-06-24 09:00:00+00:00,58923.31,59108.24747103741
2026-06-23 21:00:00+00:00,2026-06-24 10:00:00+00:00,58229.27,58079.51038079781
2026-06-23 21:00:00+00:00,2026-06-24 11:00:00+00:00,58116.15,56924.73229274024
2026-06-23 21:00:00+00:00,2026-06-24 12:00:00+00:00,58282.19,55976.308120156995
2026-06-23 21:00:00+00:00,2026-06-24 13:00:00+00:00,57302.03,55502.34849061396
2026-06-23 21:00:00+00:00,2026-06-24 14:00:00+00:00,57829.58,55475.27647294537
2026-06-23 21:00:00+00:00,2026-06-24 15:00:00+00:00,58149.79,56085.88615997645
2026-06-23 21:00:00+00:00,2026-06-24 16:00:00+00:00,59162.03,57022.92183676671
2026-06-23 21:00:00+00:00,2026-06-24 17:00:00+00:00,59687.34,57233.75293752042
2026-06-23 21:00:00+00:00,2026-06-24 18:00:00+00:00,58425.13,55757.32866184014
2026-06-23 21:00:00+00:00,2026-06-24 19:00:00+00:00,56653.95,53628.027272488915
2026-06-23 21:00:00+00:00,2026-06-24 20:00:00+00:00,54511.03,50638.43973436702
2026-06-23 21:00:00+00:00,2026-06-24 21:00:00+00:00,50708.82,47427.152305885524
2026-06-24 21:00:00+00:00,2026-06-24 22:00:00+00:00,47980.21,48081.5436295282
2026-06-24 21:00:00+00:00,2026-06-24 23:00:00+00:00,45832.67,46285.61179951148
2026-06-24 21:00:00+00:00,2026-06-25 00:00:00+00:00,44692.54,45530.95296118454
2026-06-24 21:00:00+00:00,2026-06-25 01:00:00+00:00,44466.57,45588.71187926427
2026-06-24 21:00:00+00:00,2026-06-25 02:00:00+00:00,45643.64,46814.60559016937
2026-06-24 21:00:00+00:00,2026-06-25 03:00:00+00:00,47713.69,49758.16533683374
2026-06-24 21:00:00+00:00,2026-06-25 04:00:00+00:00,54067.49,55501.82656628109
2026-06-24 21:00:00+00:00,2026-06-25 05:00:00+00:00,59144.81,59176.21979644482
2026-06-24 21:00:00+00:00,2026-06-25 06:00:00+00:00,62442.08,61067.79742855537
2026-06-24 21:00:00+00:00,2026-06-25 07:00:00+00:00,61988.99,60747.16428167578
2026-06-24 21:00:00+00:00,2026-06-25 08:00:00+00:00,61937.67,60210.33920149423
2026-06-24 21:00:00+00:00,2026-06-25 09:00:00+00:00,61198.36,59562.78753335053
2026-06-24 21:00:00+00:00,2026-06-25 10:00:00+00:00,60432.78,58581.94758004768
2026-06-24 21:00:00+00:00,2026-06-25 11:00:00+00:00,60023.08,57204.640039190344
2026-06-24 21:00:00+00:00,2026-06-25 12:00:00+00:00,58671.84,56018.61131169214
2026-06-24 21:00:00+00:00,2026-06-25 13:00:00+00:00,57954.98,55598.17811438898
2026-06-24 21:00:00+00:00,2026-06-25 14:00:00+00:00,58681.72,55716.82251593059
2026-06-24 21:00:00+00:00,2026-06-25 15:00:00+00:00,59211.3,56843.8811868525
2026-06-24 21:00:00+00:00,2026-06-25 16:00:00+00:00,60283.52,57684.36551099352
2026-06-24 21:00:00+00:00,2026-06-25 17:00:00+00:00,60644.31,57994.04811751567
2026-06-24 21:00:00+00:00,2026-06-25 18:00:00+00:00,59551.64,56768.93506933309
2026-06-24 21:00:00+00:00,2026-06-25 19:00:00+00:00,57397.44,54510.41983603726
2026-06-24 21:00:00+00:00,2026-06-25 20:00:00+00:00,54927.51,51743.59757135963
2026-06-24 21:00:00+00:00,2026-06-25 21:00:00+00:00,51553.67,48565.810961965406
2026-06-25 21:00:00+00:00,2026-06-25 22:00:00+00:00,48960.88,48749.80766645301
2026-06-25 21:00:00+00:00,2026-06-25 23:00:00+00:00,46479.2,47172.97733438849
2026-06-25 21:00:00+00:00,2026-06-26 00:00:00+00:00,44987.26,46557.04363925612
2026-06-25 21:00:00+00:00,2026-06-26 01:00:00+00:00,45585.69,46983.84476039926
2026-06-25 21:00:00+00:00,2026-06-26 02:00:00+00:00,45985.9,48070.86740171745
2026-06-25 21:00:00+00:00,2026-06-26 03:00:00+00:00,47973.32,50439.52532714278
2026-06-25 21:00:00+00:00,2026-06-26 04:00:00+00:00,53958.54,55055.852547250826
2026-06-25 21:00:00+00:00,2026-06-26 05:00:00+00:00,59121.29,59019.31119139787
2026-06-25 21:00:00+00:00,2026-06-26 06:00:00+00:00,62580.71,61351.57446989646
2026-06-25 21:00:00+00:00,2026-06-26 07:00:00+00:00,63142.17,61174.251190293326
2026-06-25 21:00:00+00:00,2026-06-26 08:00:00+00:00,62070.34,60825.645532156006
2026-06-25 21:00:00+00:00,2026-06-26 09:00:00+00:00,60424.56,60287.95537980934
2026-06-25 21:00:00+00:00,2026-06-26 10:00:00+00:00,59356.93,59271.36269478606
2026-06-25 21:00:00+00:00,2026-06-26 11:00:00+00:00,58307.52,58064.58038295045
2026-06-25 21:00:00+00:00,2026-06-26 12:00:00+00:00,56548.91,56832.571293993824
2026-06-25 21:00:00+00:00,2026-06-26 13:00:00+00:00,55560.16,56360.78689012611
2026-06-25 21:00:00+00:00,2026-06-26 14:00:00+00:00,55777.13,56766.48290338367
2026-06-25 21:00:00+00:00,2026-06-26 15:00:00+00:00,56520.5,57599.45684288237
2026-06-25 21:00:00+00:00,2026-06-26 16:00:00+00:00,57574.8,57927.72731565959
2026-06-25 21:00:00+00:00,2026-06-26 17:00:00+00:00,57772.9,57862.29393206782
2026-06-25 21:00:00+00:00,2026-06-26 18:00:00+00:00,57054.27,56511.38465919612
2026-06-25 21:00:00+00:00,2026-06-26 19:00:00+00:00,56103.87,54639.804328682505
2026-06-25 21:00:00+00:00,2026-06-26 20:00:00+00:00,54198.49,52131.06870630498
2026-06-25 21:00:00+00:00,2026-06-26 21:00:00+00:00,51004.73,49159.961118070205
2026-06-26 21:00:00+00:00,2026-06-26 22:00:00+00:00,47633.31,48450.98768309247
2026-06-26 21:00:00+00:00,2026-06-26 23:00:00+00:00,45821.9,46202.9879461818
2026-06-26 21:00:00+00:00,2026-06-27 00:00:00+00:00,44198.44,44945.2205018535
2026-06-26 21:00:00+00:00,2026-06-27 01:00:00+00:00,43455.8,44718.306671432954
2026-06-26 21:00:00+00:00,2026-06-27 02:00:00+00:00,42888.74,45285.48050736601
2026-06-26 21:00:00+00:00,2026-06-27 03:00:00+00:00,42473.43,46559.91782086358
2026-06-26 21:00:00+00:00,2026-06-27 04:00:00+00:00,44341.3,48104.54090412534
2026-06-26 21:00:00+00:00,2026-06-27 05:00:00+00:00,46536.57,50168.65866622002
2026-06-26 21:00:00+00:00,2026-06-27 06:00:00+00:00,48617.69,52250.14764725595
2026-06-26 21:00:00+00:00,2026-06-27 07:00:00+00:00,50056.79,53977.61742900621
2026-06-26 21:00:00+00:00,2026-06-27 08:00:00+00:00,50447.93,54718.48380830687
2026-06-26 21:00:00+00:00,2026-06-27 09:00:00+00:00,50712.8,55050.93785743843
2026-06-26 21:00:00+00:00,2026-06-27 10:00:00+00:00,49809.37,54341.65699631402
2026-06-26 21:00:00+00:00,2026-06-27 11:00:00+00:00,49040.22,53295.92463649885
2026-06-26 21:00:00+00:00,2026-06-27 12:00:00+00:00,47415.0,52464.70075533925
2026-06-26 21:00:00+00:00,2026-06-27 13:00:00+00:00,46903.6,52187.01038592727
2026-06-26 21:00:00+00:00,2026-06-27 14:00:00+00:00,47635.24,52808.79432717999
2026-06-26 21:00:00+00:00,2026-06-27 15:00:00+00:00,48728.01,54000.54764453845
2026-06-26 21:00:00+00:00,2026-06-27 16:00:00+00:00,50248.72,55302.70553137329
2026-06-26 21:00:00+00:00,2026-06-27 17:00:00+00:00,50677.63,55219.201374068514
2026-06-26 21:00:00+00:00,2026-06-27 18:00:00+00:00,50275.86,52993.1084550315
2026-06-26 21:00:00+00:00,2026-06-27 19:00:00+00:00,49426.82,50992.054950942525
2026-06-26 21:00:00+00:00,2026-06-27 20:00:00+00:00,48286.33,49728.281474533316
2026-06-26 21:00:00+00:00,2026-06-27 21:00:00+00:00,46185.05,47157.64368561918
2026-06-27 21:00:00+00:00,2026-06-27 22:00:00+00:00,42984.32,43524.604075434036
2026-06-27 21:00:00+00:00,2026-06-27 23:00:00+00:00,41952.79,41583.27071591466
2026-06-27 21:00:00+00:00,2026-06-28 00:00:00+00:00,40024.81,40261.6422477784
2026-06-27 21:00:00+00:00,2026-06-28 01:00:00+00:00,40114.79,39668.09628267176
2026-06-27 21:00:00+00:00,2026-06-28 02:00:00+00:00,39099.9,39902.6040121749
2026-06-27 21:00:00+00:00,2026-06-28 03:00:00+00:00,40905.57,40382.950482409695
2026-06-27 21:00:00+00:00,2026-06-28 04:00:00+00:00,41415.11,40939.164438573454
2026-06-27 21:00:00+00:00,2026-06-28 05:00:00+00:00,44367.95,42029.024036674484
2026-06-27 21:00:00+00:00,2026-06-28 06:00:00+00:00,45202.58,44156.02175440051
2026-06-27 21:00:00+00:00,2026-06-28 07:00:00+00:00,45926.42,45870.418319950404
2026-06-27 21:00:00+00:00,2026-06-28 08:00:00+00:00,46590.92,46657.59276487597
2026-06-27 21:00:00+00:00,2026-06-28 09:00:00+00:00,46958.37,46759.56726762704
2026-06-27 21:00:00+00:00,2026-06-28 10:00:00+00:00,46339.95,45327.08515591303
2026-06-27 21:00:00+00:00,2026-06-28 11:00:00+00:00,44880.97,43593.68490913278
2026-06-27 21:00:00+00:00,2026-06-28 12:00:00+00:00,44229.78,42226.840655655986
2026-06-27 21:00:00+00:00,2026-06-28 13:00:00+00:00,44760.58,42127.3778398973
2026-06-27 21:00:00+00:00,2026-06-28 14:00:00+00:00,46120.6,42943.329970872925
2026-06-27 21:00:00+00:00,2026-06-28 15:00:00+00:00,48576.58,45569.53451590361
2026-06-27 21:00:00+00:00,2026-06-28 16:00:00+00:00,50659.13,47706.34375636207
2026-06-27 21:00:00+00:00,2026-06-28 17:00:00+00:00,51467.03,48434.422842191736
2026-06-27 21:00:00+00:00,2026-06-28 18:00:00+00:00,51269.93,48450.01036685349
2026-06-27 21:00:00+00:00,2026-06-28 19:00:00+00:00,50338.24,47649.76921246202
2026-06-27 21:00:00+00:00,2026-06-28 20:00:00+00:00,49385.44,46343.764918300745
2026-06-27 21:00:00+00:00,2026-06-28 21:00:00+00:00,46458.24,43785.247045586744
2026-06-28 21:00:00+00:00,2026-06-28 22:00:00+00:00,44493.81,44180.33912948146
2026-06-28 21:00:00+00:00,2026-06-28 23:00:00+00:00,42940.52,42621.33963154103
2026-06-28 21:00:00+00:00,2026-06-29 00:00:00+00:00,42047.91,41832.708702129785
2026-06-28 21:00:00+00:00,2026-06-29 01:00:00+00:00,42392.46,42090.225588822854
2026-06-28 21:00:00+00:00,2026-06-29 02:00:00+00:00,42439.88,43336.36316859336
2026-06-28 21:00:00+00:00,2026-06-29 03:00:00+00:00,45816.01,45987.14774479362
2026-06-28 21:00:00+00:00,2026-06-29 04:00:00+00:00,53319.23,51779.81795760541
2026-06-28 21:00:00+00:00,2026-06-29 05:00:00+00:00,58384.32,56608.190517724404
2026-06-28 21:00:00+00:00,2026-06-29 06:00:00+00:00,61422.13,59611.534171790234
2026-06-28 21:00:00+00:00,2026-06-29 07:00:00+00:00,62622.92,60069.9725088885
2026-06-28 21:00:00+00:00,2026-06-29 08:00:00+00:00,63684.81,59976.622822544465
2026-06-28 21:00:00+00:00,2026-06-29 09:00:00+00:00,63188.0,59665.462513043814
2026-06-28 21:00:00+00:00,2026-06-29 10:00:00+00:00,61899.94,58968.88802078503
2026-06-28 21:00:00+00:00,2026-06-29 11:00:00+00:00,60190.91,57879.63658747408
2026-06-28 21:00:00+00:00,2026-06-29 12:00:00+00:00,58508.34,57074.74203335367
2026-06-28 21:00:00+00:00,2026-06-29 13:00:00+00:00,57007.32,56701.55704365681
2026-06-28 21:00:00+00:00,2026-06-29 14:00:00+00:00,57057.54,56758.17297886833
2026-06-28 21:00:00+00:00,2026-06-29 15:00:00+00:00,58024.99,57545.749863342986
2026-06-28 21:00:00+00:00,2026-06-29 16:00:00+00:00,58890.87,58330.45339726286
2026-06-28 21:00:00+00:00,2026-06-29 17:00:00+00:00,58763.32,58112.381495511465
2026-06-28 21:00:00+00:00,2026-06-29 18:00:00+00:00,57366.12,56727.79545487874
2026-06-28 21:00:00+00:00,2026-06-29 19:00:00+00:00,55195.1,54386.58206495581
2026-06-28 21:00:00+00:00,2026-06-29 20:00:00+00:00,52762.8,50964.23300061939
2026-06-28 21:00:00+00:00,2026-06-29 21:00:00+00:00,49719.47,47995.870539976226
2026-06-29 21:00:00+00:00,2026-06-29 22:00:00+00:00,47408.46,46793.241778361
2026-06-29 21:00:00+00:00,2026-06-29 23:00:00+00:00,45367.93,45097.55178237072
2026-06-29 21:00:00+00:00,2026-06-30 00:00:00+00:00,43824.18,44299.89744768031
2026-06-29 21:00:00+00:00,2026-06-30 01:00:00+00:00,43627.74,44431.23055420304
2026-06-29 21:00:00+00:00,2026-06-30 02:00:00+00:00,44433.62,45707.03842338051
2026-06-29 21:00:00+00:00,2026-06-30 03:00:00+00:00,46408.44,48541.44352291461
2026-06-29 21:00:00+00:00,2026-06-30 04:00:00+00:00,52539.38,54586.50722574891
2026-06-29 21:00:00+00:00,2026-06-30 05:00:00+00:00,56748.86,59248.858047084825
2026-06-29 21:00:00+00:00,2026-06-30 06:00:00+00:00,59737.08,62132.88005949822
2026-06-29 21:00:00+00:00,2026-06-30 07:00:00+00:00,60342.83,62262.535520182544
2026-06-29 21:00:00+00:00,2026-06-30 08:00:00+00:00,60420.55,62350.63843624137
2026-06-29 21:00:00+00:00,2026-06-30 09:00:00+00:00,60358.5,62264.9348920836
2026-06-29 21:00:00+00:00,2026-06-30 10:00:00+00:00,59596.73,61594.20081672262
2026-06-29 21:00:00+00:00,2026-06-30 11:00:00+00:00,58882.77,60177.190345125644
2026-06-29 21:00:00+00:00,2026-06-30 12:00:00+00:00,57510.34,58729.965489541035
2026-06-29 21:00:00+00:00,2026-06-30 13:00:00+00:00,57657.45,58179.824128388886
2026-06-29 21:00:00+00:00,2026-06-30 14:00:00+00:00,57808.59,57883.54883802719
2026-06-29 21:00:00+00:00,2026-06-30 15:00:00+00:00,58023.95,58516.844030436056
2026-06-29 21:00:00+00:00,2026-06-30 16:00:00+00:00,58925.4,59186.29870230493
2026-06-29 21:00:00+00:00,2026-06-30 17:00:00+00:00,58575.4,59354.20687603824
2026-06-29 21:00:00+00:00,2026-06-30 18:00:00+00:00,56935.67,57915.17061949461
2026-06-29 21:00:00+00:00,2026-06-30 19:00:00+00:00,54823.63,55548.64692183542
2026-06-29 21:00:00+00:00,2026-06-30 20:00:00+00:00,52559.29,52397.84173665412
2026-06-29 21:00:00+00:00,2026-06-30 21:00:00+00:00,49209.97,49127.4481591946
2026-06-30 21:00:00+00:00,2026-06-30 22:00:00+00:00,48369.02,46444.02680788429
2026-06-30 21:00:00+00:00,2026-06-30 23:00:00+00:00,46794.81,45039.71952229516
2026-06-30 21:00:00+00:00,2026-07-01 00:00:00+00:00,45965.74,44311.10556716002
2026-06-30 21:00:00+00:00,2026-07-01 01:00:00+00:00,45295.16,44615.05483015989
2026-06-30 21:00:00+00:00,2026-07-01 02:00:00+00:00,46007.71,45783.89508525063
2026-06-30 21:00:00+00:00,2026-07-01 03:00:00+00:00,48738.93,48760.540739981414
2026-06-30 21:00:00+00:00,2026-07-01 04:00:00+00:00,53960.08,54772.215421275134
2026-06-30 21:00:00+00:00,2026-07-01 05:00:00+00:00,59111.82,58740.84514509689
2026-06-30 21:00:00+00:00,2026-07-01 06:00:00+00:00,62499.98,61197.62552244823
2026-06-30 21:00:00+00:00,2026-07-01 07:00:00+00:00,62876.26,60939.973124863194
2026-06-30 21:00:00+00:00,2026-07-01 08:00:00+00:00,62309.51,60517.90178877354
2026-06-30 21:00:00+00:00,2026-07-01 09:00:00+00:00,61868.72,59873.072804489806
2026-06-30 21:00:00+00:00,2026-07-01 10:00:00+00:00,60969.86,58824.605954857245
2026-06-30 21:00:00+00:00,2026-07-01 11:00:00+00:00,59766.31,57900.48146842591
2026-06-30 21:00:00+00:00,2026-07-01 12:00:00+00:00,58303.34,56795.85352935124
2026-06-30 21:00:00+00:00,2026-07-01 13:00:00+00:00,57129.33,56486.729328942056
2026-06-30 21:00:00+00:00,2026-07-01 14:00:00+00:00,56481.17,56890.29779779611
2026-06-30 21:00:00+00:00,2026-07-01 15:00:00+00:00,57000.98,57879.71040681127
2026-06-30 21:00:00+00:00,2026-07-01 16:00:00+00:00,59376.98,58618.33054900428
2026-06-30 21:00:00+00:00,2026-07-01 17:00:00+00:00,59024.66,58511.11445953681
2026-06-30 21:00:00+00:00,2026-07-01 18:00:00+00:00,56781.03,57176.297675332455
2026-06-30 21:00:00+00:00,2026-07-01 19:00:00+00:00,54875.41,54904.934077474776
2026-06-30 21:00:00+00:00,2026-07-01 20:00:00+00:00,52259.1,52729.53378330262
2026-06-30 21:00:00+00:00,2026-07-01 21:00:00+00:00,49571.45,49059.16940403999
2026-07-01 21:00:00+00:00,2026-07-01 22:00:00+00:00,46600.84,46957.1867477148
2026-07-01 21:00:00+00:00,2026-07-01 23:00:00+00:00,45445.56,45495.06201037894
2026-07-01 21:00:00+00:00,2026-07-02 00:00:00+00:00,44467.29,44848.99818640027
2026-07-01 21:00:00+00:00,2026-07-02 01:00:00+00:00,45216.49,45158.91449599841
2026-07-01 21:00:00+00:00,2026-07-02 02:00:00+00:00,46798.17,46463.11012982259
2026-07-01 21:00:00+00:00,2026-07-02 03:00:00+00:00,49747.47,49391.457357652434
2026-07-01 21:00:00+00:00,2026-07-02 04:00:00+00:00,55710.12,55934.51702610845
2026-07-01 21:00:00+00:00,2026-07-02 05:00:00+00:00,59850.82,60723.44002849009
2026-07-01 21:00:00+00:00,2026-07-02 06:00:00+00:00,60966.87,62877.35957070144
2026-07-01 21:00:00+00:00,2026-07-02 07:00:00+00:00,58836.08,62839.207893040846
2026-07-01 21:00:00+00:00,2026-07-02 08:00:00+00:00,58940.9,62588.13747794375
2026-07-01 21:00:00+00:00,2026-07-02 09:00:00+00:00,60390.5,62189.12644425046
2026-07-01 21:00:00+00:00,2026-07-02 10:00:00+00:00,59008.08,61336.35219252295
2026-07-01 21:00:00+00:00,2026-07-02 11:00:00+00:00,58604.89,60020.07583251839
2026-07-01 21:00:00+00:00,2026-07-02 12:00:00+00:00,57610.94,58716.42595429141
2026-07-01 21:00:00+00:00,2026-07-02 13:00:00+00:00,57579.65,58318.803683301834
2026-07-01 21:00:00+00:00,2026-07-02 14:00:00+00:00,56641.65,58178.178342088795
2026-07-01 21:00:00+00:00,2026-07-02 15:00:00+00:00,57454.44,58890.97389920383
2026-07-01 21:00:00+00:00,2026-07-02 16:00:00+00:00,58703.61,59839.61986070111
2026-07-01 21:00:00+00:00,2026-07-02 17:00:00+00:00,57177.4,59403.83556073573
2026-07-01 21:00:00+00:00,2026-07-02 18:00:00+00:00,55312.54,58102.93606252121
2026-07-01 21:00:00+00:00,2026-07-02 19:00:00+00:00,52774.57,55605.37703858175
2026-07-01 21:00:00+00:00,2026-07-02 20:00:00+00:00,51133.71,52924.88522766594
2026-07-01 21:00:00+00:00,2026-07-02 21:00:00+00:00,46808.09,49647.197972234666
2026-07-02 21:00:00+00:00,2026-07-02 22:00:00+00:00,44176.47,44535.27766030698
2026-07-02 21:00:00+00:00,2026-07-02 23:00:00+00:00,42832.52,43146.81680524229
2026-07-02 21:00:00+00:00,2026-07-03 00:00:00+00:00,42275.89,42703.22157195186
2026-07-02 21:00:00+00:00,2026-07-03 01:00:00+00:00,42145.91,43105.62273059111
2026-07-02 21:00:00+00:00,2026-07-03 02:00:00+00:00,42727.81,44402.673038079185
2026-07-02 21:00:00+00:00,2026-07-03 03:00:00+00:00,45019.92,47329.5997461332
2026-07-02 21:00:00+00:00,2026-07-03 04:00:00+00:00,51088.69,53802.28112114945
2026-07-02 21:00:00+00:00,2026-07-03 05:00:00+00:00,55383.79,58606.97710040648
2026-07-02 21:00:00+00:00,2026-07-03 06:00:00+00:00,57827.5,60269.19594517264
2026-07-02 21:00:00+00:00,2026-07-03 07:00:00+00:00,57058.75,59720.20139856202
2026-07-02 21:00:00+00:00,2026-07-03 08:00:00+00:00,57679.6,59139.315624000155
2026-07-02 21:00:00+00:00,2026-07-03 09:00:00+00:00,57642.12,58992.93007696942
2026-07-02 21:00:00+00:00,2026-07-03 10:00:00+00:00,56130.41,58026.63178803645
2026-07-02 21:00:00+00:00,2026-07-03 11:00:00+00:00,55255.3,56776.3185862028
2026-07-02 21:00:00+00:00,2026-07-03 12:00:00+00:00,53778.79,55226.05917246262
2026-07-02 21:00:00+00:00,2026-07-03 13:00:00+00:00,52688.43,54906.289352812724
2026-07-02 21:00:00+00:00,2026-07-03 14:00:00+00:00,52664.28,55402.29175237837
2026-07-02 21:00:00+00:00,2026-07-03 15:00:00+00:00,52100.97,56278.027971205614
2026-07-02 21:00:00+00:00,2026-07-03 16:00:00+00:00,53369.25,56884.490561531704
2026-07-02 21:00:00+00:00,2026-07-03 17:00:00+00:00,53344.06,56576.503540932696
2026-07-02 21:00:00+00:00,2026-07-03 18:00:00+00:00,51598.92,54686.063228475534
2026-07-02 21:00:00+00:00,2026-07-03 19:00:00+00:00,48894.59,53078.61296344406
2026-07-02 21:00:00+00:00,2026-07-03 20:00:00+00:00,47673.13,50949.886487990654
2026-07-02 21:00:00+00:00,2026-07-03 21:00:00+00:00,45220.11,47478.80326616344
2026-07-03 21:00:00+00:00,2026-07-03 22:00:00+00:00,43212.77,42639.78922637703
2026-07-03 21:00:00+00:00,2026-07-03 23:00:00+00:00,42186.61,41038.53656377985
2026-07-03 21:00:00+00:00,2026-07-04 00:00:00+00:00,41238.52,40135.806390761725
2026-07-03 21:00:00+00:00,2026-07-04 01:00:00+00:00,40896.96,39858.60992443508
2026-07-03 21:00:00+00:00,2026-07-04 02:00:00+00:00,41285.83,40305.263206421376
2026-07-03 21:00:00+00:00,2026-07-04 03:00:00+00:00,40761.37,41033.41324314897
2026-07-03 21:00:00+00:00,2026-07-04 04:00:00+00:00,43369.25,42696.156435640994
2026-07-03 21:00:00+00:00,2026-07-04 05:00:00+00:00,44631.65,45097.88711373738
2026-07-03 21:00:00+00:00,2026-07-04 06:00:00+00:00,46542.95,48429.715390882375
2026-07-03 21:00:00+00:00,2026-07-04 07:00:00+00:00,46620.91,50426.53652002377
2026-07-03 21:00:00+00:00,2026-07-04 08:00:00+00:00,48523.15,51212.23878063097
2026-07-03 21:00:00+00:00,2026-07-04 09:00:00+00:00,48984.21,51911.826486088146
2026-07-03 21:00:00+00:00,2026-07-04 10:00:00+00:00,49396.64,51495.62937504903
2026-07-03 21:00:00+00:00,2026-07-04 11:00:00+00:00,47873.52,50370.346162945774
2026-07-03 21:00:00+00:00,2026-07-04 12:00:00+00:00,46335.93,49540.3193648902
2026-07-03 21:00:00+00:00,2026-07-04 13:00:00+00:00,45900.17,49382.181498282494
2026-07-03 21:00:00+00:00,2026-07-04 14:00:00+00:00,45481.35,49253.05995955744
2026-07-03 21:00:00+00:00,2026-07-04 15:00:00+00:00,45649.39,50191.98940861959
2026-07-03 21:00:00+00:00,2026-07-04 16:00:00+00:00,47392.63,51284.20458291102
2026-07-03 21:00:00+00:00,2026-07-04 17:00:00+00:00,47480.98,51490.84009776086
2026-07-03 21:00:00+00:00,2026-07-04 18:00:00+00:00,46123.1,50045.288139094075
2026-07-03 21:00:00+00:00,2026-07-04 19:00:00+00:00,44062.98,48142.507642014716
2026-07-03 21:00:00+00:00,2026-07-04 20:00:00+00:00,43556.03,46240.45558056163
2026-07-03 21:00:00+00:00,2026-07-04 21:00:00+00:00,41924.22,43537.9238812549
2026-07-04 21:00:00+00:00,2026-07-04 22:00:00+00:00,40057.07,39709.32952097352
2026-07-04 21:00:00+00:00,2026-07-04 23:00:00+00:00,38811.62,38250.71985223842
2026-07-04 21:00:00+00:00,2026-07-05 00:00:00+00:00,36979.1,37420.660053159874
2026-07-04 21:00:00+00:00,2026-07-05 01:00:00+00:00,36018.25,37103.19951575131
2026-07-04 21:00:00+00:00,2026-07-05 02:00:00+00:00,36199.02,37586.49723180172
2026-07-04 21:00:00+00:00,2026-07-05 03:00:00+00:00,35819.52,38007.453282168426
2026-07-04 21:00:00+00:00,2026-07-05 04:00:00+00:00,36867.31,38788.26297084661
2026-07-04 21:00:00+00:00,2026-07-05 05:00:00+00:00,39641.83,40335.31523387001
2026-07-04 21:00:00+00:00,2026-07-05 06:00:00+00:00,42318.01,42346.57791280202
2026-07-04 21:00:00+00:00,2026-07-05 07:00:00+00:00,43516.84,44630.220249764265
2026-07-04 21:00:00+00:00,2026-07-05 08:00:00+00:00,44333.15,45536.97465097576
2026-07-04 21:00:00+00:00,2026-07-05 09:00:00+00:00,45533.19,45937.362558321896
2026-07-04 21:00:00+00:00,2026-07-05 10:00:00+00:00,44516.02,45227.01400860828
2026-07-04 21:00:00+00:00,2026-07-05 11:00:00+00:00,43853.86,43925.904160821214
2026-07-04 21:00:00+00:00,2026-07-05 12:00:00+00:00,43025.01,43111.22445071667
2026-07-04 21:00:00+00:00,2026-07-05 13:00:00+00:00,41580.14,42732.11868387907
2026-07-04 21:00:00+00:00,2026-07-05 14:00:00+00:00,42782.99,43835.4075126083
2026-07-04 21:00:00+00:00,2026-07-05 15:00:00+00:00,43861.05,46500.00346778057
2026-07-04 21:00:00+00:00,2026-07-05 16:00:00+00:00,45053.24,48866.71360927087
2026-07-04 21:00:00+00:00,2026-07-05 17:00:00+00:00,46003.19,49236.29293784402
2026-07-04 21:00:00+00:00,2026-07-05 18:00:00+00:00,45482.63,48338.80797214659
2026-07-04 21:00:00+00:00,2026-07-05 19:00:00+00:00,45080.69,47397.198352229396
2026-07-04 21:00:00+00:00,2026-07-05 20:00:00+00:00,46136.65,46561.13765138426
2026-07-04 21:00:00+00:00,2026-07-05 21:00:00+00:00,44310.24,44102.56282217638
2026-07-05 21:00:00+00:00,2026-07-05 22:00:00+00:00,43011.99,42373.262190035064
2026-07-05 21:00:00+00:00,2026-07-05 23:00:00+00:00,41852.55,41031.7428615943
2026-07-05 21:00:00+00:00,2026-07-06 00:00:00+00:00,41107.67,40641.35032539644
2026-07-05 21:00:00+00:00,2026-07-06 01:00:00+00:00,40637.36,40976.45087199581
2026-07-05 21:00:00+00:00,2026-07-06 02:00:00+00:00,42562.35,42579.39299789889
2026-07-05 21:00:00+00:00,2026-07-06 03:00:00+00:00,45604.64,47071.68457306454
2026-07-05 21:00:00+00:00,2026-07-06 04:00:00+00:00,51954.94,55041.799502180365
2026-07-05 21:00:00+00:00,2026-07-06 05:00:00+00:00,56378.23,59903.64221153842
2026-07-05 21:00:00+00:00,2026-07-06 06:00:00+00:00,58850.61,62453.03485851733
2026-07-05 21:00:00+00:00,2026-07-06 07:00:00+00:00,61315.69,62222.222773599606
2026-07-05 21:00:00+00:00,2026-07-06 08:00:00+00:00,61711.86,62083.54984042891
2026-07-05 21:00:00+00:00,2026-07-06 09:00:00+00:00,61441.97,62050.717479641055
2026-07-05 21:00:00+00:00,2026-07-06 10:00:00+00:00,59607.45,61453.32021639796
2026-07-05 21:00:00+00:00,2026-07-06 11:00:00+00:00,59244.21,60257.33965042933
2026-07-05 21:00:00+00:00,2026-07-06 12:00:00+00:00,58219.09,59057.48300344958
2026-07-05 21:00:00+00:00,2026-07-06 13:00:00+00:00,57795.08,58256.420673350345
2026-07-05 21:00:00+00:00,2026-07-06 14:00:00+00:00,58005.97,57817.15631130358
2026-07-05 21:00:00+00:00,2026-07-06 15:00:00+00:00,56977.73,58387.226760940284
2026-07-05 21:00:00+00:00,2026-07-06 16:00:00+00:00,57844.15,58754.52445229937
2026-07-05 21:00:00+00:00,2026-07-06 17:00:00+00:00,57922.33,58564.272147805976
2026-07-05 21:00:00+00:00,2026-07-06 18:00:00+00:00,56219.51,56694.94413769758
2026-07-05 21:00:00+00:00,2026-07-06 19:00:00+00:00,52874.58,54433.3193197284
2026-07-05 21:00:00+00:00,2026-07-06 20:00:00+00:00,50858.03,51073.336146532296
2026-07-05 21:00:00+00:00,2026-07-06 21:00:00+00:00,47192.55,47743.43078894829
2026-07-06 21:00:00+00:00,2026-07-06 22:00:00+00:00,44090.02,44378.5838995692
2026-07-06 21:00:00+00:00,2026-07-06 23:00:00+00:00,43295.55,42728.40393581536
2026-07-06 21:00:00+00:00,2026-07-07 00:00:00+00:00,42236.96,41936.88028734407
2026-07-06 21:00:00+00:00,2026-07-07 01:00:00+00:00,42995.05,42065.923202245474
2026-07-06 21:00:00+00:00,2026-07-07 02:00:00+00:00,43460.82,42999.849462115766
2026-07-06 21:00:00+00:00,2026-07-07 03:00:00+00:00,45850.34,45529.79548038981
2026-07-06 21:00:00+00:00,2026-07-07 04:00:00+00:00,50921.04,51700.40725226622
2026-07-06 21:00:00+00:00,2026-07-07 05:00:00+00:00,55435.61,57098.31287348354
2026-07-06 21:00:00+00:00,2026-07-07 06:00:00+00:00,58793.87,59639.88007729112
2026-07-06 21:00:00+00:00,2026-07-07 07:00:00+00:00,60124.88,59960.55730940526
2026-07-06 21:00:00+00:00,2026-07-07 08:00:00+00:00,61513.96,59872.91963644281
2026-07-06 21:00:00+00:00,2026-07-07 09:00:00+00:00,61683.43,59528.76332619326
2026-07-06 21:00:00+00:00,2026-07-07 10:00:00+00:00,62214.69,58745.01762416238
2026-07-06 21:00:00+00:00,2026-07-07 11:00:00+00:00,61337.98,58062.750210974154
2026-07-06 21:00:00+00:00,2026-07-07 12:00:00+00:00,60580.46,57007.198750915384
2026-07-06 21:00:00+00:00,2026-07-07 13:00:00+00:00,60123.77,56764.5097885784
2026-07-06 21:00:00+00:00,2026-07-07 14:00:00+00:00,59150.15,56683.63939814779
2026-07-06 21:00:00+00:00,2026-07-07 15:00:00+00:00,58289.85,57311.62573054999
2026-07-06 21:00:00+00:00,2026-07-07 16:00:00+00:00,58774.57,58259.383456460055
2026-07-06 21:00:00+00:00,2026-07-07 17:00:00+00:00,57600.58,57990.126503356165
2026-07-06 21:00:00+00:00,2026-07-07 18:00:00+00:00,54276.59,56499.83160279591
2026-07-06 21:00:00+00:00,2026-07-07 19:00:00+00:00,52379.65,54232.935777342
2026-07-06 21:00:00+00:00,2026-07-07 20:00:00+00:00,49477.39,51041.046946132024
2026-07-06 21:00:00+00:00,2026-07-07 21:00:00+00:00,46930.13,47660.06231707501
2026-07-07 21:00:00+00:00,2026-07-07 22:00:00+00:00,45912.51,44710.68879924145
2026-07-07 21:00:00+00:00,2026-07-07 23:00:00+00:00,44423.32,43450.98967776186
2026-07-07 21:00:00+00:00,2026-07-08 00:00:00+00:00,43081.35,42773.85596421865
2026-07-07 21:00:00+00:00,2026-07-08 01:00:00+00:00,42792.28,43148.337962700214
2026-07-07 21:00:00+00:00,2026-07-08 02:00:00+00:00,43601.85,44160.77792564206
2026-07-07 21:00:00+00:00,2026-07-08 03:00:00+00:00,46377.5,47267.015340356156
2026-07-07 21:00:00+00:00,2026-07-08 04:00:00+00:00,52218.85,53304.44075786776
2026-07-07 21:00:00+00:00,2026-07-08 05:00:00+00:00,56516.69,57444.429211659335
2026-07-07 21:00:00+00:00,2026-07-08 06:00:00+00:00,59408.93,59515.91661687697
2026-07-07 21:00:00+00:00,2026-07-08 07:00:00+00:00,59772.97,59831.265225018295
2026-07-07 21:00:00+00:00,2026-07-08 08:00:00+00:00,60628.12,59886.008465281855
2026-07-07 21:00:00+00:00,2026-07-08 09:00:00+00:00,60571.67,59517.53018933782
2026-07-07 21:00:00+00:00,2026-07-08 10:00:00+00:00,59574.65,59276.557902431356
2026-07-07 21:00:00+00:00,2026-07-08 11:00:00+00:00,59350.27,58257.46774029246
2026-07-07 21:00:00+00:00,2026-07-08 12:00:00+00:00,58160.13,57357.51520241731
2026-07-07 21:00:00+00:00,2026-07-08 13:00:00+00:00,58152.11,57139.783104091795
2026-07-07 21:00:00+00:00,2026-07-08 14:00:00+00:00,57591.97,57334.26201394356
2026-07-07 21:00:00+00:00,2026-07-08 15:00:00+00:00,57365.19,57761.5010328765
2026-07-07 21:00:00+00:00,2026-07-08 16:00:00+00:00,57877.91,58167.54533157507
2026-07-07 21:00:00+00:00,2026-07-08 17:00:00+00:00,57718.8,57402.25168826477
2026-07-07 21:00:00+00:00,2026-07-08 18:00:00+00:00,55204.72,55560.76577290339
2026-07-07 21:00:00+00:00,2026-07-08 19:00:00+00:00,52887.25,53333.795697562986
2026-07-07 21:00:00+00:00,2026-07-08 20:00:00+00:00,52140.26,50430.143660048765
2026-07-07 21:00:00+00:00,2026-07-08 21:00:00+00:00,49489.05,47223.37202799208
2026-07-08 21:00:00+00:00,2026-07-08 22:00:00+00:00,46842.59,46526.47358131652
2026-07-08 21:00:00+00:00,2026-07-08 23:00:00+00:00,45092.42,44842.25947211544
2026-07-08 21:00:00+00:00,2026-07-09 00:00:00+00:00,44266.54,43965.591688553905
2026-07-08 21:00:00+00:00,2026-07-09 01:00:00+00:00,44804.3,43817.773251523155
2026-07-08 21:00:00+00:00,2026-07-09 02:00:00+00:00,45205.22,45043.92245531769
2026-07-08 21:00:00+00:00,2026-07-09 03:00:00+00:00,47378.78,48675.5807766584
2026-07-08 21:00:00+00:00,2026-07-09 04:00:00+00:00,53360.91,55845.00963234741
2026-07-08 21:00:00+00:00,2026-07-09 05:00:00+00:00,58216.07,59610.30782284733
2026-07-08 21:00:00+00:00,2026-07-09 06:00:00+00:00,61095.71,62314.71923005372
2026-07-08 21:00:00+00:00,2026-07-09 07:00:00+00:00,61079.45,62254.845831841674
2026-07-08 21:00:00+00:00,2026-07-09 08:00:00+00:00,61443.11,62192.9354460613
2026-07-08 21:00:00+00:00,2026-07-09 09:00:00+00:00,61055.91,62128.28973413686
2026-07-08 21:00:00+00:00,2026-07-09 10:00:00+00:00,59562.29,61379.24516311706
2026-07-08 21:00:00+00:00,2026-07-09 11:00:00+00:00,58817.06,60084.811846900266
2026-07-08 21:00:00+00:00,2026-07-09 12:00:00+00:00,56915.86,58884.51292741273
2026-07-08 21:00:00+00:00,2026-07-09 13:00:00+00:00,55173.88,58624.86495792745
2026-07-08 21:00:00+00:00,2026-07-09 14:00:00+00:00,54237.75,58339.36186148145
2026-07-08 21:00:00+00:00,2026-07-09 15:00:00+00:00,55440.35,58409.525919380976
2026-07-08 21:00:00+00:00,2026-07-09 16:00:00+00:00,57044.99,58594.8989539351
2026-07-08 21:00:00+00:00,2026-07-09 17:00:00+00:00,57264.49,58166.44067533439
2026-07-08 21:00:00+00:00,2026-07-09 18:00:00+00:00,56482.58,56343.6245767565
2026-07-08 21:00:00+00:00,2026-07-09 19:00:00+00:00,53907.38,54146.69894582722
2026-07-08 21:00:00+00:00,2026-07-09 20:00:00+00:00,51405.69,51107.77100718866
2026-07-08 21:00:00+00:00,2026-07-09 21:00:00+00:00,48619.5,48031.70866706961
2026-07-09 21:00:00+00:00,2026-07-09 22:00:00+00:00,46481.79,45795.93976659722
2026-07-09 21:00:00+00:00,2026-07-09 23:00:00+00:00,44989.29,44095.200814227144
2026-07-09 21:00:00+00:00,2026-07-10 00:00:00+00:00,44488.3,43106.60988603624
2026-07-09 21:00:00+00:00,2026-07-10 01:00:00+00:00,44298.6,43111.680260217945
2026-07-09 21:00:00+00:00,2026-07-10 02:00:00+00:00,44810.84,43796.995925838135
2026-07-09 21:00:00+00:00,2026-07-10 03:00:00+00:00,46656.07,45833.87928936301
2026-07-09 21:00:00+00:00,2026-07-10 04:00:00+00:00,53170.45,50898.65071868519
2026-07-09 21:00:00+00:00,2026-07-10 05:00:00+00:00,57710.93,55471.64966456256
2026-07-09 21:00:00+00:00,2026-07-10 06:00:00+00:00,60518.91,58735.9310438865
2026-07-09 21:00:00+00:00,2026-07-10 07:00:00+00:00,59111.05,59187.49248102088
2026-07-09 21:00:00+00:00,2026-07-10 08:00:00+00:00,57349.71,59456.34497606148
2026-07-09 21:00:00+00:00,2026-07-10 09:00:00+00:00,55989.72,59246.40219350252
2026-07-09 21:00:00+00:00,2026-07-10 10:00:00+00:00,54749.03,58491.868386313356
2026-07-09 21:00:00+00:00,2026-07-10 11:00:00+00:00,54197.56,57219.70123114708
2026-07-09 21:00:00+00:00,2026-07-10 12:00:00+00:00,52917.75,55852.1242555525
2026-07-09 21:00:00+00:00,2026-07-10 13:00:00+00:00,51724.58,55169.767098805474
2026-07-09 21:00:00+00:00,2026-07-10 14:00:00+00:00,52480.74,54890.125595793485
2026-07-09 21:00:00+00:00,2026-07-10 15:00:00+00:00,53622.27,55272.20337287246
2026-07-09 21:00:00+00:00,2026-07-10 16:00:00+00:00,55611.26,55697.49826198339
2026-07-09 21:00:00+00:00,2026-07-10 17:00:00+00:00,56078.62,55267.93596737824
2026-07-09 21:00:00+00:00,2026-07-10 18:00:00+00:00,54589.38,53001.69340997178
2026-07-09 21:00:00+00:00,2026-07-10 19:00:00+00:00,52075.41,50520.870806385625
2026-07-09 21:00:00+00:00,2026-07-10 20:00:00+00:00,49920.51,48826.58125056778
2026-07-09 21:00:00+00:00,2026-07-10 21:00:00+00:00,47493.95,46313.47672513263
2026-07-10 21:00:00+00:00,2026-07-10 22:00:00+00:00,44616.15,44734.51485715459
2026-07-10 21:00:00+00:00,2026-07-10 23:00:00+00:00,42633.56,42795.62211013006
2026-07-10 21:00:00+00:00,2026-07-11 00:00:00+00:00,41684.12,41675.091403261686
2026-07-10 21:00:00+00:00,2026-07-11 01:00:00+00:00,42014.53,41131.24211868772
2026-07-10 21:00:00+00:00,2026-07-11 02:00:00+00:00,41608.49,41741.14823254874
2026-07-10 21:00:00+00:00,2026-07-11 03:00:00+00:00,42120.97,42516.99255225648
2026-07-10 21:00:00+00:00,2026-07-11 04:00:00+00:00,44497.32,44115.54117652708
2026-07-10 21:00:00+00:00,2026-07-11 05:00:00+00:00,45934.51,46493.58055201405
2026-07-10 21:00:00+00:00,2026-07-11 06:00:00+00:00,46471.18,48727.14076052973
2026-07-10 21:00:00+00:00,2026-07-11 07:00:00+00:00,46897.78,50375.99543945048
2026-07-10 21:00:00+00:00,2026-07-11 08:00:00+00:00,46697.08,51158.079853159456
2026-07-10 21:00:00+00:00,2026-07-11 09:00:00+00:00,46463.52,51389.45031124409
2026-07-10 21:00:00+00:00,2026-07-11 10:00:00+00:00,46945.03,50827.058696457105
2026-07-10 21:00:00+00:00,2026-07-11 11:00:00+00:00,45623.02,49789.993497171534
2026-07-10 21:00:00+00:00,2026-07-11 12:00:00+00:00,44107.31,48528.14310152096
2026-07-10 21:00:00+00:00,2026-07-11 13:00:00+00:00,43984.08,48079.43024901007
2026-07-10 21:00:00+00:00,2026-07-11 14:00:00+00:00,43523.2,48203.488998895
2026-07-10 21:00:00+00:00,2026-07-11 15:00:00+00:00,44726.77,48951.39606612966
2026-07-10 21:00:00+00:00,2026-07-11 16:00:00+00:00,47399.78,50264.27839142064
2026-07-10 21:00:00+00:00,2026-07-11 17:00:00+00:00,47904.96,51177.978301361196
2026-07-10 21:00:00+00:00,2026-07-11 18:00:00+00:00,47890.61,50353.7075432084
2026-07-10 21:00:00+00:00,2026-07-11 19:00:00+00:00,45955.48,49122.07464661959
2026-07-10 21:00:00+00:00,2026-07-11 20:00:00+00:00,45183.76,46920.19979239555
2026-07-10 21:00:00+00:00,2026-07-11 21:00:00+00:00,43036.66,44531.487097987956
2026-07-11 21:00:00+00:00,2026-07-11 22:00:00+00:00,40709.05,40742.580884499555
2026-07-11 21:00:00+00:00,2026-07-11 23:00:00+00:00,38803.65,38783.10086659322
2026-07-11 21:00:00+00:00,2026-07-12 00:00:00+00:00,38055.8,37419.14321524258
2026-07-11 21:00:00+00:00,2026-07-12 01:00:00+00:00,37375.73,36913.36874795539
2026-07-11 21:00:00+00:00,2026-07-12 02:00:00+00:00,37096.9,37118.361196602236
2026-07-11 21:00:00+00:00,2026-07-12 03:00:00+00:00,37133.55,37406.31780885539
2026-07-11 21:00:00+00:00,2026-07-12 04:00:00+00:00,38179.1,38265.353535645736
2026-07-11 21:00:00+00:00,2026-07-12 05:00:00+00:00,39582.06,39780.81276320935
2026-07-11 21:00:00+00:00,2026-07-12 06:00:00+00:00,40936.26,42240.82846362671
2026-07-11 21:00:00+00:00,2026-07-12 07:00:00+00:00,41317.58,44073.442678163745
2026-07-11 21:00:00+00:00,2026-07-12 08:00:00+00:00,42280.97,44586.457507722764
2026-07-11 21:00:00+00:00,2026-07-12 09:00:00+00:00,43404.55,44969.072007054485
2026-07-11 21:00:00+00:00,2026-07-12 10:00:00+00:00,43776.08,44496.16398252235
2026-07-11 21:00:00+00:00,2026-07-12 11:00:00+00:00,42193.84,43296.96456056697
2026-07-11 21:00:00+00:00,2026-07-12 12:00:00+00:00,41082.14,42066.358526196294
2026-07-11 21:00:00+00:00,2026-07-12 13:00:00+00:00,41076.96,41563.884300012396
2026-07-11 21:00:00+00:00,2026-07-12 14:00:00+00:00,41127.6,42378.967720506604
2026-07-11 21:00:00+00:00,2026-07-12 15:00:00+00:00,43270.29,43986.92675261079
2026-07-11 21:00:00+00:00,2026-07-12 16:00:00+00:00,45801.19,45753.17278021062
2026-07-11 21:00:00+00:00,2026-07-12 17:00:00+00:00,48736.47,46842.32330820805
2026-07-11 21:00:00+00:00,2026-07-12 18:00:00+00:00,49795.65,46757.76861188942
2026-07-11 21:00:00+00:00,2026-07-12 19:00:00+00:00,49297.53,46262.6381617683
2026-07-11 21:00:00+00:00,2026-07-12 20:00:00+00:00,49332.97,45420.50742073718
2026-07-11 21:00:00+00:00,2026-07-12 21:00:00+00:00,46726.11,42950.79628350876
2026-07-12 21:00:00+00:00,2026-07-12 22:00:00+00:00,44955.99,44155.99913268734
2026-07-12 21:00:00+00:00,2026-07-12 23:00:00+00:00,43317.41,42616.95966934641
2026-07-12 21:00:00+00:00,2026-07-13 00:00:00+00:00,42222.33,42114.37245184513
2026-07-12 21:00:00+00:00,2026-07-13 01:00:00+00:00,42643.53,42457.010596163964
2026-07-12 21:00:00+00:00,2026-07-13 02:00:00+00:00,43291.89,43919.3380298653
2026-07-12 21:00:00+00:00,2026-07-13 03:00:00+00:00,45942.04,47629.732568682004
2026-07-12 21:00:00+00:00,2026-07-13 04:00:00+00:00,52754.77,54693.456781778834
2026-07-12 21:00:00+00:00,2026-07-13 05:00:00+00:00,57563.92,59055.228351879545
2026-07-12 21:00:00+00:00,2026-07-13 06:00:00+00:00,60759.65,62339.02180459537
2026-07-12 21:00:00+00:00,2026-07-13 07:00:00+00:00,59938.61,62532.96324245771
2026-07-12 21:00:00+00:00,2026-07-13 08:00:00+00:00,58831.1,62408.23275835258
2026-07-12 21:00:00+00:00,2026-07-13 09:00:00+00:00,57976.88,62248.789609992615
2026-07-12 21:00:00+00:00,2026-07-13 10:00:00+00:00,56982.28,61550.376646619174
2026-07-12 21:00:00+00:00,2026-07-13 11:00:00+00:00,56808.66,60564.54556652329
2026-07-12 21:00:00+00:00,2026-07-13 12:00:00+00:00,55979.67,58977.1233341786
2026-07-12 21:00:00+00:00,2026-07-13 13:00:00+00:00,55595.34,58516.08573132044
2026-07-12 21:00:00+00:00,2026-07-13 14:00:00+00:00,56714.83,58351.576326603
2026-07-12 21:00:00+00:00,2026-07-13 15:00:00+00:00,58231.01,58337.96627355852
2026-07-12 21:00:00+00:00,2026-07-13 16:00:00+00:00,60377.03,58404.658490950926
2026-07-12 21:00:00+00:00,2026-07-13 17:00:00+00:00,61278.84,57744.43577066001
2026-07-12 21:00:00+00:00,2026-07-13 18:00:00+00:00,59885.37,56007.752115982315
2026-07-12 21:00:00+00:00,2026-07-13 19:00:00+00:00,57783.62,53868.69584947754
2026-07-12 21:00:00+00:00,2026-07-13 20:00:00+00:00,54960.73,51137.11480152449
2026-07-12 21:00:00+00:00,2026-07-13 21:00:00+00:00,50523.42,48104.97365069458
2026-07-13 21:00:00+00:00,2026-07-13 22:00:00+00:00,47994.29,47752.30917301865
2026-07-13 21:00:00+00:00,2026-07-13 23:00:00+00:00,46841.56,46065.29669145886
2026-07-13 21:00:00+00:00,2026-07-14 00:00:00+00:00,46085.3,44926.1339866323
2026-07-13 21:00:00+00:00,2026-07-14 01:00:00+00:00,46108.68,44884.85107141361
2026-07-13 21:00:00+00:00,2026-07-14 02:00:00+00:00,46741.42,46089.14734028178
2026-07-13 21:00:00+00:00,2026-07-14 03:00:00+00:00,48828.75,48531.76652777219
2026-07-13 21:00:00+00:00,2026-07-14 04:00:00+00:00,55259.55,52885.12457874422
2026-07-13 21:00:00+00:00,2026-07-14 05:00:00+00:00,60462.33,56831.46752897415
2026-07-13 21:00:00+00:00,2026-07-14 06:00:00+00:00,62737.77,59854.87992896043
2026-07-13 21:00:00+00:00,2026-07-14 07:00:00+00:00,61834.7,59562.72919058098
2026-07-13 21:00:00+00:00,2026-07-14 08:00:00+00:00,60706.04,59370.17725779649
2026-07-13 21:00:00+00:00,2026-07-14 09:00:00+00:00,59576.57,58801.19441936873
2026-07-13 21:00:00+00:00,2026-07-14 10:00:00+00:00,57909.93,58192.17348996156
2026-07-13 21:00:00+00:00,2026-07-14 11:00:00+00:00,56711.01,57335.34565952755
2026-07-13 21:00:00+00:00,2026-07-14 12:00:00+00:00,55631.96,56460.67046626649
2026-07-13 21:00:00+00:00,2026-07-14 13:00:00+00:00,55576.26,56136.26065482572
2026-07-13 21:00:00+00:00,2026-07-14 14:00:00+00:00,56313.43,56359.845249383645
2026-07-13 21:00:00+00:00,2026-07-14 15:00:00+00:00,58011.87,57301.12004814949
2026-07-13 21:00:00+00:00,2026-07-14 16:00:00+00:00,59998.36,58343.30816796373
2026-07-13 21:00:00+00:00,2026-07-14 17:00:00+00:00,59787.06,57990.53296939362
2026-07-13 21:00:00+00:00,2026-07-14 18:00:00+00:00,58245.87,56526.80189298521
2026-07-13 21:00:00+00:00,2026-07-14 19:00:00+00:00,55484.23,54560.20659479164
2026-07-13 21:00:00+00:00,2026-07-14 20:00:00+00:00,53860.47,52071.00894789951
2026-07-13 21:00:00+00:00,2026-07-14 21:00:00+00:00,50938.08,49123.19173921777
2026-07-14 21:00:00+00:00,2026-07-14 22:00:00+00:00,48547.4,48303.68198254218
2026-07-14 21:00:00+00:00,2026-07-14 23:00:00+00:00,47101.78,46684.1444166031
2026-07-14 21:00:00+00:00,2026-07-15 00:00:00+00:00,45935.45,45795.99316229081
2026-07-14 21:00:00+00:00,2026-07-15 01:00:00+00:00,46241.1,45971.74909810046
2026-07-14 21:00:00+00:00,2026-07-15 02:00:00+00:00,47373.94,47078.04873162279
2026-07-14 21:00:00+00:00,2026-07-15 03:00:00+00:00,49726.39,49523.05453844005
2026-07-14 21:00:00+00:00,2026-07-15 04:00:00+00:00,55549.54,54507.653448861856
2026-07-14 21:00:00+00:00,2026-07-15 05:00:00+00:00,59455.01,59022.10406047598
2026-07-14 21:00:00+00:00,2026-07-15 06:00:00+00:00,61631.04,61866.910172627424
2026-07-14 21:00:00+00:00,2026-07-15 07:00:00+00:00,61081.69,61538.39206736283
2026-07-14 21:00:00+00:00,2026-07-15 08:00:00+00:00,59285.47,61312.77233273828
2026-07-14 21:00:00+00:00,2026-07-15 09:00:00+00:00,58984.25,60851.319618648384
2026-07-14 21:00:00+00:00,2026-07-15 10:00:00+00:00,58051.46,59957.81153391739
2026-07-14 21:00:00+00:00,2026-07-15 11:00:00+00:00,57639.86,58606.685725287745
2026-07-14 21:00:00+00:00,2026-07-15 12:00:00+00:00,56372.0,57201.39779883263
2026-07-14 21:00:00+00:00,2026-07-15 13:00:00+00:00,56455.78,56780.928552483376
2026-07-14 21:00:00+00:00,2026-07-15 14:00:00+00:00,57526.73,56655.81386010427
2026-07-14 21:00:00+00:00,2026-07-15 15:00:00+00:00,58857.52,57461.63867552199
2026-07-14 21:00:00+00:00,2026-07-15 16:00:00+00:00,60446.66,58251.00174433966
2026-07-14 21:00:00+00:00,2026-07-15 17:00:00+00:00,60559.86,58358.59972700699
2026-07-14 21:00:00+00:00,2026-07-15 18:00:00+00:00,58798.54,56786.54396855429
2026-07-14 21:00:00+00:00,2026-07-15 19:00:00+00:00,56980.7,54468.38644826371
2026-07-14 21:00:00+00:00,2026-07-15 20:00:00+00:00,55028.4,52044.02663765099
2026-07-14 21:00:00+00:00,2026-07-15 21:00:00+00:00,51376.06,49157.463426145696
2026-07-15 21:00:00+00:00,2026-07-15 22:00:00+00:00,49523.35,48837.86992787403
2026-07-15 21:00:00+00:00,2026-07-15 23:00:00+00:00,48558.65,47331.772395049826
2026-07-15 21:00:00+00:00,2026-07-16 00:00:00+00:00,47228.34,46553.07456895129
2026-07-15 21:00:00+00:00,2026-07-16 01:00:00+00:00,47490.28,46801.471927266255
2026-07-15 21:00:00+00:00,2026-07-16 02:00:00+00:00,48531.71,47677.16448348415
2026-07-15 21:00:00+00:00,2026-07-16 03:00:00+00:00,50444.43,50000.71863461972
2026-07-15 21:00:00+00:00,2026-07-16 04:00:00+00:00,55917.63,55691.115668097205
2026-07-15 21:00:00+00:00,2026-07-16 05:00:00+00:00,60466.93,59185.80623610001
2026-07-15 21:00:00+00:00,2026-07-16 06:00:00+00:00,62673.49,61555.74800632758
2026-07-15 21:00:00+00:00,2026-07-16 07:00:00+00:00,62209.09,61148.75494835211
2026-07-15 21:00:00+00:00,2026-07-16 08:00:00+00:00,60879.58,60532.494452468694
2026-07-15 21:00:00+00:00,2026-07-16 09:00:00+00:00,60013.64,59817.62951192951
2026-07-15 21:00:00+00:00,2026-07-16 10:00:00+00:00,58318.9,58567.34649949727
2026-07-15 21:00:00+00:00,2026-07-16 11:00:00+00:00,58374.23,57460.92958852047
2026-07-15 21:00:00+00:00,2026-07-16 12:00:00+00:00,57599.25,56375.129451037064
2026-07-15 21:00:00+00:00,2026-07-16 13:00:00+00:00,57922.63,55983.212428451676
2026-07-15 21:00:00+00:00,2026-07-16 14:00:00+00:00,58457.23,55934.06145407336
2026-07-15 21:00:00+00:00,2026-07-16 15:00:00+00:00,59410.26,56874.428021325824
2026-07-15 21:00:00+00:00,2026-07-16 16:00:00+00:00,60329.98,58442.13806644103
2026-07-15 21:00:00+00:00,2026-07-16 17:00:00+00:00,59907.79,58487.54741296934
2026-07-15 21:00:00+00:00,2026-07-16 18:00:00+00:00,57741.88,57111.88589194183
2026-07-15 21:00:00+00:00,2026-07-16 19:00:00+00:00,55654.99,54905.58771786909
2026-07-15 21:00:00+00:00,2026-07-16 20:00:00+00:00,53024.77,52047.185183624184
2026-07-15 21:00:00+00:00,2026-07-16 21:00:00+00:00,49902.54,49169.908915869346
2026-07-16 21:00:00+00:00,2026-07-16 22:00:00+00:00,47992.12,47248.046045512856
2026-07-16 21:00:00+00:00,2026-07-16 23:00:00+00:00,46726.38,45646.074457344905
2026-07-16 21:00:00+00:00,2026-07-17 00:00:00+00:00,46534.47,44727.153326989835
2026-07-16 21:00:00+00:00,2026-07-17 01:00:00+00:00,46304.02,45074.898613042235
2026-07-16 21:00:00+00:00,2026-07-17 02:00:00+00:00,47742.68,46294.91380727432
2026-07-16 21:00:00+00:00,2026-07-17 03:00:00+00:00,49099.4,48799.39738837835
2026-07-16 21:00:00+00:00,2026-07-17 04:00:00+00:00,54397.04,54890.35790165527
2026-07-16 21:00:00+00:00,2026-07-17 05:00:00+00:00,58653.37,59027.71930559406
2026-07-16 21:00:00+00:00,2026-07-17 06:00:00+00:00,61715.97,61458.26742101257
2026-07-16 21:00:00+00:00,2026-07-17 07:00:00+00:00,62284.82,60981.1147365762
2026-07-16 21:00:00+00:00,2026-07-17 08:00:00+00:00,62272.51,60200.75722469379
2026-07-16 21:00:00+00:00,2026-07-17 09:00:00+00:00,61583.49,59465.21304938591
2026-07-16 21:00:00+00:00,2026-07-17 10:00:00+00:00,59872.81,58416.410777271645
2026-07-16 21:00:00+00:00,2026-07-17 11:00:00+00:00,58425.79,57030.5686880486
2026-07-16 21:00:00+00:00,2026-07-17 12:00:00+00:00,57000.54,55971.16575455265
2026-07-16 21:00:00+00:00,2026-07-17 13:00:00+00:00,56835.14,55475.903126119585
2026-07-16 21:00:00+00:00,2026-07-17 14:00:00+00:00,57304.54,55807.09027304251
2026-07-16 21:00:00+00:00,2026-07-17 15:00:00+00:00,57758.89,56928.35485437858
2026-07-16 21:00:00+00:00,2026-07-17 16:00:00+00:00,58346.38,57743.50198047626
2026-07-16 21:00:00+00:00,2026-07-17 17:00:00+00:00,56923.03,57649.875626769404
2026-07-16 21:00:00+00:00,2026-07-17 18:00:00+00:00,54581.64,55831.967621637596
2026-07-16 21:00:00+00:00,2026-07-17 19:00:00+00:00,52668.82,53400.660082767776
2026-07-16 21:00:00+00:00,2026-07-17 20:00:00+00:00,50850.48,50929.63598872787
2026-07-16 21:00:00+00:00,2026-07-17 21:00:00+00:00,48306.21,47818.850887430475
2026-07-17 21:00:00+00:00,2026-07-17 22:00:00+00:00,45561.5,45497.291979735564
2026-07-17 21:00:00+00:00,2026-07-17 23:00:00+00:00,43822.93,43540.936211579436
2026-07-17 21:00:00+00:00,2026-07-18 00:00:00+00:00,43027.93,42237.83222392956
2026-07-17 21:00:00+00:00,2026-07-18 01:00:00+00:00,42188.36,41772.06429657597
2026-07-17 21:00:00+00:00,2026-07-18 02:00:00+00:00,41916.2,42224.85551331398
2026-07-17 21:00:00+00:00,2026-07-18 03:00:00+00:00,41924.31,42943.49747703213
2026-07-17 21:00:00+00:00,2026-07-18 04:00:00+00:00,42777.85,44597.31940423765
2026-07-17 21:00:00+00:00,2026-07-18 05:00:00+00:00,44927.36,46661.1531726827
2026-07-17 21:00:00+00:00,2026-07-18 06:00:00+00:00,47662.51,48396.65746155576
2026-07-17 21:00:00+00:00,2026-07-18 07:00:00+00:00,49853.09,49492.29999595007
2026-07-17 21:00:00+00:00,2026-07-18 08:00:00+00:00,50574.95,49761.30739888185
2026-07-17 21:00:00+00:00,2026-07-18 09:00:00+00:00,50236.63,49603.69104030818
2026-07-17 21:00:00+00:00,2026-07-18 10:00:00+00:00,49074.06,48341.068705756945
2026-07-17 21:00:00+00:00,2026-07-18 11:00:00+00:00,47637.24,46712.88929442989
2026-07-17 21:00:00+00:00,2026-07-18 12:00:00+00:00,46334.47,45083.59903438323
2026-07-17 21:00:00+00:00,2026-07-18 13:00:00+00:00,45531.53,44638.32727705008
2026-07-17 21:00:00+00:00,2026-07-18 14:00:00+00:00,45999.14,45006.02337155633
2026-07-17 21:00:00+00:00,2026-07-18 15:00:00+00:00,46734.88,46586.68666705157
2026-07-17 21:00:00+00:00,2026-07-18 16:00:00+00:00,47149.97,47714.104976588584
2026-07-17 21:00:00+00:00,2026-07-18 17:00:00+00:00,47099.75,47672.238174392594
2026-07-17 21:00:00+00:00,2026-07-18 18:00:00+00:00,46021.25,46710.09066957183
2026-07-17 21:00:00+00:00,2026-07-18 19:00:00+00:00,44283.23,45689.98542914746
2026-07-17 21:00:00+00:00,2026-07-18 20:00:00+00:00,43610.78,44422.995423979235
2026-07-17 21:00:00+00:00,2026-07-18 21:00:00+00:00,42215.94,42168.743915288185
2026-07-18 21:00:00+00:00,2026-07-18 22:00:00+00:00,40612.29,40139.31229908923
2026-07-18 21:00:00+00:00,2026-07-18 23:00:00+00:00,38648.12,38458.297405368874
2026-07-18 21:00:00+00:00,2026-07-19 00:00:00+00:00,37615.04,37489.81615915774
2026-07-18 21:00:00+00:00,2026-07-19 01:00:00+00:00,37448.88,37260.907181833616
2026-07-18 21:00:00+00:00,2026-07-19 02:00:00+00:00,37486.21,37408.991805927304
2026-07-18 21:00:00+00:00,2026-07-19 03:00:00+00:00,37576.26,37536.263682882825
2026-07-18 21:00:00+00:00,2026-07-19 04:00:00+00:00,39208.39,38467.50275951451
2026-07-18 21:00:00+00:00,2026-07-19 05:00:00+00:00,40135.85,39690.65442670919
2026-07-18 21:00:00+00:00,2026-07-19 06:00:00+00:00,41979.37,41841.440730736686
2026-07-18 21:00:00+00:00,2026-07-19 07:00:00+00:00,44171.36,43473.81129845786
2026-07-18 21:00:00+00:00,2026-07-19 08:00:00+00:00,45726.27,43987.054677972505
2026-07-18 21:00:00+00:00,2026-07-19 09:00:00+00:00,46861.29,44364.12072897794
2026-07-18 21:00:00+00:00,2026-07-19 10:00:00+00:00,45962.68,43806.39678458578
2026-07-18 21:00:00+00:00,2026-07-19 11:00:00+00:00,44159.77,42686.91554264154
2026-07-18 21:00:00+00:00,2026-07-19 12:00:00+00:00,41812.98,41965.87546059255
2026-07-18 21:00:00+00:00,2026-07-19 13:00:00+00:00,41391.01,41460.635116257225
2026-07-18 21:00:00+00:00,2026-07-19 14:00:00+00:00,41779.88,42482.87358139755
2026-07-18 21:00:00+00:00,2026-07-19 15:00:00+00:00,42709.25,44523.061229589424
2026-07-18 21:00:00+00:00,2026-07-19 16:00:00+00:00,44544.59,46555.15056529684
2026-07-18 21:00:00+00:00,2026-07-19 17:00:00+00:00,44192.62,47566.13474659883
2026-07-18 21:00:00+00:00,2026-07-19 18:00:00+00:00,44290.6,47564.95419200627
2026-07-18 21:00:00+00:00,2026-07-19 19:00:00+00:00,43766.65,46851.795385380115
2026-07-18 21:00:00+00:00,2026-07-19 20:00:00+00:00,44487.83,46026.66921550685
2026-07-18 21:00:00+00:00,2026-07-19 21:00:00+00:00,41908.86,43647.72612478755
2026-07-19 21:00:00+00:00,2026-07-19 22:00:00+00:00,40901.11,40298.888985416255
2026-07-19 21:00:00+00:00,2026-07-19 23:00:00+00:00,39892.65,39114.36632653056
2026-07-19 21:00:00+00:00,2026-07-20 00:00:00+00:00,38717.95,38695.60727503868
2026-07-19 21:00:00+00:00,2026-07-20 01:00:00+00:00,39199.97,38692.79828307008
2026-07-19 21:00:00+00:00,2026-07-20 02:00:00+00:00,40310.86,39694.02403835383
2026-07-19 21:00:00+00:00,2026-07-20 03:00:00+00:00,43057.52,42234.69681477039
2026-07-19 21:00:00+00:00,2026-07-20 04:00:00+00:00,49029.68,46472.69902441611
2026-07-19 21:00:00+00:00,2026-07-20 05:00:00+00:00,54071.44,51103.33076615118
2026-07-19 21:00:00+00:00,2026-07-20 06:00:00+00:00,57943.75,55254.20394709202
2026-07-19 21:00:00+00:00,2026-07-20 07:00:00+00:00,59420.58,57118.175965837865
2026-07-19 21:00:00+00:00,2026-07-20 08:00:00+00:00,59003.01,57499.62129535754
2026-07-19 21:00:00+00:00,2026-07-20 09:00:00+00:00,58992.58,57371.75414878568
2026-07-19 21:00:00+00:00,2026-07-20 10:00:00+00:00,57261.28,56654.34365321944
2026-07-19 21:00:00+00:00,2026-07-20 11:00:00+00:00,57211.05,55637.48105904024
2026-07-19 21:00:00+00:00,2026-07-20 12:00:00+00:00,55936.49,54643.86988451172
2026-07-19 21:00:00+00:00,2026-07-20 13:00:00+00:00,55075.72,54657.834239641124
2026-07-19 21:00:00+00:00,2026-07-20 14:00:00+00:00,54036.39,55185.27969837962
2026-07-19 21:00:00+00:00,2026-07-20 15:00:00+00:00,53784.96,56041.69345402942
2026-07-19 21:00:00+00:00,2026-07-20 16:00:00+00:00,54383.42,56855.85558265906
2026-07-19 21:00:00+00:00,2026-07-20 17:00:00+00:00,55355.38,57121.631355354635
2026-07-19 21:00:00+00:00,2026-07-20 18:00:00+00:00,54198.24,55744.819648934325
2026-07-19 21:00:00+00:00,2026-07-20 19:00:00+00:00,52239.59,54183.9682141686
2026-07-19 21:00:00+00:00,2026-07-20 20:00:00+00:00,50367.0,52178.76768067612
2026-07-19 21:00:00+00:00,2026-07-20 21:00:00+00:00,47623.7,48849.933885108534
2026-07-20 21:00:00+00:00,2026-07-20 22:00:00+00:00,45118.72,45154.818099005824
2026-07-20 21:00:00+00:00,2026-07-20 23:00:00+00:00,43715.69,43697.384427595665
2026-07-20 21:00:00+00:00,2026-07-21 00:00:00+00:00,42900.33,42999.91884308207
2026-07-20 21:00:00+00:00,2026-07-21 01:00:00+00:00,42981.1,43241.0552368074
2026-07-20 21:00:00+00:00,2026-07-21 02:00:00+00:00,44067.09,44194.6810112433
2026-07-20 21:00:00+00:00,2026-07-21 03:00:00+00:00,46690.46,47478.749260210614
2026-07-20 21:00:00+00:00,2026-07-21 04:00:00+00:00,52521.98,53304.561680300205
2026-07-20 21:00:00+00:00,2026-07-21 05:00:00+00:00,57262.84,57397.61761189648
2026-07-20 21:00:00+00:00,2026-07-21 06:00:00+00:00,58516.3,59271.81740542386
2026-07-20 21:00:00+00:00,2026-07-21 07:00:00+00:00,57498.92,59187.92361610946
2026-07-20 21:00:00+00:00,2026-07-21 08:00:00+00:00,56512.14,59040.34730536372
2026-07-20 21:00:00+00:00,2026-07-21 09:00:00+00:00,55983.09,58751.26119804722
2026-07-20 21:00:00+00:00,2026-07-21 10:00:00+00:00,54578.66,57867.73170225181
2026-07-20 21:00:00+00:00,2026-07-21 11:00:00+00:00,53651.18,57003.30213114371
2026-07-20 21:00:00+00:00,2026-07-21 12:00:00+00:00,52372.79,56119.453042189445
2026-07-20 21:00:00+00:00,2026-07-21 13:00:00+00:00,52213.13,55815.52605978057
2026-07-20 21:00:00+00:00,2026-07-21 14:00:00+00:00,52784.51,56086.692909688645
2026-07-20 21:00:00+00:00,2026-07-21 15:00:00+00:00,53854.62,57152.40131408691
2026-07-20 21:00:00+00:00,2026-07-21 16:00:00+00:00,55005.65,58037.25243470523
2026-07-20 21:00:00+00:00,2026-07-21 17:00:00+00:00,55189.0,57993.43073731595
2026-07-20 21:00:00+00:00,2026-07-21 18:00:00+00:00,53773.88,56638.90488614416
2026-07-20 21:00:00+00:00,2026-07-21 19:00:00+00:00,52071.28,54392.25849898709
2026-07-20 21:00:00+00:00,2026-07-21 20:00:00+00:00,49396.39,51589.16116998708
2026-07-20 21:00:00+00:00,2026-07-21 21:00:00+00:00,46855.91,48394.546674325575
2026-07-21 21:00:00+00:00,2026-07-21 22:00:00+00:00,45246.77,44374.73031086991
2026-07-21 21:00:00+00:00,2026-07-21 23:00:00+00:00,43978.22,43093.99873140001
2026-07-21 21:00:00+00:00,2026-07-22 00:00:00+00:00,43617.03,42579.962625642605
2026-07-21 21:00:00+00:00,2026-07-22 01:00:00+00:00,43552.04,42869.77509581925
2026-07-21 21:00:00+00:00,2026-07-22 02:00:00+00:00,44262.64,44257.796255912166
2026-07-21 21:00:00+00:00,2026-07-22 03:00:00+00:00,46731.45,47596.90753981625
2026-07-21 21:00:00+00:00,2026-07-22 04:00:00+00:00,52324.63,53566.133010134196
2026-07-21 21:00:00+00:00,2026-07-22 05:00:00+00:00,56651.66,57890.55201724981
2026-07-21 21:00:00+00:00,2026-07-22 06:00:00+00:00,59882.09,60073.41937792105
2026-07-21 21:00:00+00:00,2026-07-22 07:00:00+00:00,59447.98,59743.84612512228
2026-07-21 21:00:00+00:00,2026-07-22 08:00:00+00:00,60132.37,59196.98591799031
2026-07-21 21:00:00+00:00,2026-07-22 09:00:00+00:00,60256.97,58655.09256357728
2026-07-21 21:00:00+00:00,2026-07-22 10:00:00+00:00,60237.66,57794.77649258518
2026-07-21 21:00:00+00:00,2026-07-22 11:00:00+00:00,58913.59,56760.56797222695
2026-07-21 21:00:00+00:00,2026-07-22 12:00:00+00:00,57166.61,55486.968270891644
2026-07-21 21:00:00+00:00,2026-07-22 13:00:00+00:00,54898.73,54831.32527221804
2026-07-21 21:00:00+00:00,2026-07-22 14:00:00+00:00,54620.25,55026.097522551296
2026-07-21 21:00:00+00:00,2026-07-22 15:00:00+00:00,55614.71,55726.625116926014
2026-07-21 21:00:00+00:00,2026-07-22 16:00:00+00:00,56229.59,56718.57951720791
2026-07-21 21:00:00+00:00,2026-07-22 17:00:00+00:00,56151.9,56783.468773208675
2026-07-21 21:00:00+00:00,2026-07-22 18:00:00+00:00,54460.78,55219.416798247665
2026-07-21 21:00:00+00:00,2026-07-22 19:00:00+00:00,52934.51,53567.45794919718
2026-07-21 21:00:00+00:00,2026-07-22 20:00:00+00:00,50946.92,51627.57726265237
2026-07-21 21:00:00+00:00,2026-07-22 21:00:00+00:00,47850.57,48487.84029631084
2026-07-22 21:00:00+00:00,2026-07-22 22:00:00+00:00,46077.49,45697.6272476298
2026-07-22 21:00:00+00:00,2026-07-22 23:00:00+00:00,44484.75,44325.2821455059
2026-07-22 21:00:00+00:00,2026-07-23 00:00:00+00:00,43024.22,43477.15744310263
2026-07-22 21:00:00+00:00,2026-07-23 01:00:00+00:00,42527.71,43842.2169057339
2026-07-22 21:00:00+00:00,2026-07-23 02:00:00+00:00,43223.45,45008.50719201692
2026-07-22 21:00:00+00:00,2026-07-23 03:00:00+00:00,46372.34,49263.158369901925
2026-07-22 21:00:00+00:00,2026-07-23 04:00:00+00:00,51635.05,56361.082288312195
2026-07-22 21:00:00+00:00,2026-07-23 05:00:00+00:00,56405.61,59434.2580918103
2026-07-22 21:00:00+00:00,2026-07-23 06:00:00+00:00,58834.6,61458.92034375152
2026-07-22 21:00:00+00:00,2026-07-23 07:00:00+00:00,60075.21,60991.69671759637
2026-07-22 21:00:00+00:00,2026-07-23 08:00:00+00:00,60663.21,60152.64683955267
2026-07-22 21:00:00+00:00,2026-07-23 09:00:00+00:00,60084.27,59600.109207541806
2026-07-22 21:00:00+00:00,2026-07-23 10:00:00+00:00,58426.14,58498.507942334545
2026-07-22 21:00:00+00:00,2026-07-23 11:00:00+00:00,56107.66,57304.93317190306
2026-07-22 21:00:00+00:00,2026-07-23 12:00:00+00:00,54623.81,56341.6673255259
2026-07-22 21:00:00+00:00,2026-07-23 13:00:00+00:00,52782.57,55742.8988153837
2026-07-22 21:00:00+00:00,2026-07-23 14:00:00+00:00,52163.76,55968.62592539298
2026-07-22 21:00:00+00:00,2026-07-23 15:00:00+00:00,52473.16,56486.86868009882
2026-07-22 21:00:00+00:00,2026-07-23 16:00:00+00:00,55290.65,57486.776637051604
2026-07-22 21:00:00+00:00,2026-07-23 17:00:00+00:00,56732.41,57410.234671931634
2026-07-22 21:00:00+00:00,2026-07-23 18:00:00+00:00,55084.41,55830.42283593539
2026-07-22 21:00:00+00:00,2026-07-23 19:00:00+00:00,53551.88,53915.703410099806
2026-07-22 21:00:00+00:00,2026-07-23 20:00:00+00:00,51300.09,51472.47071126944
2026-07-22 21:00:00+00:00,2026-07-23 21:00:00+00:00,48436.81,47830.82149071341
2026-07-23 21:00:00+00:00,2026-07-23 22:00:00+00:00,46360.45,45894.05372388806
2026-07-23 21:00:00+00:00,2026-07-23 23:00:00+00:00,44725.66,44327.07545412801
2026-07-23 21:00:00+00:00,2026-07-24 00:00:00+00:00,44098.49,43349.52887862163
2026-07-23 21:00:00+00:00,2026-07-24 01:00:00+00:00,44277.47,43381.96611672576
2026-07-23 21:00:00+00:00,2026-07-24 02:00:00+00:00,45297.79,44409.06865105197
2026-07-23 21:00:00+00:00,2026-07-24 03:00:00+00:00,47644.94,47668.31200441692
2026-07-23 21:00:00+00:00,2026-07-24 04:00:00+00:00,52804.89,53292.417178925454
2026-07-23 21:00:00+00:00,2026-07-24 05:00:00+00:00,57525.61,57743.01560227622
2026-07-23 21:00:00+00:00,2026-07-24 06:00:00+00:00,60145.23,59821.866993223295
2026-07-23 21:00:00+00:00,2026-07-24 07:00:00+00:00,58896.55,59626.815473349176
2026-07-23 21:00:00+00:00,2026-07-24 08:00:00+00:00,57845.29,59331.545287230016
2026-07-23 21:00:00+00:00,2026-07-24 09:00:00+00:00,56799.46,58771.528466944015
2026-07-23 21:00:00+00:00,2026-07-24 10:00:00+00:00,55973.55,57736.038932943884
2026-07-23 21:00:00+00:00,2026-07-24 11:00:00+00:00,54043.34,56465.04518723205
2026-07-23 21:00:00+00:00,2026-07-24 12:00:00+00:00,52012.42,55082.176234434475
2026-07-23 21:00:00+00:00,2026-07-24 13:00:00+00:00,51165.07,54174.24370345347
2026-07-23 21:00:00+00:00,2026-07-24 14:00:00+00:00,51247.4,54230.07352842528
2026-07-23 21:00:00+00:00,2026-07-24 15:00:00+00:00,52432.44,54570.43042873555
2026-07-23 21:00:00+00:00,2026-07-24 16:00:00+00:00,54406.47,55502.62040225352
2026-07-23 21:00:00+00:00,2026-07-24 17:00:00+00:00,55330.06,55227.83780197868
2026-07-23 21:00:00+00:00,2026-07-24 18:00:00+00:00,53433.63,53688.95387062482
2026-07-23 21:00:00+00:00,2026-07-24 19:00:00+00:00,51478.32,51037.068434278546
2026-07-23 21:00:00+00:00,2026-07-24 20:00:00+00:00,49215.5,49337.83332745429
2026-07-23 21:00:00+00:00,2026-07-24 21:00:00+00:00,46302.48,46211.94096305871
2026-07-24 21:00:00+00:00,2026-07-24 22:00:00+00:00,44538.19,43504.19128896884
2026-07-24 21:00:00+00:00,2026-07-24 23:00:00+00:00,42813.12,41852.3897945086
2026-07-24 21:00:00+00:00,2026-07-25 00:00:00+00:00,41881.56,40710.62805086059
2026-07-24 21:00:00+00:00,2026-07-25 01:00:00+00:00,41577.58,40171.495797430696
2026-07-24 21:00:00+00:00,2026-07-25 02:00:00+00:00,40993.27,40388.66544671979
2026-07-24 21:00:00+00:00,2026-07-25 03:00:00+00:00,41201.12,41046.240088050516
2026-07-24 21:00:00+00:00,2026-07-25 04:00:00+00:00,42513.01,42921.270400707945
2026-07-24 21:00:00+00:00,2026-07-25 05:00:00+00:00,44720.92,45080.9744287551
2026-07-24 21:00:00+00:00,2026-07-25 06:00:00+00:00,46193.02,47822.00846087359
2026-07-24 21:00:00+00:00,2026-07-25 07:00:00+00:00,46892.01,49216.3277846477
2026-07-24 21:00:00+00:00,2026-07-25 08:00:00+00:00,47639.03,49469.17842318426
2026-07-24 21:00:00+00:00,2026-07-25 09:00:00+00:00,47365.89,49762.51161023252
2026-07-24 21:00:00+00:00,2026-07-25 10:00:00+00:00,46197.88,48970.591205558805
2026-07-24 21:00:00+00:00,2026-07-25 11:00:00+00:00,45508.37,47924.3005101716
2026-07-24 21:00:00+00:00,2026-07-25 12:00:00+00:00,44586.86,46668.48664436917
2026-07-24 21:00:00+00:00,2026-07-25 13:00:00+00:00,44290.21,45923.99775732994
2026-07-24 21:00:00+00:00,2026-07-25 14:00:00+00:00,44573.94,46095.850741516006
2026-07-24 21:00:00+00:00,2026-07-25 15:00:00+00:00,45176.75,46908.271146544655
2026-07-24 21:00:00+00:00,2026-07-25 16:00:00+00:00,47110.99,47921.2031561509
2026-07-24 21:00:00+00:00,2026-07-25 17:00:00+00:00,48186.95,48436.92137929732
2026-07-24 21:00:00+00:00,2026-07-25 18:00:00+00:00,47551.2,48121.2228733221
2026-07-24 21:00:00+00:00,2026-07-25 19:00:00+00:00,45064.23,46951.96807269684
2026-07-24 21:00:00+00:00,2026-07-25 20:00:00+00:00,44077.37,45596.40722770302
2026-07-24 21:00:00+00:00,2026-07-25 21:00:00+00:00,42368.53,42652.83051500242
2026-07-25 21:00:00+00:00,2026-07-25 22:00:00+00:00,40769.74,40376.97359770591
2026-07-25 21:00:00+00:00,2026-07-25 23:00:00+00:00,39101.15,38378.61799550087
2026-07-25 21:00:00+00:00,2026-07-26 00:00:00+00:00,38343.42,37243.88512842117
2026-07-25 21:00:00+00:00,2026-07-26 01:00:00+00:00,37894.94,36710.30019773916
2026-07-25 21:00:00+00:00,2026-07-26 02:00:00+00:00,37442.7,35678.01965545507
2026-07-25 21:00:00+00:00,2026-07-26 03:00:00+00:00,37331.88,36050.85950104726
2026-07-25 21:00:00+00:00,2026-07-26 04:00:00+00:00,38437.87,36836.85125636811
2026-07-25 21:00:00+00:00,2026-07-26 05:00:00+00:00,39743.72,37592.09194011108
2026-07-25 21:00:00+00:00,2026-07-26 06:00:00+00:00,42618.4,39875.3842948279
2026-07-25 21:00:00+00:00,2026-07-26 07:00:00+00:00,43136.13,41607.620787928936
2026-07-25 21:00:00+00:00,2026-07-26 08:00:00+00:00,44019.01,42644.31593917907
2026-07-25 21:00:00+00:00,2026-07-26 09:00:00+00:00,45900.3,43731.20649166527
2026-07-25 21:00:00+00:00,2026-07-26 10:00:00+00:00,46482.59,43201.212568607865
2026-07-25 21:00:00+00:00,2026-07-26 11:00:00+00:00,45207.46,42233.05484662346
2026-07-25 21:00:00+00:00,2026-07-26 12:00:00+00:00,45592.22,41605.54283340491
2026-07-25 21:00:00+00:00,2026-07-26 13:00:00+00:00,44785.72,41070.210541940134
2026-07-25 21:00:00+00:00,2026-07-26 14:00:00+00:00,44340.92,41862.889538520234
2026-07-25 21:00:00+00:00,2026-07-26 15:00:00+00:00,46636.3,43200.967217085745
2026-07-25 21:00:00+00:00,2026-07-26 16:00:00+00:00,47497.46,45077.91721301539
2026-07-25 21:00:00+00:00,2026-07-26 17:00:00+00:00,47228.27,46170.014591859
2026-07-25 21:00:00+00:00,2026-07-26 18:00:00+00:00,46186.12,46060.20994724194
2026-07-25 21:00:00+00:00,2026-07-26 19:00:00+00:00,45306.28,45549.130630558044
2026-07-25 21:00:00+00:00,2026-07-26 20:00:00+00:00,43957.2,44611.47405349913
2026-07-25 21:00:00+00:00,2026-07-26 21:00:00+00:00,42379.08,41896.4565472718
2026-07-26 21:00:00+00:00,2026-07-26 22:00:00+00:00,40785.15,40788.11751736669
2026-07-26 21:00:00+00:00,2026-07-26 23:00:00+00:00,39083.13,39281.43380803557
2026-07-26 21:00:00+00:00,2026-07-27 00:00:00+00:00,38231.05,38558.05521517706
2026-07-26 21:00:00+00:00,2026-07-27 01:00:00+00:00,38440.98,38669.274393275424
2026-07-26 21:00:00+00:00,2026-07-27 02:00:00+00:00,38934.94,39199.09067538872
2026-07-26 21:00:00+00:00,2026-07-27 03:00:00+00:00,42859.13,41489.455156408054
2026-07-26 21:00:00+00:00,2026-07-27 04:00:00+00:00,48731.7,47079.15106818207
2026-07-26 21:00:00+00:00,2026-07-27 05:00:00+00:00,52900.16,52785.56721368139
2026-07-26 21:00:00+00:00,2026-07-27 06:00:00+00:00,56532.51,56848.75556730188
2026-07-26 21:00:00+00:00,2026-07-27 07:00:00+00:00,58499.79,57660.04339160177
2026-07-26 21:00:00+00:00,2026-07-27 08:00:00+00:00,59011.29,57956.19299835418
2026-07-26 21:00:00+00:00,2026-07-27 09:00:00+00:00,58662.86,57959.784081483886
2026-07-26 21:00:00+00:00,2026-07-27 10:00:00+00:00,57963.47,57397.599074353726
2026-07-26 21:00:00+00:00,2026-07-27 11:00:00+00:00,56983.68,56754.17691112806
2026-07-26 21:00:00+00:00,2026-07-27 12:00:00+00:00,56514.67,55733.86443034756
2026-07-26 21:00:00+00:00,2026-07-27 13:00:00+00:00,55302.39,55602.75724210547
2026-07-26 21:00:00+00:00,2026-07-27 14:00:00+00:00,54986.38,55877.888171857965
2026-07-26 21:00:00+00:00,2026-07-27 15:00:00+00:00,54433.48,56419.01446135722
2026-07-26 21:00:00+00:00,2026-07-27 16:00:00+00:00,55316.87,57207.48211464153
2026-07-26 21:00:00+00:00,2026-07-27 17:00:00+00:00,55615.86,57325.413269875804
2026-07-26 21:00:00+00:00,2026-07-27 18:00:00+00:00,54204.66,56111.806596895374
2026-07-26 21:00:00+00:00,2026-07-27 19:00:00+00:00,52773.22,53981.03378054775
2026-07-26 21:00:00+00:00,2026-07-27 20:00:00+00:00,50334.11,51217.45292845105
2026-07-26 21:00:00+00:00,2026-07-27 21:00:00+00:00,47544.73,47841.3415791348
2026-07-27 21:00:00+00:00,2026-07-27 22:00:00+00:00,45560.25,44931.51034007559
2026-07-27 21:00:00+00:00,2026-07-27 23:00:00+00:00,44432.34,43379.54718844729
2026-07-27 21:00:00+00:00,2026-07-28 00:00:00+00:00,43631.03,42639.38139407479
2026-07-27 21:00:00+00:00,2026-07-28 01:00:00+00:00,43513.73,42742.47422224164
2026-07-27 21:00:00+00:00,2026-07-28 02:00:00+00:00,44192.9,44221.443404507176
2026-07-27 21:00:00+00:00,2026-07-28 03:00:00+00:00,46998.94,46674.45163003584
2026-07-27 21:00:00+00:00,2026-07-28 04:00:00+00:00,51546.08,53068.81118672635
2026-07-27 21:00:00+00:00,2026-07-28 05:00:00+00:00,56878.19,57713.83328997772
2026-07-27 21:00:00+00:00,2026-07-28 06:00:00+00:00,59061.64,60011.977600642334
2026-07-27 21:00:00+00:00,2026-07-28 07:00:00+00:00,59041.62,59670.849305511016
2026-07-27 21:00:00+00:00,2026-07-28 08:00:00+00:00,57449.91,59238.78002970294
2026-07-27 21:00:00+00:00,2026-07-28 09:00:00+00:00,56834.27,58629.6268641334
2026-07-27 21:00:00+00:00,2026-07-28 10:00:00+00:00,56984.08,57606.240827556496
2026-07-27 21:00:00+00:00,2026-07-28 11:00:00+00:00,55958.32,56698.259016321615
2026-07-27 21:00:00+00:00,2026-07-28 12:00:00+00:00,54226.08,55660.584872268264
2026-07-27 21:00:00+00:00,2026-07-28 13:00:00+00:00,52944.44,54860.68758955869
2026-07-27 21:00:00+00:00,2026-07-28 14:00:00+00:00,52406.94,54770.4457621942
2026-07-27 21:00:00+00:00,2026-07-28 15:00:00+00:00,54096.26,55487.369813618796
2026-07-27 21:00:00+00:00,2026-07-28 16:00:00+00:00,57472.32,56206.26437833816
2026-07-27 21:00:00+00:00,2026-07-28 17:00:00+00:00,58661.15,56198.5303754882
2026-07-27 21:00:00+00:00,2026-07-28 18:00:00+00:00,57131.55,54135.79561664698
2026-07-27 21:00:00+00:00,2026-07-28 19:00:00+00:00,55060.51,51883.058188203846
2026-07-27 21:00:00+00:00,2026-07-28 20:00:00+00:00,52391.69,49636.66881378497
2026-07-27 21:00:00+00:00,2026-07-28 21:00:00+00:00,49093.06,46686.75388480365
2026-07-28 21:00:00+00:00,2026-07-28 22:00:00+00:00,46976.13,46500.8115471886
2026-07-28 21:00:00+00:00,2026-07-28 23:00:00+00:00,45981.63,44825.92759613195
2026-07-28 21:00:00+00:00,2026-07-29 00:00:00+00:00,45527.87,43916.427582051336
2026-07-28 21:00:00+00:00,2026-07-29 01:00:00+00:00,44722.68,43766.20431838814
2026-07-28 21:00:00+00:00,2026-07-29 02:00:00+00:00,45438.94,44437.10122997931
2026-07-28 21:00:00+00:00,2026-07-29 03:00:00+00:00,48063.57,47105.169492535584
2026-07-28 21:00:00+00:00,2026-07-29 04:00:00+00:00,53306.89,53533.74117149554
2026-07-28 21:00:00+00:00,2026-07-29 05:00:00+00:00,57845.97,58048.2659910417
2026-07-28 21:00:00+00:00,2026-07-29 06:00:00+00:00,59114.07,60792.03349475339
2026-07-28 21:00:00+00:00,2026-07-29 07:00:00+00:00,58497.64,60170.11495474226
2026-07-28 21:00:00+00:00,2026-07-29 08:00:00+00:00,57360.69,59615.409021929685
2026-07-28 21:00:00+00:00,2026-07-29 09:00:00+00:00,56981.15,59073.17963897697
2026-07-28 21:00:00+00:00,2026-07-29 10:00:00+00:00,57085.09,58468.40120958068
2026-07-28 21:00:00+00:00,2026-07-29 11:00:00+00:00,56630.57,57310.11628972532
2026-07-28 21:00:00+00:00,2026-07-29 12:00:00+00:00,55222.46,56290.677538328244
2026-07-28 21:00:00+00:00,2026-07-29 13:00:00+00:00,54103.56,55756.131291411824
2026-07-28 21:00:00+00:00,2026-07-29 14:00:00+00:00,54852.69,55851.55410860459
2026-07-28 21:00:00+00:00,2026-07-29 15:00:00+00:00,56635.75,56589.33779252726
2026-07-28 21:00:00+00:00,2026-07-29 16:00:00+00:00,59394.83,57504.297155916465
2026-07-28 21:00:00+00:00,2026-07-29 17:00:00+00:00,59421.65,57775.56435799068
2026-07-28 21:00:00+00:00,2026-07-29 18:00:00+00:00,57160.38,56339.5000849277
2026-07-28 21:00:00+00:00,2026-07-29 19:00:00+00:00,56088.88,54403.710918712684
2026-07-28 21:00:00+00:00,2026-07-29 20:00:00+00:00,53954.95,51545.015892264855
2026-07-28 21:00:00+00:00,2026-07-29 21:00:00+00:00,50981.37,48119.1633263545
2026-07-29 21:00:00+00:00,2026-07-29 22:00:00+00:00,47951.35,48469.837386800384
2026-07-29 21:00:00+00:00,2026-07-29 23:00:00+00:00,46134.39,46916.98048322182
2026-07-29 21:00:00+00:00,2026-07-30 00:00:00+00:00,44736.02,46238.10469045693
2026-07-29 21:00:00+00:00,2026-07-30 01:00:00+00:00,45057.9,45942.48991971262
2026-07-29 21:00:00+00:00,2026-07-30 02:00:00+00:00,45191.07,47214.24091682431
2026-07-29 21:00:00+00:00,2026-07-30 03:00:00+00:00,48387.12,49734.74384357311
2026-07-29 21:00:00+00:00,2026-07-30 04:00:00+00:00,53780.88,54733.52438375778
2026-07-29 21:00:00+00:00,2026-07-30 05:00:00+00:00,57281.57,58664.4639271087
2026-07-29 21:00:00+00:00,2026-07-30 06:00:00+00:00,59842.83,61394.14143464017
2026-07-29 21:00:00+00:00,2026-07-30 07:00:00+00:00,60622.94,61168.531157975456
2026-07-29 21:00:00+00:00,2026-07-30 08:00:00+00:00,59980.8,60693.12468393508
2026-07-29 21:00:00+00:00,2026-07-30 09:00:00+00:00,60130.32,59829.610889851145
2026-07-29 21:00:00+00:00,2026-07-30 10:00:00+00:00,60034.64,58600.682156282106
2026-07-29 21:00:00+00:00,2026-07-30 11:00:00+00:00,59184.52,57456.65797929137
2026-07-29 21:00:00+00:00,2026-07-30 12:00:00+00:00,57554.54,56264.98445988542
2026-07-29 21:00:00+00:00,2026-07-30 13:00:00+00:00,56807.53,55386.82683504766
2026-07-29 21:00:00+00:00,2026-07-30 14:00:00+00:00,59034.46,55032.24357463862
2026-07-29 21:00:00+00:00,2026-07-30 15:00:00+00:00,60232.81,55869.96058850185
2026-07-29 21:00:00+00:00,2026-07-30 16:00:00+00:00,61942.71,57286.80429291461
2026-07-29 21:00:00+00:00,2026-07-30 17:00:00+00:00,60621.04,57689.53408978302
2026-07-29 21:00:00+00:00,2026-07-30 18:00:00+00:00,58255.91,56323.71493549759
2026-07-29 21:00:00+00:00,2026-07-30 19:00:00+00:00,57213.91,54479.94375396812
2026-07-29 21:00:00+00:00,2026-07-30 20:00:00+00:00,52997.25,52187.86254996322
2026-07-29 21:00:00+00:00,2026-07-30 21:00:00+00:00,49435.12,49000.40005800409
2026-07-30 21:00:00+00:00,2026-07-30 22:00:00+00:00,47030.98,46641.805245962016
2026-07-30 21:00:00+00:00,2026-07-30 23:00:00+00:00,45815.44,45118.425122370885
2026-07-30 21:00:00+00:00,2026-07-31 00:00:00+00:00,45220.8,44135.090662242714
2026-07-30 21:00:00+00:00,2026-07-31 01:00:00+00:00,45294.01,44300.730181372586
2026-07-30 21:00:00+00:00,2026-07-31 02:00:00+00:00,46072.61,45615.84212068203
2026-07-30 21:00:00+00:00,2026-07-31 03:00:00+00:00,47904.79,48141.073764277404
2026-07-30 21:00:00+00:00,2026-07-31 04:00:00+00:00,53170.31,53827.70523543044
2026-07-30 21:00:00+00:00,2026-07-31 05:00:00+00:00,57118.28,58228.25590983284
2026-07-30 21:00:00+00:00,2026-07-31 06:00:00+00:00,59628.6,60756.24296904405
2026-07-30 21:00:00+00:00,2026-07-31 07:00:00+00:00,59323.96,60046.6027635874
2026-07-30 21:00:00+00:00,2026-07-31 08:00:00+00:00,58067.76,59493.94448769084
2026-07-30 21:00:00+00:00,2026-07-31 09:00:00+00:00,56474.53,58955.8959440308
2026-07-30 21:00:00+00:00,2026-07-31 10:00:00+00:00,54961.01,58024.971034916
2026-07-30 21:00:00+00:00,2026-07-31 11:00:00+00:00,53952.75,56820.28143088288
2026-07-30 21:00:00+00:00,2026-07-31 12:00:00+00:00,53246.27,56055.46562979211
2026-07-30 21:00:00+00:00,2026-07-31 13:00:00+00:00,53663.83,55570.87416745912
2026-07-30 21:00:00+00:00,2026-07-31 14:00:00+00:00,54636.0,56019.881975515425
2026-07-30 21:00:00+00:00,2026-07-31 15:00:00+00:00,56814.22,56824.99910326423
2026-07-30 21:00:00+00:00,2026-07-31 16:00:00+00:00,57447.79,57900.43748191303
2026-07-30 21:00:00+00:00,2026-07-31 17:00:00+00:00,56194.42,57802.790140841294
2026-07-30 21:00:00+00:00,2026-07-31 18:00:00+00:00,54657.06,56007.98842572929
2026-07-30 21:00:00+00:00,2026-07-31 19:00:00+00:00,53106.46,53804.56490349736
2026-07-30 21:00:00+00:00,2026-07-31 20:00:00+00:00,50134.69,51135.67423773851
2026-07-30 21:00:00+00:00,2026-07-31 21:00:00+00:00,47066.58,48096.80506771581
2026-07-31 21:00:00+00:00,2026-07-31 22:00:00+00:00,45216.75,44593.02071736807
2026-07-31 21:00:00+00:00,2026-07-31 23:00:00+00:00,43993.81,42708.077874224924
2026-07-31 21:00:00+00:00,2026-08-01 00:00:00+00:00,43276.31,41290.88954637368
2026-07-31 21:00:00+00:00,2026-08-01 01:00:00+00:00,41819.17,41071.66177640291
2026-07-31 21:00:00+00:00,2026-08-01 02:00:00+00:00,41856.61,41117.03016934972
2026-07-31 21:00:00+00:00,2026-08-01 03:00:00+00:00,41817.77,41693.33665559373
2026-07-31 21:00:00+00:00,2026-08-01 04:00:00+00:00,42120.88,43294.80781664529
2026-07-31 21:00:00+00:00,2026-08-01 05:00:00+00:00,44202.43,45109.78745492616
2026-07-31 21:00:00+00:00,2026-08-01 06:00:00+00:00,47389.55,47411.24663047555
2026-07-31 21:00:00+00:00,2026-08-01 07:00:00+00:00,49736.63,48426.95152732947
2026-07-31 21:00:00+00:00,2026-08-01 08:00:00+00:00,49350.0,48900.11637445412
2026-07-31 21:00:00+00:00,2026-08-01 09:00:00+00:00,49231.2,49454.10399559706
2026-07-31 21:00:00+00:00,2026-08-01 10:00:00+00:00,47624.81,48636.2921127686
2026-07-31 21:00:00+00:00,2026-08-01 11:00:00+00:00,46540.45,47744.736325747894
2026-07-31 21:00:00+00:00,2026-08-01 12:00:00+00:00,44645.59,46757.92066507546
2026-07-31 21:00:00+00:00,2026-08-01 13:00:00+00:00,43195.75,46043.082307277866
2026-07-31 21:00:00+00:00,2026-08-01 14:00:00+00:00,43248.56,46278.15574356212
2026-07-31 21:00:00+00:00,2026-08-01 15:00:00+00:00,44444.88,47259.874408502124
2026-07-31 21:00:00+00:00,2026-08-01 16:00:00+00:00,47119.64,48353.429008559295
2026-07-31 21:00:00+00:00,2026-08-01 17:00:00+00:00,48006.03,48944.624596977825
2026-07-31 21:00:00+00:00,2026-08-01 18:00:00+00:00,46744.48,48631.58754354179
2026-07-31 21:00:00+00:00,2026-08-01 19:00:00+00:00,45639.98,47549.18972454727
2026-07-31 21:00:00+00:00,2026-08-01 20:00:00+00:00,44234.94,45652.112238870046
2026-07-31 21:00:00+00:00,2026-08-01 21:00:00+00:00,41920.14,43216.756585661125
2026-08-01 21:00:00+00:00,2026-08-01 22:00:00+00:00,40182.09,39954.388752778024
2026-08-01 21:00:00+00:00,2026-08-01 23:00:00+00:00,38275.34,38321.99266836689
2026-08-01 21:00:00+00:00,2026-08-02 00:00:00+00:00,37369.94,37438.901551988856
2026-08-01 21:00:00+00:00,2026-08-02 01:00:00+00:00,36929.51,37207.4855627021
2026-08-01 21:00:00+00:00,2026-08-02 02:00:00+00:00,36845.84,37217.1740097998
2026-08-01 21:00:00+00:00,2026-08-02 03:00:00+00:00,36842.26,37544.88578068048
2026-08-01 21:00:00+00:00,2026-08-02 04:00:00+00:00,37387.98,38568.20417104135
2026-08-01 21:00:00+00:00,2026-08-02 05:00:00+00:00,38647.45,39621.62109975905
2026-08-01 21:00:00+00:00,2026-08-02 06:00:00+00:00,40336.27,41937.30633583747
2026-08-01 21:00:00+00:00,2026-08-02 07:00:00+00:00,42203.77,43408.17773802677
2026-08-01 21:00:00+00:00,2026-08-02 08:00:00+00:00,42545.19,44279.04622683687
2026-08-01 21:00:00+00:00,2026-08-02 09:00:00+00:00,43569.85,45276.21676563105
2026-08-01 21:00:00+00:00,2026-08-02 10:00:00+00:00,43478.77,44929.65759807229
2026-08-01 21:00:00+00:00,2026-08-02 11:00:00+00:00,42755.03,44058.773326867864
2026-08-01 21:00:00+00:00,2026-08-02 12:00:00+00:00,40871.43,42980.774689019796
2026-08-01 21:00:00+00:00,2026-08-02 13:00:00+00:00,40063.51,42288.91672781569
2026-08-01 21:00:00+00:00,2026-08-02 14:00:00+00:00,40208.24,42983.028242209286
2026-08-01 21:00:00+00:00,2026-08-02 15:00:00+00:00,41703.15,44700.28466834351
2026-08-01 21:00:00+00:00,2026-08-02 16:00:00+00:00,44315.02,46888.38362254001
2026-08-01 21:00:00+00:00,2026-08-02 17:00:00+00:00,45944.59,48204.50297585498
2026-08-01 21:00:00+00:00,2026-08-02 18:00:00+00:00,46175.49,48236.84595791767
2026-08-01 21:00:00+00:00,2026-08-02 19:00:00+00:00,44797.69,47412.037598946925
2026-08-01 21:00:00+00:00,2026-08-02 20:00:00+00:00,44072.05,46145.23298182279
2026-08-01 21:00:00+00:00,2026-08-02 21:00:00+00:00,41725.44,43491.0824235297
2026-08-02 21:00:00+00:00,2026-08-02 22:00:00+00:00,39649.5,40469.542898212814
2026-08-02 21:00:00+00:00,2026-08-02 23:00:00+00:00,38676.94,39039.38965500407
2026-08-02 21:00:00+00:00,2026-08-03 00:00:00+00:00,38232.7,38400.38457367724
2026-08-02 21:00:00+00:00,2026-08-03 01:00:00+00:00,38176.7,38782.965172629716
2026-08-02 21:00:00+00:00,2026-08-03 02:00:00+00:00,39060.67,40151.76786173536
2026-08-02 21:00:00+00:00,2026-08-03 03:00:00+00:00,42285.46,43356.46622545272
2026-08-02 21:00:00+00:00,2026-08-03 04:00:00+00:00,48641.09,49804.59171033651
2026-08-02 21:00:00+00:00,2026-08-03 05:00:00+00:00,53412.72,53996.086515111274
2026-08-02 21:00:00+00:00,2026-08-03 06:00:00+00:00,56391.94,58122.70646747536
2026-08-02 21:00:00+00:00,2026-08-03 07:00:00+00:00,56773.33,58941.727772871855
2026-08-02 21:00:00+00:00,2026-08-03 08:00:00+00:00,56314.25,59263.87669895782
2026-08-02 21:00:00+00:00,2026-08-03 09:00:00+00:00,56545.23,59342.54988207353
2026-08-02 21:00:00+00:00,2026-08-03 10:00:00+00:00,55627.17,58685.74844541197
2026-08-02 21:00:00+00:00,2026-08-03 11:00:00+00:00,55322.97,57986.498746448844
2026-08-02 21:00:00+00:00,2026-08-03 12:00:00+00:00,54644.16,56987.57772962366
2026-08-02 21:00:00+00:00,2026-08-03 13:00:00+00:00,54948.32,56520.783597303285
2026-08-02 21:00:00+00:00,2026-08-03 14:00:00+00:00,55756.7,56622.82895901416
2026-08-02 21:00:00+00:00,2026-08-03 15:00:00+00:00,57062.07,57003.84327985938
2026-08-02 21:00:00+00:00,2026-08-03 16:00:00+00:00,57769.09,57697.96419536322
2026-08-02 21:00:00+00:00,2026-08-03 17:00:00+00:00,57057.21,57410.65766807901
2026-08-02 21:00:00+00:00,2026-08-03 18:00:00+00:00,55037.64,55803.1382940466
2026-08-02 21:00:00+00:00,2026-08-03 19:00:00+00:00,53325.93,53754.84517811819
2026-08-02 21:00:00+00:00,2026-08-03 20:00:00+00:00,49845.34,50871.94414730921
2026-08-02 21:00:00+00:00,2026-08-03 21:00:00+00:00,47036.83,47774.69995821309
2026-08-03 21:00:00+00:00,2026-08-03 22:00:00+00:00,45208.85,44930.05616934174
2026-08-03 21:00:00+00:00,2026-08-03 23:00:00+00:00,44315.61,43650.80963391633
2026-08-03 21:00:00+00:00,2026-08-04 00:00:00+00:00,43881.06,43071.59199801418
2026-08-03 21:00:00+00:00,2026-08-04 01:00:00+00:00,43326.35,43468.03290009566
2026-08-03 21:00:00+00:00,2026-08-04 02:00:00+00:00,43513.78,44606.83365421119
2026-08-03 21:00:00+00:00,2026-08-04 03:00:00+00:00,45344.95,47253.58054634598
2026-08-03 21:00:00+00:00,2026-08-04 04:00:00+00:00,50002.0,52360.168276064534
2026-08-03 21:00:00+00:00,2026-08-04 05:00:00+00:00,55987.54,56724.73783280327
2026-08-03 21:00:00+00:00,2026-08-04 06:00:00+00:00,60148.4,58860.5112174931
2026-08-03 21:00:00+00:00,2026-08-04 07:00:00+00:00,60791.68,59093.59116739283
2026-08-03 21:00:00+00:00,2026-08-04 08:00:00+00:00,59921.28,58874.44737237849
2026-08-03 21:00:00+00:00,2026-08-04 09:00:00+00:00,59057.77,58321.84319410945
2026-08-03 21:00:00+00:00,2026-08-04 10:00:00+00:00,59324.27,57243.38848362229
2026-08-03 21:00:00+00:00,2026-08-04 11:00:00+00:00,58136.52,56298.78689841047
2026-08-03 21:00:00+00:00,2026-08-04 12:00:00+00:00,56471.6,54865.06119434154
2026-08-03 21:00:00+00:00,2026-08-04 13:00:00+00:00,54771.73,54188.74828980301
2026-08-03 21:00:00+00:00,2026-08-04 14:00:00+00:00,54975.56,54246.14648067104
2026-08-03 21:00:00+00:00,2026-08-04 15:00:00+00:00,55671.69,55135.937678038375
2026-08-03 21:00:00+00:00,2026-08-04 16:00:00+00:00,56644.7,56207.47517149667
2026-08-03 21:00:00+00:00,2026-08-04 17:00:00+00:00,55915.16,56385.82313187703
2026-08-03 21:00:00+00:00,2026-08-04 18:00:00+00:00,54195.99,54945.4454067415
2026-08-03 21:00:00+00:00,2026-08-04 19:00:00+00:00,53379.0,53401.15648064349
2026-08-03 21:00:00+00:00,2026-08-04 20:00:00+00:00,49825.49,50910.30273236207
2026-08-03 21:00:00+00:00,2026-08-04 21:00:00+00:00,46372.29,47658.27861946321
2026-08-04 21:00:00+00:00,2026-08-04 22:00:00+00:00,44350.44,44561.12443164406
2026-08-04 21:00:00+00:00,2026-08-04 23:00:00+00:00,42857.8,43138.289200435654
2026-08-04 21:00:00+00:00,2026-08-05 00:00:00+00:00,42245.57,42637.18440093671
2026-08-04 21:00:00+00:00,2026-08-05 01:00:00+00:00,41400.76,43020.102472344806
2026-08-04 21:00:00+00:00,2026-08-05 02:00:00+00:00,42651.74,44017.450907096274
2026-08-04 21:00:00+00:00,2026-08-05 03:00:00+00:00,45027.85,46952.86703575771
2026-08-04 21:00:00+00:00,2026-08-05 04:00:00+00:00,49077.17,53194.12493180502
2026-08-04 21:00:00+00:00,2026-08-05 05:00:00+00:00,54045.04,57896.1180747891
2026-08-04 21:00:00+00:00,2026-08-05 06:00:00+00:00,57046.71,60822.50117385358
2026-08-04 21:00:00+00:00,2026-08-05 07:00:00+00:00,58684.16,60651.78352436069
2026-08-04 21:00:00+00:00,2026-08-05 08:00:00+00:00,59167.09,59910.022144081064
2026-08-04 21:00:00+00:00,2026-08-05 09:00:00+00:00,59380.41,59264.24437646398
2026-08-04 21:00:00+00:00,2026-08-05 10:00:00+00:00,60393.51,58155.468098215584
2026-08-04 21:00:00+00:00,2026-08-05 11:00:00+00:00,60579.5,56969.470318857115
2026-08-04 21:00:00+00:00,2026-08-05 12:00:00+00:00,58747.1,56151.00118109309
2026-08-04 21:00:00+00:00,2026-08-05 13:00:00+00:00,57279.58,55277.10127870105
2026-08-04 21:00:00+00:00,2026-08-05 14:00:00+00:00,57122.29,55256.36691225906
2026-08-04 21:00:00+00:00,2026-08-05 15:00:00+00:00,56819.87,56009.62055703792
2026-08-04 21:00:00+00:00,2026-08-05 16:00:00+00:00,56348.87,57120.791194018144
2026-08-04 21:00:00+00:00,2026-08-05 17:00:00+00:00,55710.98,56998.35629479154
2026-08-04 21:00:00+00:00,2026-08-05 18:00:00+00:00,53964.17,55376.856218612935
2026-08-04 21:00:00+00:00,2026-08-05 19:00:00+00:00,51730.05,53644.485049455696
2026-08-04 21:00:00+00:00,2026-08-05 20:00:00+00:00,48770.22,50949.83901187974
2026-08-04 21:00:00+00:00,2026-08-05 21:00:00+00:00,45920.18,47598.908045391174
2026-08-05 21:00:00+00:00,2026-08-05 22:00:00+00:00,43969.2,43865.77810700975
2026-08-05 21:00:00+00:00,2026-08-05 23:00:00+00:00,42564.67,42898.931569397275
2026-08-05 21:00:00+00:00,2026-08-06 00:00:00+00:00,41972.42,42097.12803841925
2026-08-05 21:00:00+00:00,2026-08-06 01:00:00+00:00,41843.86,42227.43937581931
2026-08-05 21:00:00+00:00,2026-08-06 02:00:00+00:00,42310.76,42833.0386545898
2026-08-05 21:00:00+00:00,2026-08-06 03:00:00+00:00,44385.28,45112.20177250871
2026-08-05 21:00:00+00:00,2026-08-06 04:00:00+00:00,48446.2,50070.917536424626
2026-08-05 21:00:00+00:00,2026-08-06 05:00:00+00:00,54026.22,54751.82955496046
2026-08-05 21:00:00+00:00,2026-08-06 06:00:00+00:00,57820.56,58004.246895664524
2026-08-05 21:00:00+00:00,2026-08-06 07:00:00+00:00,58885.57,58351.59629137855
2026-08-05 21:00:00+00:00,2026-08-06 08:00:00+00:00,59247.17,58077.572970751105
2026-08-05 21:00:00+00:00,2026-08-06 09:00:00+00:00,59756.26,57846.65262960496
2026-08-05 21:00:00+00:00,2026-08-06 10:00:00+00:00,59597.12,57220.145876475726
2026-08-05 21:00:00+00:00,2026-08-06 11:00:00+00:00,58268.27,56870.9288222278
2026-08-05 21:00:00+00:00,2026-08-06 12:00:00+00:00,57187.67,56134.0579728764
2026-08-05 21:00:00+00:00,2026-08-06 13:00:00+00:00,55950.88,55506.31462527544
2026-08-05 21:00:00+00:00,2026-08-06 14:00:00+00:00,54784.66,55737.97643210123
2026-08-05 21:00:00+00:00,2026-08-06 15:00:00+00:00,55150.78,56864.757349907595
2026-08-05 21:00:00+00:00,2026-08-06 16:00:00+00:00,54138.7,57899.99336791172
2026-08-05 21:00:00+00:00,2026-08-06 17:00:00+00:00,53538.56,57977.55063010559
2026-08-05 21:00:00+00:00,2026-08-06 18:00:00+00:00,49968.43,56477.62692683013
2026-08-05 21:00:00+00:00,2026-08-06 19:00:00+00:00,48531.74,54164.65468393643
2026-08-05 21:00:00+00:00,2026-08-06 20:00:00+00:00,45952.14,51066.686213713336
2026-08-05 21:00:00+00:00,2026-08-06 21:00:00+00:00,42723.44,47679.247773913856
2026-08-06 21:00:00+00:00,2026-08-06 22:00:00+00:00,41018.99,41542.69376422939
2026-08-06 21:00:00+00:00,2026-08-06 23:00:00+00:00,40560.29,40537.3565459105
2026-08-06 21:00:00+00:00,2026-08-07 00:00:00+00:00,39718.77,39849.855651701706
2026-08-06 21:00:00+00:00,2026-08-07 01:00:00+00:00,39757.95,39959.64621743732
2026-08-06 21:00:00+00:00,2026-08-07 02:00:00+00:00,40841.98,40563.79996289415
2026-08-06 21:00:00+00:00,2026-08-07 03:00:00+00:00,42860.15,42367.89303081532
2026-08-06 21:00:00+00:00,2026-08-07 04:00:00+00:00,47270.33,45003.175103054826
2026-08-06 21:00:00+00:00,2026-08-07 05:00:00+00:00,51867.76,48547.76307769999
2026-08-06 21:00:00+00:00,2026-08-07 06:00:00+00:00,54665.33,53050.49705299067
2026-08-06 21:00:00+00:00,2026-08-07 07:00:00+00:00,57553.12,55600.01922664185
2026-08-06 21:00:00+00:00,2026-08-07 08:00:00+00:00,57194.21,55512.04350435989
2026-08-06 21:00:00+00:00,2026-08-07 09:00:00+00:00,55680.32,54896.25599090883
2026-08-06 21:00:00+00:00,2026-08-07 10:00:00+00:00,54873.14,54119.6581794649
2026-08-06 21:00:00+00:00,2026-08-07 11:00:00+00:00,53331.14,52962.53918923757
2026-08-06 21:00:00+00:00,2026-08-07 12:00:00+00:00,52385.8,51552.67100380618
2026-08-06 21:00:00+00:00,2026-08-07 13:00:00+00:00,51357.85,51269.12145592851
2026-08-06 21:00:00+00:00,2026-08-07 14:00:00+00:00,51579.24,52151.86485780281
2026-08-06 21:00:00+00:00,2026-08-07 15:00:00+00:00,51494.09,53027.7750310637
2026-08-06 21:00:00+00:00,2026-08-07 16:00:00+00:00,52632.52,53802.30681896288
2026-08-06 21:00:00+00:00,2026-08-07 17:00:00+00:00,53669.47,53340.91105699125
2026-08-06 21:00:00+00:00,2026-08-07 18:00:00+00:00,48589.05,51494.29591507448
2026-08-06 21:00:00+00:00,2026-08-07 19:00:00+00:00,46515.57,49187.59351595195
2026-08-06 21:00:00+00:00,2026-08-07 20:00:00+00:00,43657.88,47156.14512793537
2026-08-06 21:00:00+00:00,2026-08-07 21:00:00+00:00,41529.24,44359.84691703582
2026-08-07 21:00:00+00:00,2026-08-07 22:00:00+00:00,40236.39,39750.03883109816
2026-08-07 21:00:00+00:00,2026-08-07 23:00:00+00:00,39278.68,38361.34784585369
2026-08-07 21:00:00+00:00,2026-08-08 00:00:00+00:00,38080.91,37211.11497140139
2026-08-07 21:00:00+00:00,2026-08-08 01:00:00+00:00,37632.79,36991.68231150965
2026-08-07 21:00:00+00:00,2026-08-08 02:00:00+00:00,37829.68,37429.53171823465
2026-08-07 21:00:00+00:00,2026-08-08 03:00:00+00:00,38715.27,38123.60222502425
2026-08-07 21:00:00+00:00,2026-08-08 04:00:00+00:00,39939.0,39955.28187847079
2026-08-07 21:00:00+00:00,2026-08-08 05:00:00+00:00,42134.64,42276.944024001605
2026-08-07 21:00:00+00:00,2026-08-08 06:00:00+00:00,44691.48,44935.035955506806
2026-08-07 21:00:00+00:00,2026-08-08 07:00:00+00:00,45268.51,47759.88730296891
2026-08-07 21:00:00+00:00,2026-08-08 08:00:00+00:00,45253.09,48393.03194256089
2026-08-07 21:00:00+00:00,2026-08-08 09:00:00+00:00,46351.4,48510.02365064646
2026-08-07 21:00:00+00:00,2026-08-08 10:00:00+00:00,45555.05,47722.13277431109
2026-08-07 21:00:00+00:00,2026-08-08 11:00:00+00:00,44665.87,46566.8466629912
2026-08-07 21:00:00+00:00,2026-08-08 12:00:00+00:00,43697.27,45372.37803552248
2026-08-07 21:00:00+00:00,2026-08-08 13:00:00+00:00,43037.59,44654.928355610886
2026-08-07 21:00:00+00:00,2026-08-08 14:00:00+00:00,43398.46,44827.54276645953
2026-08-07 21:00:00+00:00,2026-08-08 15:00:00+00:00,44059.98,45869.78207187802
2026-08-07 21:00:00+00:00,2026-08-08 16:00:00+00:00,45415.3,47068.739464367165
2026-08-07 21:00:00+00:00,2026-08-08 17:00:00+00:00,46703.52,47109.922443070514
2026-08-07 21:00:00+00:00,2026-08-08 18:00:00+00:00,45338.66,46004.85443690198
2026-08-07 21:00:00+00:00,2026-08-08 19:00:00+00:00,43296.52,44533.00763996432
2026-08-07 21:00:00+00:00,2026-08-08 20:00:00+00:00,41203.28,43093.33638414916
2026-08-07 21:00:00+00:00,2026-08-08 21:00:00+00:00,39352.99,41135.102983843986
2026-08-08 21:00:00+00:00,2026-08-08 22:00:00+00:00,37451.99,37549.350711715204
2026-08-08 21:00:00+00:00,2026-08-08 23:00:00+00:00,36562.34,36299.69833631085
2026-08-08 21:00:00+00:00,2026-08-09 00:00:00+00:00,35733.91,35382.136488610784
2026-08-08 21:00:00+00:00,2026-08-09 01:00:00+00:00,35206.54,34870.8520024475
2026-08-08 21:00:00+00:00,2026-08-09 02:00:00+00:00,35316.3,35096.13566176336
2026-08-08 21:00:00+00:00,2026-08-09 03:00:00+00:00,35309.09,35271.33487633942
2026-08-08 21:00:00+00:00,2026-08-09 04:00:00+00:00,35907.13,36094.58129221934
2026-08-08 21:00:00+00:00,2026-08-09 05:00:00+00:00,37825.34,37418.33620512922
2026-08-08 21:00:00+00:00,2026-08-09 06:00:00+00:00,39868.54,39258.573941462164
2026-08-08 21:00:00+00:00,2026-08-09 07:00:00+00:00,41661.41,40881.442579368784
2026-08-08 21:00:00+00:00,2026-08-09 08:00:00+00:00,42434.49,41026.290958735706
2026-08-08 21:00:00+00:00,2026-08-09 09:00:00+00:00,43802.09,41772.533894485954
2026-08-08 21:00:00+00:00,2026-08-09 10:00:00+00:00,43318.79,41342.26531112926
2026-08-08 21:00:00+00:00,2026-08-09 11:00:00+00:00,42602.06,40639.46446214835
2026-08-08 21:00:00+00:00,2026-08-09 12:00:00+00:00,40681.5,39395.94708780247
2026-08-08 21:00:00+00:00,2026-08-09 13:00:00+00:00,40343.55,38812.16200233717
2026-08-08 21:00:00+00:00,2026-08-09 14:00:00+00:00,41397.26,39060.95656975792
2026-08-08 21:00:00+00:00,2026-08-09 15:00:00+00:00,42831.1,40495.79330293005
2026-08-08 21:00:00+00:00,2026-08-09 16:00:00+00:00,45744.12,41741.74102672245
2026-08-08 21:00:00+00:00,2026-08-09 17:00:00+00:00,45499.48,42782.76592139412
2026-08-08 21:00:00+00:00,2026-08-09 18:00:00+00:00,44956.98,42861.441886926055
2026-08-08 21:00:00+00:00,2026-08-09 19:00:00+00:00,43845.68,42502.54645436696
2026-08-08 21:00:00+00:00,2026-08-09 20:00:00+00:00,42837.56,42164.92395391695
2026-08-08 21:00:00+00:00,2026-08-09 21:00:00+00:00,40773.85,40463.91541322494
2026-08-09 21:00:00+00:00,2026-08-09 22:00:00+00:00,40107.57,39016.36777927271
2026-08-09 21:00:00+00:00,2026-08-09 23:00:00+00:00,39026.6,37922.20088726777
2026-08-09 21:00:00+00:00,2026-08-10 00:00:00+00:00,37833.32,37532.97333531273
2026-08-09 21:00:00+00:00,2026-08-10 01:00:00+00:00,38361.52,37590.68592863635
2026-08-09 21:00:00+00:00,2026-08-10 02:00:00+00:00,38730.18,38449.55448736942
2026-08-09 21:00:00+00:00,2026-08-10 03:00:00+00:00,41357.4,41022.67361856186
2026-08-09 21:00:00+00:00,2026-08-10 04:00:00+00:00,46865.12,46318.00249171691
2026-08-09 21:00:00+00:00,2026-08-10 05:00:00+00:00,51550.62,52305.60996157108
2026-08-09 21:00:00+00:00,2026-08-10 06:00:00+00:00,54763.27,56852.79998934265
2026-08-09 21:00:00+00:00,2026-08-10 07:00:00+00:00,56289.61,57267.4681756883
2026-08-09 21:00:00+00:00,2026-08-10 08:00:00+00:00,57333.21,56829.09628747899
2026-08-09 21:00:00+00:00,2026-08-10 09:00:00+00:00,58432.11,56404.3940633851
2026-08-09 21:00:00+00:00,2026-08-10 10:00:00+00:00,57476.47,55675.08038088952
2026-08-09 21:00:00+00:00,2026-08-10 11:00:00+00:00,58085.44,54635.160016792004
2026-08-09 21:00:00+00:00,2026-08-10 12:00:00+00:00,57205.58,53875.52500575496
2026-08-09 21:00:00+00:00,2026-08-10 13:00:00+00:00,56873.8,53645.31556371827
2026-08-09 21:00:00+00:00,2026-08-10 14:00:00+00:00,55716.94,53920.043260631144
2026-08-09 21:00:00+00:00,2026-08-10 15:00:00+00:00,55041.13,54737.40033451147
2026-08-09 21:00:00+00:00,2026-08-10 16:00:00+00:00,54050.63,55336.3941611252
2026-08-09 21:00:00+00:00,2026-08-10 17:00:00+00:00,53504.03,54955.955337375846
2026-08-09 21:00:00+00:00,2026-08-10 18:00:00+00:00,50707.77,52911.07311867146
2026-08-09 21:00:00+00:00,2026-08-10 19:00:00+00:00,50051.82,50339.432001811285
2026-08-09 21:00:00+00:00,2026-08-10 20:00:00+00:00,48091.54,48336.410224261934
2026-08-09 21:00:00+00:00,2026-08-10 21:00:00+00:00,45202.98,45189.59001793533
2026-08-10 21:00:00+00:00,2026-08-10 22:00:00+00:00,43718.35,43504.046502415076
2026-08-10 21:00:00+00:00,2026-08-10 23:00:00+00:00,42206.33,42334.93818011647
2026-08-10 21:00:00+00:00,2026-08-11 00:00:00+00:00,41528.99,41911.59115842051
2026-08-10 21:00:00+00:00,2026-08-11 01:00:00+00:00,41334.61,42274.14668959378
2026-08-10 21:00:00+00:00,2026-08-11 02:00:00+00:00,41861.65,43803.92822127135
2026-08-10 21:00:00+00:00,2026-08-11 03:00:00+00:00,44239.96,46642.69869883975
2026-08-10 21:00:00+00:00,2026-08-11 04:00:00+00:00,48901.84,51644.99678690785
2026-08-10 21:00:00+00:00,2026-08-11 05:00:00+00:00,53109.4,55838.46833612659
2026-08-10 21:00:00+00:00,2026-08-11 06:00:00+00:00,55541.61,58398.90930060888
2026-08-10 21:00:00+00:00,2026-08-11 07:00:00+00:00,55627.16,58580.8556044627
2026-08-10 21:00:00+00:00,2026-08-11 08:00:00+00:00,55967.07,58629.496025566514
2026-08-10 21:00:00+00:00,2026-08-11 09:00:00+00:00,56179.21,58394.14319342981
2026-08-10 21:00:00+00:00,2026-08-11 10:00:00+00:00,55605.59,57491.4266009505
2026-08-10 21:00:00+00:00,2026-08-11 11:00:00+00:00,55298.85,56746.80681305285
2026-08-10 21:00:00+00:00,2026-08-11 12:00:00+00:00,52546.41,55490.82137571342
2026-08-10 21:00:00+00:00,2026-08-11 13:00:00+00:00,51229.64,54992.307663177366
2026-08-10 21:00:00+00:00,2026-08-11 14:00:00+00:00,51492.52,55109.15224775979
2026-08-10 21:00:00+00:00,2026-08-11 15:00:00+00:00,51445.53,55671.33988320582
2026-08-10 21:00:00+00:00,2026-08-11 16:00:00+00:00,52825.98,56338.603216077005
2026-08-10 21:00:00+00:00,2026-08-11 17:00:00+00:00,52491.85,55765.22819248336
2026-08-10 21:00:00+00:00,2026-08-11 18:00:00+00:00,51101.94,53436.881780947246
2026-08-10 21:00:00+00:00,2026-08-11 19:00:00+00:00,49430.49,50847.81441778414
2026-08-10 21:00:00+00:00,2026-08-11 20:00:00+00:00,46845.53,48448.923494650204
2026-08-10 21:00:00+00:00,2026-08-11 21:00:00+00:00,43794.36,45455.20545932979
2026-08-11 21:00:00+00:00,2026-08-11 22:00:00+00:00,41975.21,42012.66337925161
2026-08-11 21:00:00+00:00,2026-08-11 23:00:00+00:00,40441.48,40680.68043228671
2026-08-11 21:00:00+00:00,2026-08-12 00:00:00+00:00,39735.1,39965.17742634514
2026-08-11 21:00:00+00:00,2026-08-12 01:00:00+00:00,39735.68,40272.26301323496
2026-08-11 21:00:00+00:00,2026-08-12 02:00:00+00:00,40505.46,41123.13083822388
2026-08-11 21:00:00+00:00,2026-08-12 03:00:00+00:00,42784.24,43420.028839403654
2026-08-11 21:00:00+00:00,2026-08-12 04:00:00+00:00,48337.22,47340.020616529895
2026-08-11 21:00:00+00:00,2026-08-12 05:00:00+00:00,52171.23,52207.311757762225
2026-08-11 21:00:00+00:00,2026-08-12 06:00:00+00:00,54657.08,55918.852818235835
2026-08-11 21:00:00+00:00,2026-08-12 07:00:00+00:00,56630.74,56940.792638755694
2026-08-11 21:00:00+00:00,2026-08-12 08:00:00+00:00,55801.38,57175.432904171685
2026-08-11 21:00:00+00:00,2026-08-12 09:00:00+00:00,55981.22,56831.88248598615
2026-08-11 21:00:00+00:00,2026-08-12 10:00:00+00:00,55195.43,56398.518643721094
2026-08-11 21:00:00+00:00,2026-08-12 11:00:00+00:00,54002.55,55455.04002809113
2026-08-11 21:00:00+00:00,2026-08-12 12:00:00+00:00,52714.76,54162.19160620005
2026-08-11 21:00:00+00:00,2026-08-12 13:00:00+00:00,52168.68,53331.960249132724
2026-08-11 21:00:00+00:00,2026-08-12 14:00:00+00:00,52376.29,53759.26201688289
2026-08-11 21:00:00+00:00,2026-08-12 15:00:00+00:00,53173.69,54103.99082096167
2026-08-11 21:00:00+00:00,2026-08-12 16:00:00+00:00,53847.09,54598.384803578636
2026-08-11 21:00:00+00:00,2026-08-12 17:00:00+00:00,53352.53,54424.71663830198
2026-08-11 21:00:00+00:00,2026-08-12 18:00:00+00:00,51430.04,52340.76833629686
2026-08-11 21:00:00+00:00,2026-08-12 19:00:00+00:00,49706.18,49740.93203001939
2026-08-11 21:00:00+00:00,2026-08-12 20:00:00+00:00,47212.94,47625.494993878274
2026-08-11 21:00:00+00:00,2026-08-12 21:00:00+00:00,44946.54,44199.93867691324
2026-08-12 21:00:00+00:00,2026-08-12 22:00:00+00:00,43787.53,42906.68870146578
2026-08-12 21:00:00+00:00,2026-08-12 23:00:00+00:00,42802.13,41775.31952500481
2026-08-12 21:00:00+00:00,2026-08-13 00:00:00+00:00,41286.39,40880.58385169306
2026-08-12 21:00:00+00:00,2026-08-13 01:00:00+00:00,41458.06,40794.03075520679
2026-08-12 21:00:00+00:00,2026-08-13 02:00:00+00:00,42015.94,41311.37719955421
2026-08-12 21:00:00+00:00,2026-08-13 03:00:00+00:00,43793.64,43572.54426728475
2026-08-12 21:00:00+00:00,2026-08-13 04:00:00+00:00,48196.84,47489.295988229926
2026-08-12 21:00:00+00:00,2026-08-13 05:00:00+00:00,51290.39,51939.68917525196
2026-08-12 21:00:00+00:00,2026-08-13 06:00:00+00:00,53812.18,54891.8796757877
2026-08-12 21:00:00+00:00,2026-08-13 07:00:00+00:00,55159.24,56410.453618506326
2026-08-12 21:00:00+00:00,2026-08-13 08:00:00+00:00,55174.3,56661.46162736073
2026-08-12 21:00:00+00:00,2026-08-13 09:00:00+00:00,55037.36,56185.71313395781
2026-08-12 21:00:00+00:00,2026-08-13 10:00:00+00:00,56141.94,55060.55243892938
2026-08-12 21:00:00+00:00,2026-08-13 11:00:00+00:00,55429.11,53904.399801298125
2026-08-12 21:00:00+00:00,2026-08-13 12:00:00+00:00,53426.26,52818.513305934284
2026-08-12 21:00:00+00:00,2026-08-13 13:00:00+00:00,52635.84,51921.461911714716
2026-08-12 21:00:00+00:00,2026-08-13 14:00:00+00:00,53042.59,52116.163179825984
2026-08-12 21:00:00+00:00,2026-08-13 15:00:00+00:00,53860.45,53060.198647496516
2026-08-12 21:00:00+00:00,2026-08-13 16:00:00+00:00,54171.7,53856.570139228505
2026-08-12 21:00:00+00:00,2026-08-13 17:00:00+00:00,53194.51,53198.45272195711
2026-08-12 21:00:00+00:00,2026-08-13 18:00:00+00:00,51078.44,51235.85794013664
2026-08-12 21:00:00+00:00,2026-08-13 19:00:00+00:00,49755.54,49110.39639804196
2026-08-12 21:00:00+00:00,2026-08-13 20:00:00+00:00,46820.33,46989.99354450506
2026-08-12 21:00:00+00:00,2026-08-13 21:00:00+00:00,44901.26,44135.5764386769
2026-08-13 21:00:00+00:00,2026-08-13 22:00:00+00:00,42360.54,42890.91384167301
2026-08-13 21:00:00+00:00,2026-08-13 23:00:00+00:00,41799.3,41592.282909054695
2026-08-13 21:00:00+00:00,2026-08-14 00:00:00+00:00,41778.36,40483.45103635962
2026-08-13 21:00:00+00:00,2026-08-14 01:00:00+00:00,40235.15,40517.732251410554
2026-08-13 21:00:00+00:00,2026-08-14 02:00:00+00:00,40396.54,41080.33706362776
2026-08-13 21:00:00+00:00,2026-08-14 03:00:00+00:00,42788.04,42764.006281642556
2026-08-13 21:00:00+00:00,2026-08-14 04:00:00+00:00,47467.15,46287.88920772165
2026-08-13 21:00:00+00:00,2026-08-14 05:00:00+00:00,52030.27,50817.89617816964
2026-08-13 21:00:00+00:00,2026-08-14 06:00:00+00:00,54911.77,54069.537661920556
2026-08-13 21:00:00+00:00,2026-08-14 07:00:00+00:00,56789.43,55459.7504931153
2026-08-13 21:00:00+00:00,2026-08-14 08:00:00+00:00,56478.9,54954.91725882881
2026-08-13 21:00:00+00:00,2026-08-14 09:00:00+00:00,56647.91,54478.686035023944
2026-08-13 21:00:00+00:00,2026-08-14 10:00:00+00:00,56320.14,53617.67223543557
2026-08-13 21:00:00+00:00,2026-08-14 11:00:00+00:00,55377.42,52239.94971257027
2026-08-13 21:00:00+00:00,2026-08-14 12:00:00+00:00,53870.8,51046.27843885481
2026-08-13 21:00:00+00:00,2026-08-14 13:00:00+00:00,52849.6,50797.42286317037
2026-08-13 21:00:00+00:00,2026-08-14 14:00:00+00:00,53160.92,51133.470935224024
2026-08-13 21:00:00+00:00,2026-08-14 15:00:00+00:00,52431.41,51704.06369370743
2026-08-13 21:00:00+00:00,2026-08-14 16:00:00+00:00,53286.76,52572.71398975523
2026-08-13 21:00:00+00:00,2026-08-14 17:00:00+00:00,52918.47,52462.52592326966
2026-08-13 21:00:00+00:00,2026-08-14 18:00:00+00:00,50743.56,50606.98307739018
2026-08-13 21:00:00+00:00,2026-08-14 19:00:00+00:00,48492.5,48645.63507744959
2026-08-13 21:00:00+00:00,2026-08-14 20:00:00+00:00,45497.44,46603.99721351371
2026-08-13 21:00:00+00:00,2026-08-14 21:00:00+00:00,43656.51,43804.8480008591
2026-08-14 21:00:00+00:00,2026-08-14 22:00:00+00:00,40350.63,41557.81633604243
2026-08-14 21:00:00+00:00,2026-08-14 23:00:00+00:00,38502.82,39721.339811098
2026-08-14 21:00:00+00:00,2026-08-15 00:00:00+00:00,37565.98,38553.74245258342
2026-08-14 21:00:00+00:00,2026-08-15 01:00:00+00:00,37231.37,37615.354282123095
2026-08-14 21:00:00+00:00,2026-08-15 02:00:00+00:00,36992.92,37367.22307118814
2026-08-14 21:00:00+00:00,2026-08-15 03:00:00+00:00,37606.66,37752.22174735779
2026-08-14 21:00:00+00:00,2026-08-15 04:00:00+00:00,38988.66,38941.68810143685
2026-08-14 21:00:00+00:00,2026-08-15 05:00:00+00:00,42416.48,41370.14375641359
2026-08-14 21:00:00+00:00,2026-08-15 06:00:00+00:00,45587.08,44252.33463210492
2026-08-14 21:00:00+00:00,2026-08-15 07:00:00+00:00,48098.74,46466.16616531209
2026-08-14 21:00:00+00:00,2026-08-15 08:00:00+00:00,48802.43,47262.36555007883
2026-08-14 21:00:00+00:00,2026-08-15 09:00:00+00:00,49499.31,47355.32091447014
2026-08-14 21:00:00+00:00,2026-08-15 10:00:00+00:00,48733.19,46344.89249021248
2026-08-14 21:00:00+00:00,2026-08-15 11:00:00+00:00,48137.83,44919.78036797435
2026-08-14 21:00:00+00:00,2026-08-15 12:00:00+00:00,48276.65,43921.68859532399
2026-08-14 21:00:00+00:00,2026-08-15 13:00:00+00:00,48321.18,43401.902375729755
2026-08-14 21:00:00+00:00,2026-08-15 14:00:00+00:00,49253.81,44101.18594199166
2026-08-14 21:00:00+00:00,2026-08-15 15:00:00+00:00,48969.28,45406.92123888465
2026-08-14 21:00:00+00:00,2026-08-15 16:00:00+00:00,49026.92,46669.73803762539
2026-08-14 21:00:00+00:00,2026-08-15 17:00:00+00:00,48529.89,46983.52525744077
2026-08-14 21:00:00+00:00,2026-08-15 18:00:00+00:00,46838.1,46370.15534862161
2026-08-14 21:00:00+00:00,2026-08-15 19:00:00+00:00,46015.93,44576.80955120574
2026-08-14 21:00:00+00:00,2026-08-15 20:00:00+00:00,43972.74,42929.30991536399
2026-08-14 21:00:00+00:00,2026-08-15 21:00:00+00:00,42463.77,41266.246201104295
2026-08-15 21:00:00+00:00,2026-08-15 22:00:00+00:00,41275.71,40237.37324879192
2026-08-15 21:00:00+00:00,2026-08-15 23:00:00+00:00,39982.88,38407.63376759274
2026-08-15 21:00:00+00:00,2026-08-16 00:00:00+00:00,39146.44,37295.44601765281
2026-08-15 21:00:00+00:00,2026-08-16 01:00:00+00:00,38059.45,36659.45014034894
2026-08-15 21:00:00+00:00,2026-08-16 02:00:00+00:00,38086.5,37325.28359122075
2026-08-15 21:00:00+00:00,2026-08-16 03:00:00+00:00,38720.95,37752.51736891047
2026-08-15 21:00:00+00:00,2026-08-16 04:00:00+00:00,39154.24,38897.09765179481
2026-08-15 21:00:00+00:00,2026-08-16 05:00:00+00:00,40952.7,40693.30933180832
2026-08-15 21:00:00+00:00,2026-08-16 06:00:00+00:00,42917.59,42483.614385923254
2026-08-15 21:00:00+00:00,2026-08-16 07:00:00+00:00,45834.59,44403.14547285868
2026-08-15 21:00:00+00:00,2026-08-16 08:00:00+00:00,46565.11,45180.6168860784
2026-08-15 21:00:00+00:00,2026-08-16 09:00:00+00:00,46803.23,45529.577297246105
2026-08-15 21:00:00+00:00,2026-08-16 10:00:00+00:00,45371.21,45046.24072047413
2026-08-15 21:00:00+00:00,2026-08-16 11:00:00+00:00,44736.66,44029.542765687605
2026-08-15 21:00:00+00:00,2026-08-16 12:00:00+00:00,42170.91,43041.904094677426
2026-08-15 21:00:00+00:00,2026-08-16 13:00:00+00:00,42079.85,42584.16871155618
2026-08-15 21:00:00+00:00,2026-08-16 14:00:00+00:00,42856.86,43223.82598551118
2026-08-15 21:00:00+00:00,2026-08-16 15:00:00+00:00,43870.59,45074.19233808392
2026-08-15 21:00:00+00:00,2026-08-16 16:00:00+00:00,45115.12,46954.67542727372
2026-08-15 21:00:00+00:00,2026-08-16 17:00:00+00:00,45310.84,47547.50793316598
2026-08-15 21:00:00+00:00,2026-08-16 18:00:00+00:00,44447.55,47062.44511981533
2026-08-15 21:00:00+00:00,2026-08-16 19:00:00+00:00,42989.88,46099.79096508152
2026-08-15 21:00:00+00:00,2026-08-16 20:00:00+00:00,41327.33,44599.78659620673
2026-08-15 21:00:00+00:00,2026-08-16 21:00:00+00:00,39144.12,41916.64213846252
2026-08-16 21:00:00+00:00,2026-08-16 22:00:00+00:00,38514.23,38174.276744539755
2026-08-16 21:00:00+00:00,2026-08-16 23:00:00+00:00,37769.22,37453.0200155174
2026-08-16 21:00:00+00:00,2026-08-17 00:00:00+00:00,37605.58,37274.69592716519
2026-08-16 21:00:00+00:00,2026-08-17 01:00:00+00:00,38213.25,37274.03857940835
2026-08-16 21:00:00+00:00,2026-08-17 02:00:00+00:00,39551.19,38065.204880963276
2026-08-16 21:00:00+00:00,2026-08-17 03:00:00+00:00,42525.26,40703.00358192963
2026-08-16 21:00:00+00:00,2026-08-17 04:00:00+00:00,47530.95,45494.03071159564
2026-08-16 21:00:00+00:00,2026-08-17 05:00:00+00:00,51849.42,50108.038256721855
2026-08-16 21:00:00+00:00,2026-08-17 06:00:00+00:00,54423.17,54072.18246688108
2026-08-16 21:00:00+00:00,2026-08-17 07:00:00+00:00,56860.56,56240.96359183827
2026-08-16 21:00:00+00:00,2026-08-17 08:00:00+00:00,58037.25,56047.93187273579
2026-08-16 21:00:00+00:00,2026-08-17 09:00:00+00:00,59144.16,55684.21547389102
2026-08-16 21:00:00+00:00,2026-08-17 10:00:00+00:00,59083.04,55249.46984770519
2026-08-16 21:00:00+00:00,2026-08-17 11:00:00+00:00,58049.32,54399.9091191182
2026-08-16 21:00:00+00:00,2026-08-17 12:00:00+00:00,55791.47,53557.65778765404
2026-08-16 21:00:00+00:00,2026-08-17 13:00:00+00:00,54876.06,53125.69637190084
2026-08-16 21:00:00+00:00,2026-08-17 14:00:00+00:00,53120.93,53566.20610062111
2026-08-16 21:00:00+00:00,2026-08-17 15:00:00+00:00,53047.35,54253.46843886015
2026-08-16 21:00:00+00:00,2026-08-17 16:00:00+00:00,53404.33,54637.32394109027
2026-08-16 21:00:00+00:00,2026-08-17 17:00:00+00:00,52057.78,54399.99396115977
2026-08-16 21:00:00+00:00,2026-08-17 18:00:00+00:00,50040.42,52320.75511208296
2026-08-16 21:00:00+00:00,2026-08-17 19:00:00+00:00,47781.42,50185.41039743856
2026-08-16 21:00:00+00:00,2026-08-17 20:00:00+00:00,45401.25,48371.03416058938
2026-08-16 21:00:00+00:00,2026-08-17 21:00:00+00:00,43479.78,45707.80466127177
2026-08-17 21:00:00+00:00,2026-08-17 22:00:00+00:00,41654.35,41935.353319080044
2026-08-17 21:00:00+00:00,2026-08-17 23:00:00+00:00,40720.43,40642.62639133321
2026-08-17 21:00:00+00:00,2026-08-18 00:00:00+00:00,39744.83,40162.7783103286
2026-08-17 21:00:00+00:00,2026-08-18 01:00:00+00:00,41004.3,40101.33977586562
2026-08-17 21:00:00+00:00,2026-08-18 02:00:00+00:00,41746.06,40771.60183041581
2026-08-17 21:00:00+00:00,2026-08-18 03:00:00+00:00,44264.22,42961.66924263057
2026-08-17 21:00:00+00:00,2026-08-18 04:00:00+00:00,49179.65,47611.275471992216
2026-08-17 21:00:00+00:00,2026-08-18 05:00:00+00:00,52998.96,52137.11944684443
2026-08-17 21:00:00+00:00,2026-08-18 06:00:00+00:00,56528.37,55269.45723388131
2026-08-17 21:00:00+00:00,2026-08-18 07:00:00+00:00,57682.56,56495.36962148356
2026-08-17 21:00:00+00:00,2026-08-18 08:00:00+00:00,58242.54,56889.467458632964
2026-08-17 21:00:00+00:00,2026-08-18 09:00:00+00:00,57422.62,56862.54331707561
2026-08-17 21:00:00+00:00,2026-08-18 10:00:00+00:00,57473.97,56321.10008833363
2026-08-17 21:00:00+00:00,2026-08-18 11:00:00+00:00,56250.85,55346.47549664468
2026-08-17 21:00:00+00:00,2026-08-18 12:00:00+00:00,55283.9,54185.83939934475
2026-08-17 21:00:00+00:00,2026-08-18 13:00:00+00:00,54622.82,53029.019255858344
2026-08-17 21:00:00+00:00,2026-08-18 14:00:00+00:00,54140.14,53044.14514579997
2026-08-17 21:00:00+00:00,2026-08-18 15:00:00+00:00,54871.59,53277.53449553545
2026-08-17 21:00:00+00:00,2026-08-18 16:00:00+00:00,55412.24,53589.270848952416
2026-08-17 21:00:00+00:00,2026-08-18 17:00:00+00:00,54049.03,53111.98148347049
2026-08-17 21:00:00+00:00,2026-08-18 18:00:00+00:00,51813.14,50645.77478078459
2026-08-17 21:00:00+00:00,2026-08-18 19:00:00+00:00,50110.2,48730.30441942444
2026-08-17 21:00:00+00:00,2026-08-18 20:00:00+00:00,46894.08,46912.57668928724
2026-08-17 21:00:00+00:00,2026-08-18 21:00:00+00:00,43907.44,44248.123703842466
2026-08-18 21:00:00+00:00,2026-08-18 22:00:00+00:00,42313.59,42172.872813599
2026-08-18 21:00:00+00:00,2026-08-18 23:00:00+00:00,41048.56,40614.672841584084
2026-08-18 21:00:00+00:00,2026-08-19 00:00:00+00:00,40463.01,39710.29806038981
2026-08-18 21:00:00+00:00,2026-08-19 01:00:00+00:00,40769.54,39465.81394452471
2026-08-18 21:00:00+00:00,2026-08-19 02:00:00+00:00,41925.17,40085.04782482522
2026-08-18 21:00:00+00:00,2026-08-19 03:00:00+00:00,44709.21,42160.71905690485
2026-08-18 21:00:00+00:00,2026-08-19 04:00:00+00:00,49945.48,45748.246007778114
2026-08-18 21:00:00+00:00,2026-08-19 05:00:00+00:00,53468.05,50332.51048795127
2026-08-18 21:00:00+00:00,2026-08-19 06:00:00+00:00,57984.77,53598.75480701035
2026-08-18 21:00:00+00:00,2026-08-19 07:00:00+00:00,58823.25,55678.984457290804
2026-08-18 21:00:00+00:00,2026-08-19 08:00:00+00:00,58807.53,56128.985708548586
2026-08-18 21:00:00+00:00,2026-08-19 09:00:00+00:00,58379.38,55987.734541915575
2026-08-18 21:00:00+00:00,2026-08-19 10:00:00+00:00,58099.45,55097.00258365161
2026-08-18 21:00:00+00:00,2026-08-19 11:00:00+00:00,57675.99,53953.772374358836
2026-08-18 21:00:00+00:00,2026-08-19 12:00:00+00:00,54823.56,52555.83683404985
2026-08-18 21:00:00+00:00,2026-08-19 13:00:00+00:00,53600.91,52177.06322627518
2026-08-18 21:00:00+00:00,2026-08-19 14:00:00+00:00,52236.49,52590.45715484116
2026-08-18 21:00:00+00:00,2026-08-19 15:00:00+00:00,52764.03,52950.76886138367
2026-08-18 21:00:00+00:00,2026-08-19 16:00:00+00:00,53216.25,53003.63402746345
2026-08-18 21:00:00+00:00,2026-08-19 17:00:00+00:00,51576.74,52437.98179670386
2026-08-18 21:00:00+00:00,2026-08-19 18:00:00+00:00,50320.82,50539.129080166975
2026-08-18 21:00:00+00:00,2026-08-19 19:00:00+00:00,48554.22,48534.379818391455
2026-08-18 21:00:00+00:00,2026-08-19 20:00:00+00:00,45173.34,46341.066354774935
2026-08-18 21:00:00+00:00,2026-08-19 21:00:00+00:00,42671.34,43268.99884586716
2026-08-19 21:00:00+00:00,2026-08-19 22:00:00+00:00,40353.98,41324.543267282286
2026-08-19 21:00:00+00:00,2026-08-19 23:00:00+00:00,38553.7,40205.45242849039
2026-08-19 21:00:00+00:00,2026-08-20 00:00:00+00:00,37539.34,39473.40439427764
2026-08-19 21:00:00+00:00,2026-08-20 01:00:00+00:00,37369.28,39739.295193457736
2026-08-19 21:00:00+00:00,2026-08-20 02:00:00+00:00,39502.89,40511.96250694276
2026-08-19 21:00:00+00:00,2026-08-20 03:00:00+00:00,42008.82,42550.61888703974
2026-08-19 21:00:00+00:00,2026-08-20 04:00:00+00:00,47338.1,46313.04258372959
2026-08-19 21:00:00+00:00,2026-08-20 05:00:00+00:00,50717.76,50194.15583521087
2026-08-19 21:00:00+00:00,2026-08-20 06:00:00+00:00,53911.35,53027.54217838108
2026-08-19 21:00:00+00:00,2026-08-20 07:00:00+00:00,55977.15,56105.39070564166
2026-08-19 21:00:00+00:00,2026-08-20 08:00:00+00:00,57336.19,56800.030773940736
2026-08-19 21:00:00+00:00,2026-08-20 09:00:00+00:00,57589.21,56690.64048936893
2026-08-19 21:00:00+00:00,2026-08-20 10:00:00+00:00,55096.39,55869.99596662543
2026-08-19 21:00:00+00:00,2026-08-20 11:00:00+00:00,53108.49,55112.38685468715
2026-08-19 21:00:00+00:00,2026-08-20 12:00:00+00:00,51867.27,53365.240705628115
2026-08-19 21:00:00+00:00,2026-08-20 13:00:00+00:00,52238.29,52483.90571647654
2026-08-19 21:00:00+00:00,2026-08-20 14:00:00+00:00,50096.78,52512.36627994703
2026-08-19 21:00:00+00:00,2026-08-20 15:00:00+00:00,51002.98,53095.82385071605
2026-08-19 21:00:00+00:00,2026-08-20 16:00:00+00:00,52415.71,53571.43759441297
2026-08-19 21:00:00+00:00,2026-08-20 17:00:00+00:00,51302.5,52524.2643630059
2026-08-19 21:00:00+00:00,2026-08-20 18:00:00+00:00,49191.62,50441.40491018659
2026-08-19 21:00:00+00:00,2026-08-20 19:00:00+00:00,47542.49,48409.964508203724
2026-08-19 21:00:00+00:00,2026-08-20 20:00:00+00:00,44098.77,45773.31047645462
2026-08-19 21:00:00+00:00,2026-08-20 21:00:00+00:00,41702.47,42932.216879088985
2026-08-20 21:00:00+00:00,2026-08-20 22:00:00+00:00,39445.54,40145.89184503785
2026-08-20 21:00:00+00:00,2026-08-20 23:00:00+00:00,37712.38,38925.65943179367
2026-08-20 21:00:00+00:00,2026-08-21 00:00:00+00:00,36797.2,38494.00200410843
2026-08-20 21:00:00+00:00,2026-08-21 01:00:00+00:00,37424.23,38147.05066751068
2026-08-20 21:00:00+00:00,2026-08-21 02:00:00+00:00,37773.96,38307.66597761991
2026-08-20 21:00:00+00:00,2026-08-21 03:00:00+00:00,41195.04,40235.96712275726
2026-08-20 21:00:00+00:00,2026-08-21 04:00:00+00:00,46246.9,43905.6101771482
2026-08-20 21:00:00+00:00,2026-08-21 05:00:00+00:00,50077.3,48164.3875484214
2026-08-20 21:00:00+00:00,2026-08-21 06:00:00+00:00,54199.25,52354.3872258196
2026-08-20 21:00:00+00:00,2026-08-21 07:00:00+00:00,55648.58,54486.66097498804
2026-08-20 21:00:00+00:00,2026-08-21 08:00:00+00:00,56016.32,54933.384941803415
2026-08-20 21:00:00+00:00,2026-08-21 09:00:00+00:00,55958.95,54895.81715786577
2026-08-20 21:00:00+00:00,2026-08-21 10:00:00+00:00,55571.06,53894.43123537228
2026-08-20 21:00:00+00:00,2026-08-21 11:00:00+00:00,54611.7,52659.02729676639
2026-08-20 21:00:00+00:00,2026-08-21 12:00:00+00:00,53483.03,51474.23534915829
2026-08-20 21:00:00+00:00,2026-08-21 13:00:00+00:00,52195.29,50913.82376467241
2026-08-20 21:00:00+00:00,2026-08-21 14:00:00+00:00,51595.95,50356.74780140916
2026-08-20 21:00:00+00:00,2026-08-21 15:00:00+00:00,52090.74,50469.38402061154
2026-08-20 21:00:00+00:00,2026-08-21 16:00:00+00:00,51763.31,51168.62991674231
2026-08-20 21:00:00+00:00,2026-08-21 17:00:00+00:00,50105.97,50760.8439084616
2026-08-20 21:00:00+00:00,2026-08-21 18:00:00+00:00,47316.87,48725.41305847883
2026-08-20 21:00:00+00:00,2026-08-21 19:00:00+00:00,44872.85,46781.79956383354
2026-08-20 21:00:00+00:00,2026-08-21 20:00:00+00:00,43008.08,44896.44366474836
2026-08-20 21:00:00+00:00,2026-08-21 21:00:00+00:00,40808.5,42612.81198525685
2026-08-21 21:00:00+00:00,2026-08-21 22:00:00+00:00,38612.64,38949.845999720346
2026-08-21 21:00:00+00:00,2026-08-21 23:00:00+00:00,37406.86,37658.128655688444
2026-08-21 21:00:00+00:00,2026-08-22 00:00:00+00:00,37577.0,36878.14831882633
2026-08-21 21:00:00+00:00,2026-08-22 01:00:00+00:00,36975.04,36859.13409498704
2026-08-21 21:00:00+00:00,2026-08-22 02:00:00+00:00,37431.52,37284.35084834053
2026-08-21 21:00:00+00:00,2026-08-22 03:00:00+00:00,39210.23,37715.18335309592
2026-08-21 21:00:00+00:00,2026-08-22 04:00:00+00:00,39895.36,39432.3370891009
2026-08-21 21:00:00+00:00,2026-08-22 05:00:00+00:00,42110.11,41981.769441693876
2026-08-21 21:00:00+00:00,2026-08-22 06:00:00+00:00,44491.87,44870.62616185304
2026-08-21 21:00:00+00:00,2026-08-22 07:00:00+00:00,46918.08,47379.124616381276
2026-08-21 21:00:00+00:00,2026-08-22 08:00:00+00:00,48064.44,47756.65639409237
2026-08-21 21:00:00+00:00,2026-08-22 09:00:00+00:00,48079.19,48322.0185116003
2026-08-21 21:00:00+00:00,2026-08-22 10:00:00+00:00,46156.4,47701.596681503244
2026-08-21 21:00:00+00:00,2026-08-22 11:00:00+00:00,44945.59,46991.31543662457
2026-08-21 21:00:00+00:00,2026-08-22 12:00:00+00:00,43641.8,45979.65556796697
2026-08-21 21:00:00+00:00,2026-08-22 13:00:00+00:00,43127.21,45457.933340625554
2026-08-21 21:00:00+00:00,2026-08-22 14:00:00+00:00,42669.67,46006.82556090916
2026-08-21 21:00:00+00:00,2026-08-22 15:00:00+00:00,44503.74,46768.31312857862
2026-08-21 21:00:00+00:00,2026-08-22 16:00:00+00:00,44404.23,47527.25650916931
2026-08-21 21:00:00+00:00,2026-08-22 17:00:00+00:00,44825.24,47249.05548038439
2026-08-21 21:00:00+00:00,2026-08-22 18:00:00+00:00,43740.44,46124.35394636671
2026-08-21 21:00:00+00:00,2026-08-22 19:00:00+00:00,41767.29,44755.97665862124
2026-08-21 21:00:00+00:00,2026-08-22 20:00:00+00:00,39608.8,43122.03035795233
2026-08-21 21:00:00+00:00,2026-08-22 21:00:00+00:00,38212.7,41170.33882357713
2026-08-22 21:00:00+00:00,2026-08-22 22:00:00+00:00,35952.89,37399.37175154858
2026-08-22 21:00:00+00:00,2026-08-22 23:00:00+00:00,35051.41,36562.59477412133
2026-08-22 21:00:00+00:00,2026-08-23 00:00:00+00:00,34078.77,35567.1818294084
2026-08-22 21:00:00+00:00,2026-08-23 01:00:00+00:00,33661.34,35189.9894477952
2026-08-22 21:00:00+00:00,2026-08-23 02:00:00+00:00,33902.22,35155.23159525107
2026-08-22 21:00:00+00:00,2026-08-23 03:00:00+00:00,34335.93,35524.952759176755
2026-08-22 21:00:00+00:00,2026-08-23 04:00:00+00:00,35046.78,36123.71700914578
2026-08-22 21:00:00+00:00,2026-08-23 05:00:00+00:00,36662.96,37628.370291916406
2026-08-22 21:00:00+00:00,2026-08-23 06:00:00+00:00,40067.31,40163.34810218074
2026-08-22 21:00:00+00:00,2026-08-23 07:00:00+00:00,43266.63,42381.1756826089
2026-08-22 21:00:00+00:00,2026-08-23 08:00:00+00:00,44073.86,43941.36176275571
2026-08-22 21:00:00+00:00,2026-08-23 09:00:00+00:00,44230.31,44785.12832113502
2026-08-22 21:00:00+00:00,2026-08-23 10:00:00+00:00,43576.95,44168.206853710595
2026-08-22 21:00:00+00:00,2026-08-23 11:00:00+00:00,42447.2,43091.654162666426
2026-08-22 21:00:00+00:00,2026-08-23 12:00:00+00:00,40743.35,42041.65836387545
2026-08-22 21:00:00+00:00,2026-08-23 13:00:00+00:00,38970.59,41775.25651708659
2026-08-22 21:00:00+00:00,2026-08-23 14:00:00+00:00,39375.34,42522.58234989302
2026-08-22 21:00:00+00:00,2026-08-23 15:00:00+00:00,40500.55,43731.49071346633
2026-08-22 21:00:00+00:00,2026-08-23 16:00:00+00:00,42275.8,44958.68439377684
2026-08-22 21:00:00+00:00,2026-08-23 17:00:00+00:00,41995.11,45217.793949710234
2026-08-22 21:00:00+00:00,2026-08-23 18:00:00+00:00,41491.13,44814.31790988824
2026-08-22 21:00:00+00:00,2026-08-23 19:00:00+00:00,40657.11,43998.78046216067
2026-08-22 21:00:00+00:00,2026-08-23 20:00:00+00:00,39449.72,42542.305729690306
2026-08-22 21:00:00+00:00,2026-08-23 21:00:00+00:00,37831.47,40707.44742667862
2026-08-23 21:00:00+00:00,2026-08-23 22:00:00+00:00,37045.12,36907.25121925072
2026-08-23 21:00:00+00:00,2026-08-23 23:00:00+00:00,36164.68,36066.25284063132
2026-08-23 21:00:00+00:00,2026-08-24 00:00:00+00:00,35579.5,35532.303967611384
2026-08-23 21:00:00+00:00,2026-08-24 01:00:00+00:00,35890.71,35841.98571050195
2026-08-23 21:00:00+00:00,2026-08-24 02:00:00+00:00,36628.67,36457.403984477205
2026-08-23 21:00:00+00:00,2026-08-24 03:00:00+00:00,40533.68,39145.98492228017
2026-08-23 21:00:00+00:00,2026-08-24 04:00:00+00:00,46495.49,43502.6760199761
2026-08-23 21:00:00+00:00,2026-08-24 05:00:00+00:00,51193.24,49132.82385185736
2026-08-23 21:00:00+00:00,2026-08-24 06:00:00+00:00,54474.49,52985.70683629193
2026-08-23 21:00:00+00:00,2026-08-24 07:00:00+00:00,55496.79,55428.043412892766
2026-08-23 21:00:00+00:00,2026-08-24 08:00:00+00:00,55283.36,55792.15743896541
2026-08-23 21:00:00+00:00,2026-08-24 09:00:00+00:00,54670.92,56235.98243070112
2026-08-23 21:00:00+00:00,2026-08-24 10:00:00+00:00,54492.88,55476.63091071534
2026-08-23 21:00:00+00:00,2026-08-24 11:00:00+00:00,54110.6,54428.22092627493
2026-08-23 21:00:00+00:00,2026-08-24 12:00:00+00:00,52116.51,53686.896162935234
2026-08-23 21:00:00+00:00,2026-08-24 13:00:00+00:00,51030.99,52952.55755632833
2026-08-23 21:00:00+00:00,2026-08-24 14:00:00+00:00,51868.09,52767.73919963575
2026-08-23 21:00:00+00:00,2026-08-24 15:00:00+00:00,53586.27,53239.19268211625
2026-08-23 21:00:00+00:00,2026-08-24 16:00:00+00:00,54599.38,53506.20640222242
2026-08-23 21:00:00+00:00,2026-08-24 17:00:00+00:00,54652.15,52916.46957416106
2026-08-23 21:00:00+00:00,2026-08-24 18:00:00+00:00,52956.65,51011.86902453681
2026-08-23 21:00:00+00:00,2026-08-24 19:00:00+00:00,50799.81,49204.683405888296
2026-08-23 21:00:00+00:00,2026-08-24 20:00:00+00:00,47617.42,47599.35031721738
2026-08-23 21:00:00+00:00,2026-08-24 21:00:00+00:00,44625.88,44736.628961958326
2026-08-24 21:00:00+00:00,2026-08-24 22:00:00+00:00,42324.76,42585.9570777651
2026-08-24 21:00:00+00:00,2026-08-24 23:00:00+00:00,40998.74,41107.906902878465
2026-08-24 21:00:00+00:00,2026-08-25 00:00:00+00:00,40409.94,40078.829652041735
2026-08-24 21:00:00+00:00,2026-08-25 01:00:00+00:00,40722.65,40161.48955169571
2026-08-24 21:00:00+00:00,2026-08-25 02:00:00+00:00,40805.2,40981.52474181837
2026-08-24 21:00:00+00:00,2026-08-25 03:00:00+00:00,44096.09,43665.89645377922
2026-08-24 21:00:00+00:00,2026-08-25 04:00:00+00:00,50593.26,48156.732672585604
2026-08-24 21:00:00+00:00,2026-08-25 05:00:00+00:00,53941.06,52153.67256421339
2026-08-24 21:00:00+00:00,2026-08-25 06:00:00+00:00,55893.27,55628.27405128202
2026-08-24 21:00:00+00:00,2026-08-25 07:00:00+00:00,57316.86,56897.03810291906
2026-08-24 21:00:00+00:00,2026-08-25 08:00:00+00:00,57257.77,57036.448912294385
2026-08-24 21:00:00+00:00,2026-08-25 09:00:00+00:00,56496.6,56864.351441777835
2026-08-24 21:00:00+00:00,2026-08-25 10:00:00+00:00,55393.11,56396.28240010914
2026-08-24 21:00:00+00:00,2026-08-25 11:00:00+00:00,55104.01,55697.05006590315
2026-08-24 21:00:00+00:00,2026-08-25 12:00:00+00:00,53856.09,54724.464977037765
2026-08-24 21:00:00+00:00,2026-08-25 13:00:00+00:00,54206.05,54237.29339179367
2026-08-24 21:00:00+00:00,2026-08-25 14:00:00+00:00,54212.91,53930.49935215266
2026-08-24 21:00:00+00:00,2026-08-25 15:00:00+00:00,54927.46,54677.506304200404
2026-08-24 21:00:00+00:00,2026-08-25 16:00:00+00:00,55529.18,55320.50936572725
2026-08-24 21:00:00+00:00,2026-08-25 17:00:00+00:00,54690.72,54661.83294367881
2026-08-24 21:00:00+00:00,2026-08-25 18:00:00+00:00,53814.54,52816.91883294049
2026-08-24 21:00:00+00:00,2026-08-25 19:00:00+00:00,52224.72,50475.32162772079
2026-08-24 21:00:00+00:00,2026-08-25 20:00:00+00:00,48713.43,48283.54172305461
2026-08-24 21:00:00+00:00,2026-08-25 21:00:00+00:00,46107.47,45178.75772388533
2026-08-25 21:00:00+00:00,2026-08-25 22:00:00+00:00,44195.08,43806.68606822301
2026-08-25 21:00:00+00:00,2026-08-25 23:00:00+00:00,43146.57,42270.35690011316
2026-08-25 21:00:00+00:00,2026-08-26 00:00:00+00:00,42329.5,41480.56848789324
2026-08-25 21:00:00+00:00,2026-08-26 01:00:00+00:00,42435.02,41729.333731929335
2026-08-25 21:00:00+00:00,2026-08-26 02:00:00+00:00,42773.29,42620.247608110156
2026-08-25 21:00:00+00:00,2026-08-26 03:00:00+00:00,45825.02,45201.46542678725
2026-08-25 21:00:00+00:00,2026-08-26 04:00:00+00:00,51571.58,50076.28287670994
2026-08-25 21:00:00+00:00,2026-08-26 05:00:00+00:00,55054.33,53918.06494500446
2026-08-25 21:00:00+00:00,2026-08-26 06:00:00+00:00,57905.07,57003.03908602966
2026-08-25 21:00:00+00:00,2026-08-26 07:00:00+00:00,60252.16,57439.03429795432
2026-08-25 21:00:00+00:00,2026-08-26 08:00:00+00:00,60484.32,57450.194631808365
2026-08-25 21:00:00+00:00,2026-08-26 09:00:00+00:00,60532.98,57006.84571711802
2026-08-25 21:00:00+00:00,2026-08-26 10:00:00+00:00,58828.3,56255.65367709701
2026-08-25 21:00:00+00:00,2026-08-26 11:00:00+00:00,56639.52,55226.325595283735
2026-08-25 21:00:00+00:00,2026-08-26 12:00:00+00:00,54480.14,54017.61247852243
2026-08-25 21:00:00+00:00,2026-08-26 13:00:00+00:00,54053.81,53265.96314853272
2026-08-25 21:00:00+00:00,2026-08-26 14:00:00+00:00,53966.04,53218.38399734026
2026-08-25 21:00:00+00:00,2026-08-26 15:00:00+00:00,55295.86,53797.99356947476
2026-08-25 21:00:00+00:00,2026-08-26 16:00:00+00:00,55688.24,54315.09659711229
2026-08-25 21:00:00+00:00,2026-08-26 17:00:00+00:00,54153.28,53362.078966037116
2026-08-25 21:00:00+00:00,2026-08-26 18:00:00+00:00,53394.15,51092.72156911952
2026-08-25 21:00:00+00:00,2026-08-26 19:00:00+00:00,51599.49,49788.24455491494
2026-08-25 21:00:00+00:00,2026-08-26 20:00:00+00:00,48370.72,47563.28886801892
2026-08-25 21:00:00+00:00,2026-08-26 21:00:00+00:00,45220.87,44538.01875862004
2026-08-26 21:00:00+00:00,2026-08-26 22:00:00+00:00,42936.67,42884.8933713031
2026-08-26 21:00:00+00:00,2026-08-26 23:00:00+00:00,42434.75,41519.15395088569
2026-08-26 21:00:00+00:00,2026-08-27 00:00:00+00:00,41352.96,40653.010313243925
2026-08-26 21:00:00+00:00,2026-08-27 01:00:00+00:00,40103.62,40825.897081967145
2026-08-26 21:00:00+00:00,2026-08-27 02:00:00+00:00,40871.43,41340.93371092118
2026-08-26 21:00:00+00:00,2026-08-27 03:00:00+00:00,44055.89,43398.01086789393
2026-08-26 21:00:00+00:00,2026-08-27 04:00:00+00:00,49413.2,47181.215365413715
2026-08-26 21:00:00+00:00,2026-08-27 05:00:00+00:00,53379.97,50715.204327412466
2026-08-26 21:00:00+00:00,2026-08-27 06:00:00+00:00,56071.85,53461.077529062975
2026-08-26 21:00:00+00:00,2026-08-27 07:00:00+00:00,57220.59,55838.02708501949
2026-08-26 21:00:00+00:00,2026-08-27 08:00:00+00:00,58716.98,56669.82452324674
2026-08-26 21:00:00+00:00,2026-08-27 09:00:00+00:00,58089.99,56658.5570275023
2026-08-26 21:00:00+00:00,2026-08-27 10:00:00+00:00,57410.07,56093.62414873838
2026-08-26 21:00:00+00:00,2026-08-27 11:00:00+00:00,56775.5,55083.23803358365
2026-08-26 21:00:00+00:00,2026-08-27 12:00:00+00:00,55851.2,53524.49538652817
2026-08-26 21:00:00+00:00,2026-08-27 13:00:00+00:00,56081.61,52806.943830648364
2026-08-26 21:00:00+00:00,2026-08-27 14:00:00+00:00,55976.01,52618.17452426801
2026-08-26 21:00:00+00:00,2026-08-27 15:00:00+00:00,55941.94,53160.75274642346
2026-08-26 21:00:00+00:00,2026-08-27 16:00:00+00:00,56757.0,53465.18878551632
2026-08-26 21:00:00+00:00,2026-08-27 17:00:00+00:00,55398.1,53021.11643136581
2026-08-26 21:00:00+00:00,2026-08-27 18:00:00+00:00,54521.64,51215.897248604364
2026-08-26 21:00:00+00:00,2026-08-27 19:00:00+00:00,52255.67,49544.79437605406
2026-08-26 21:00:00+00:00,2026-08-27 20:00:00+00:00,48623.87,47297.07913459466
2026-08-26 21:00:00+00:00,2026-08-27 21:00:00+00:00,46769.63,44538.09301481945
2026-08-27 21:00:00+00:00,2026-08-27 22:00:00+00:00,42209.69,44235.67089521678
2026-08-27 21:00:00+00:00,2026-08-27 23:00:00+00:00,40837.66,42851.469547176945
2026-08-27 21:00:00+00:00,2026-08-28 00:00:00+00:00,41233.12,41975.37368888508
2026-08-27 21:00:00+00:00,2026-08-28 01:00:00+00:00,40674.49,41679.672540090505
2026-08-27 21:00:00+00:00,2026-08-28 02:00:00+00:00,40587.27,42209.416389080696
2026-08-27 21:00:00+00:00,2026-08-28 03:00:00+00:00,44479.89,43811.6798118501
2026-08-27 21:00:00+00:00,2026-08-28 04:00:00+00:00,49813.41,47540.14437168809
2026-08-27 21:00:00+00:00,2026-08-28 05:00:00+00:00,52798.87,51814.418345975966
2026-08-27 21:00:00+00:00,2026-08-28 06:00:00+00:00,56668.21,54835.324035929334
2026-08-27 21:00:00+00:00,2026-08-28 07:00:00+00:00,58624.77,56457.77742155875
2026-08-27 21:00:00+00:00,2026-08-28 08:00:00+00:00,57718.7,56784.313679455736
2026-08-27 21:00:00+00:00,2026-08-28 09:00:00+00:00,59690.89,56416.96836434914
2026-08-27 21:00:00+00:00,2026-08-28 10:00:00+00:00,59308.77,55609.11206062384
2026-08-27 21:00:00+00:00,2026-08-28 11:00:00+00:00,57463.69,54229.59034362658
2026-08-27 21:00:00+00:00,2026-08-28 12:00:00+00:00,54471.18,52762.18338817776
2026-08-27 21:00:00+00:00,2026-08-28 13:00:00+00:00,53402.2,52328.81016227362
2026-08-27 21:00:00+00:00,2026-08-28 14:00:00+00:00,53205.27,52421.608784465214
2026-08-27 21:00:00+00:00,2026-08-28 15:00:00+00:00,54565.86,53184.79863611739
2026-08-27 21:00:00+00:00,2026-08-28 16:00:00+00:00,54669.18,53763.83413909496
2026-08-27 21:00:00+00:00,2026-08-28 17:00:00+00:00,53108.66,52791.94101212938
2026-08-27 21:00:00+00:00,2026-08-28 18:00:00+00:00,50653.75,50676.45126363465
2026-08-27 21:00:00+00:00,2026-08-28 19:00:00+00:00,48379.64,48924.65615989677
2026-08-27 21:00:00+00:00,2026-08-28 20:00:00+00:00,46650.72,46889.86127929841
2026-08-27 21:00:00+00:00,2026-08-28 21:00:00+00:00,42577.88,44661.83444601525
2026-08-28 21:00:00+00:00,2026-08-28 22:00:00+00:00,40180.79,40322.694263690726
2026-08-28 21:00:00+00:00,2026-08-28 23:00:00+00:00,39370.7,38484.59493782943
2026-08-28 21:00:00+00:00,2026-08-29 00:00:00+00:00,37966.62,37544.080997584686
2026-08-28 21:00:00+00:00,2026-08-29 01:00:00+00:00,37576.9,37241.2035863888
2026-08-28 21:00:00+00:00,2026-08-29 02:00:00+00:00,37573.9,37464.372656783155
2026-08-28 21:00:00+00:00,2026-08-29 03:00:00+00:00,38456.69,38361.42677049765
2026-08-28 21:00:00+00:00,2026-08-29 04:00:00+00:00,38839.29,39904.55942996812
2026-08-28 21:00:00+00:00,2026-08-29 05:00:00+00:00,41211.29,42167.159764028554
2026-08-28 21:00:00+00:00,2026-08-29 06:00:00+00:00,45527.19,44543.90130070288
2026-08-28 21:00:00+00:00,2026-08-29 07:00:00+00:00,48731.91,46558.602341762016
2026-08-28 21:00:00+00:00,2026-08-29 08:00:00+00:00,49373.86,47416.236836071796
2026-08-28 21:00:00+00:00,2026-08-29 09:00:00+00:00,48496.13,47273.339227556964
2026-08-28 21:00:00+00:00,2026-08-29 10:00:00+00:00,48310.83,46253.85392871296
2026-08-28 21:00:00+00:00,2026-08-29 11:00:00+00:00,45961.44,45372.50273085856
2026-08-28 21:00:00+00:00,2026-08-29 12:00:00+00:00,44661.14,44197.781909218436
2026-08-28 21:00:00+00:00,2026-08-29 13:00:00+00:00,43465.98,43591.29872070959
2026-08-28 21:00:00+00:00,2026-08-29 14:00:00+00:00,44688.67,43785.842948759564
2026-08-28 21:00:00+00:00,2026-08-29 15:00:00+00:00,45411.9,44861.219815248616
2026-08-28 21:00:00+00:00,2026-08-29 16:00:00+00:00,45777.69,45838.41728870315
2026-08-28 21:00:00+00:00,2026-08-29 17:00:00+00:00,45411.01,45857.46269529113
2026-08-28 21:00:00+00:00,2026-08-29 18:00:00+00:00,43548.32,45004.304122664056
2026-08-28 21:00:00+00:00,2026-08-29 19:00:00+00:00,42476.57,43770.103160493236
2026-08-28 21:00:00+00:00,2026-08-29 20:00:00+00:00,40925.04,42005.0404492539
2026-08-28 21:00:00+00:00,2026-08-29 21:00:00+00:00,38145.15,40107.32584592729
2026-08-29 21:00:00+00:00,2026-08-29 22:00:00+00:00,35740.14,36744.79622003462
2026-08-29 21:00:00+00:00,2026-08-29 23:00:00+00:00,34350.48,36038.03632278396
2026-08-29 21:00:00+00:00,2026-08-30 00:00:00+00:00,33166.67,35315.5777710448
2026-08-29 21:00:00+00:00,2026-08-30 01:00:00+00:00,32598.39,34958.709263743825
2026-08-29 21:00:00+00:00,2026-08-30 02:00:00+00:00,33091.53,34928.728793947186
2026-08-29 21:00:00+00:00,2026-08-30 03:00:00+00:00,33730.76,35208.42877219335
2026-08-29 21:00:00+00:00,2026-08-30 04:00:00+00:00,34493.93,35683.462655419215
2026-08-29 21:00:00+00:00,2026-08-30 05:00:00+00:00,36172.17,37198.246724236466
2026-08-29 21:00:00+00:00,2026-08-30 06:00:00+00:00,39306.43,39291.02647107877
2026-08-29 21:00:00+00:00,2026-08-30 07:00:00+00:00,43418.61,41277.029850300816
2026-08-29 21:00:00+00:00,2026-08-30 08:00:00+00:00,45122.47,42640.481616542565
2026-08-29 21:00:00+00:00,2026-08-30 09:00:00+00:00,45234.82,43455.26488886768
2026-08-29 21:00:00+00:00,2026-08-30 10:00:00+00:00,45294.74,43201.97367143705
2026-08-29 21:00:00+00:00,2026-08-30 11:00:00+00:00,43166.31,42192.087588598006
2026-08-29 21:00:00+00:00,2026-08-30 12:00:00+00:00,41496.99,41333.99125594652
2026-08-29 21:00:00+00:00,2026-08-30 13:00:00+00:00,39867.39,40827.00531934215
2026-08-29 21:00:00+00:00,2026-08-30 14:00:00+00:00,41125.81,41253.38444011625
2026-08-29 21:00:00+00:00,2026-08-30 15:00:00+00:00,41838.42,42893.195718828894
2026-08-29 21:00:00+00:00,2026-08-30 16:00:00+00:00,43823.07,44147.31432881213
2026-08-29 21:00:00+00:00,2026-08-30 17:00:00+00:00,44687.13,44476.806915401365
2026-08-29 21:00:00+00:00,2026-08-30 18:00:00+00:00,44971.78,43757.54702613644
2026-08-29 21:00:00+00:00,2026-08-30 19:00:00+00:00,44092.06,42371.40016430266
2026-08-29 21:00:00+00:00,2026-08-30 20:00:00+00:00,42213.9,40866.1668719595
2026-08-29 21:00:00+00:00,2026-08-30 21:00:00+00:00,40453.73,38948.20598684981
2026-08-30 21:00:00+00:00,2026-08-30 22:00:00+00:00,39226.49,39100.64243423822
2026-08-30 21:00:00+00:00,2026-08-30 23:00:00+00:00,38122.95,38075.57890250805
2026-08-30 21:00:00+00:00,2026-08-31 00:00:00+00:00,37619.25,37435.14097861443
2026-08-30 21:00:00+00:00,2026-08-31 01:00:00+00:00,38691.08,37459.1045401286
2026-08-30 21:00:00+00:00,2026-08-31 02:00:00+00:00,39408.73,38574.83225210961
2026-08-30 21:00:00+00:00,2026-08-31 03:00:00+00:00,42506.84,40990.7705758068
2026-08-30 21:00:00+00:00,2026-08-31 04:00:00+00:00,49297.38,45730.807414727264
2026-08-30 21:00:00+00:00,2026-08-31 05:00:00+00:00,54686.04,50845.785577946284
2026-08-30 21:00:00+00:00,2026-08-31 06:00:00+00:00,58371.31,54193.04003043731
2026-08-30 21:00:00+00:00,2026-08-31 07:00:00+00:00,58329.41,55932.557788613114
2026-08-30 21:00:00+00:00,2026-08-31 08:00:00+00:00,58482.38,56444.02888832588
2026-08-30 21:00:00+00:00,2026-08-31 09:00:00+00:00,59353.32,56623.20441982825
2026-08-30 21:00:00+00:00,2026-08-31 10:00:00+00:00,59965.29,56098.58931501841
2026-08-30 21:00:00+00:00,2026-08-31 11:00:00+00:00,58719.04,55285.00609363277
2026-08-30 21:00:00+00:00,2026-08-31 12:00:00+00:00,56679.32,54244.12741173021
2026-08-30 21:00:00+00:00,2026-08-31 13:00:00+00:00,55830.04,53299.49462228655
2026-08-30 21:00:00+00:00,2026-08-31 14:00:00+00:00,54941.83,52924.923849474144
2026-08-30 21:00:00+00:00,2026-08-31 15:00:00+00:00,54426.61,52990.04670676955
2026-08-30 21:00:00+00:00,2026-08-31 16:00:00+00:00,55309.6,53559.21965869827
2026-08-30 21:00:00+00:00,2026-08-31 17:00:00+00:00,54317.13,52958.94715806222
2026-08-30 21:00:00+00:00,2026-08-31 18:00:00+00:00,51450.88,50854.59046296403
2026-08-30 21:00:00+00:00,2026-08-31 19:00:00+00:00,48087.01,48659.853335451386
2026-08-30 21:00:00+00:00,2026-08-31 20:00:00+00:00,45330.1,46585.05080290034
2026-08-30 21:00:00+00:00,2026-08-31 21:00:00+00:00,43149.29,43654.7104318591
2026-08-31 21:00:00+00:00,2026-08-31 22:00:00+00:00,41409.27,41690.005464199756
2026-08-31 21:00:00+00:00,2026-08-31 23:00:00+00:00,40429.25,40338.60627487699
2026-08-31 21:00:00+00:00,2026-09-01 00:00:00+00:00,40787.85,39400.1933297467
2026-08-31 21:00:00+00:00,2026-09-01 01:00:00+00:00,40431.11,39299.56382927411
2026-08-31 21:00:00+00:00,2026-09-01 02:00:00+00:00,41177.45,40068.208359297336
2026-08-31 21:00:00+00:00,2026-09-01 03:00:00+00:00,44058.37,42638.23699461432
2026-08-31 21:00:00+00:00,2026-09-01 04:00:00+00:00,49296.65,46817.66394750798
2026-08-31 21:00:00+00:00,2026-09-01 05:00:00+00:00,52702.91,51141.459916674976
2026-08-31 21:00:00+00:00,2026-09-01 06:00:00+00:00,57030.4,54788.81283816162
2026-08-31 21:00:00+00:00,2026-09-01 07:00:00+00:00,59112.31,56576.073268155786
2026-08-31 21:00:00+00:00,2026-09-01 08:00:00+00:00,59134.42,56657.95545188762
2026-08-31 21:00:00+00:00,2026-09-01 09:00:00+00:00,59313.02,56347.33765100665
2026-08-31 21:00:00+00:00,2026-09-01 10:00:00+00:00,58998.65,55734.76262527256
2026-08-31 21:00:00+00:00,2026-09-01 11:00:00+00:00,58661.61,54999.64904030014
2026-08-31 21:00:00+00:00,2026-09-01 12:00:00+00:00,57102.43,53651.10905935388
2026-08-31 21:00:00+00:00,2026-09-01 13:00:00+00:00,55784.94,52867.06948134653
2026-08-31 21:00:00+00:00,2026-09-01 14:00:00+00:00,55099.7,52705.04979337673
2026-08-31 21:00:00+00:00,2026-09-01 15:00:00+00:00,56234.68,53231.36437774227
2026-08-31 21:00:00+00:00,2026-09-01 16:00:00+00:00,56433.68,53873.40551637977
2026-08-31 21:00:00+00:00,2026-09-01 17:00:00+00:00,56285.77,53417.26307719305
2026-08-31 21:00:00+00:00,2026-09-01 18:00:00+00:00,55812.4,51118.492772198006
2026-08-31 21:00:00+00:00,2026-09-01 19:00:00+00:00,53075.97,49025.58212355013
2026-08-31 21:00:00+00:00,2026-09-01 20:00:00+00:00,49911.87,46992.472563436764
2026-08-31 21:00:00+00:00,2026-09-01 21:00:00+00:00,47316.74,44123.314960411
2026-09-01 21:00:00+00:00,2026-09-01 22:00:00+00:00,44995.36,44959.965980397996
2026-09-01 21:00:00+00:00,2026-09-01 23:00:00+00:00,43694.52,43334.06306598956
2026-09-01 21:00:00+00:00,2026-09-02 00:00:00+00:00,42913.03,42697.84655597906
2026-09-01 21:00:00+00:00,2026-09-02 01:00:00+00:00,42797.72,42634.67887725307
2026-09-01 21:00:00+00:00,2026-09-02 02:00:00+00:00,44322.28,43467.367568408765
2026-09-01 21:00:00+00:00,2026-09-02 03:00:00+00:00,47144.38,45830.31485280719
2026-09-01 21:00:00+00:00,2026-09-02 04:00:00+00:00,52873.48,51395.80595140537
2026-09-01 21:00:00+00:00,2026-09-02 05:00:00+00:00,57250.46,55978.482103733695
2026-09-01 21:00:00+00:00,2026-09-02 06:00:00+00:00,60315.11,58597.43915641302
2026-09-01 21:00:00+00:00,2026-09-02 07:00:00+00:00,61646.43,59062.13343640911
2026-09-01 21:00:00+00:00,2026-09-02 08:00:00+00:00,61941.74,59127.05154535299
2026-09-01 21:00:00+00:00,2026-09-02 09:00:00+00:00,60322.59,59155.46145144021
2026-09-01 21:00:00+00:00,2026-09-02 10:00:00+00:00,57809.7,58653.61975889219
2026-09-01 21:00:00+00:00,2026-09-02 11:00:00+00:00,58247.22,57469.80672447051
2026-09-01 21:00:00+00:00,2026-09-02 12:00:00+00:00,56621.86,56324.29896974706
2026-09-01 21:00:00+00:00,2026-09-02 13:00:00+00:00,55958.84,55730.07479638488
2026-09-01 21:00:00+00:00,2026-09-02 14:00:00+00:00,55470.25,55652.12118665217
2026-09-01 21:00:00+00:00,2026-09-02 15:00:00+00:00,56297.86,56476.1569982391
2026-09-01 21:00:00+00:00,2026-09-02 16:00:00+00:00,57136.03,56932.22942044902
2026-09-01 21:00:00+00:00,2026-09-02 17:00:00+00:00,55965.99,56567.916968152
2026-09-01 21:00:00+00:00,2026-09-02 18:00:00+00:00,55003.33,54498.4757638355
2026-09-01 21:00:00+00:00,2026-09-02 19:00:00+00:00,52816.19,52085.839265269344
2026-09-01 21:00:00+00:00,2026-09-02 20:00:00+00:00,49329.49,49525.387760166144
2026-09-01 21:00:00+00:00,2026-09-02 21:00:00+00:00,45614.06,46673.71794416866
2026-09-02 21:00:00+00:00,2026-09-02 22:00:00+00:00,43563.19,43202.902270057515
2026-09-02 21:00:00+00:00,2026-09-02 23:00:00+00:00,41715.12,41873.20363136407
2026-09-02 21:00:00+00:00,2026-09-03 00:00:00+00:00,39915.19,41119.951203400415
2026-09-02 21:00:00+00:00,2026-09-03 01:00:00+00:00,40355.4,41212.31234764948
2026-09-02 21:00:00+00:00,2026-09-03 02:00:00+00:00,42331.59,42188.22792899263
2026-09-02 21:00:00+00:00,2026-09-03 03:00:00+00:00,44954.16,43983.743376363556
2026-09-02 21:00:00+00:00,2026-09-03 04:00:00+00:00,50754.67,49227.01420441719
2026-09-02 21:00:00+00:00,2026-09-03 05:00:00+00:00,54594.29,53796.33825204665
2026-09-02 21:00:00+00:00,2026-09-03 06:00:00+00:00,56872.47,57384.52690086618
2026-09-02 21:00:00+00:00,2026-09-03 07:00:00+00:00,58469.51,58798.62477128761
2026-09-02 21:00:00+00:00,2026-09-03 08:00:00+00:00,59299.82,59386.18409739127
2026-09-02 21:00:00+00:00,2026-09-03 09:00:00+00:00,59798.97,59590.54641719115
2026-09-02 21:00:00+00:00,2026-09-03 10:00:00+00:00,59286.79,58863.284232223356
2026-09-02 21:00:00+00:00,2026-09-03 11:00:00+00:00,60212.83,57808.43497319841
2026-09-02 21:00:00+00:00,2026-09-03 12:00:00+00:00,58957.25,56600.67572441435
2026-09-02 21:00:00+00:00,2026-09-03 13:00:00+00:00,58834.33,55810.11367882932
2026-09-02 21:00:00+00:00,2026-09-03 14:00:00+00:00,58422.72,55542.94093640752
2026-09-02 21:00:00+00:00,2026-09-03 15:00:00+00:00,57637.38,56147.38231693004
2026-09-02 21:00:00+00:00,2026-09-03 16:00:00+00:00,57770.04,56491.61483311545
2026-09-02 21:00:00+00:00,2026-09-03 17:00:00+00:00,57849.16,55989.668012025715
2026-09-02 21:00:00+00:00,2026-09-03 18:00:00+00:00,57144.39,53787.9127673156
2026-09-02 21:00:00+00:00,2026-09-03 19:00:00+00:00,53006.7,51574.4553667497
2026-09-02 21:00:00+00:00,2026-09-03 20:00:00+00:00,49305.37,48875.76551754762
2026-09-02 21:00:00+00:00,2026-09-03 21:00:00+00:00,47320.73,46125.27335867145
2026-09-03 21:00:00+00:00,2026-09-03 22:00:00+00:00,44121.2,44797.23331995609
2026-09-03 21:00:00+00:00,2026-09-03 23:00:00+00:00,42504.95,43316.752780602925
2026-09-03 21:00:00+00:00,2026-09-04 00:00:00+00:00,41305.02,42525.07282375495
2026-09-03 21:00:00+00:00,2026-09-04 01:00:00+00:00,42226.89,42467.339247889264
2026-09-03 21:00:00+00:00,2026-09-04 02:00:00+00:00,44071.96,43407.5006050366
2026-09-03 21:00:00+00:00,2026-09-04 03:00:00+00:00,46532.22,45360.61569973181
2026-09-03 21:00:00+00:00,2026-09-04 04:00:00+00:00,51935.39,50695.18588143066
2026-09-03 21:00:00+00:00,2026-09-04 05:00:00+00:00,57085.58,54603.3516133001
2026-09-03 21:00:00+00:00,2026-09-04 06:00:00+00:00,59726.72,57582.55650820291
2026-09-03 21:00:00+00:00,2026-09-04 07:00:00+00:00,61052.69,58571.44871994511
2026-09-03 21:00:00+00:00,2026-09-04 08:00:00+00:00,61911.38,58506.36512804173
2026-09-03 21:00:00+00:00,2026-09-04 09:00:00+00:00,60958.27,58061.06500912379
2026-09-03 21:00:00+00:00,2026-09-04 10:00:00+00:00,61488.46,57336.2915260559
2026-09-03 21:00:00+00:00,2026-09-04 11:00:00+00:00,60785.49,56421.7009394499
2026-09-03 21:00:00+00:00,2026-09-04 12:00:00+00:00,59672.58,55560.55531635308
2026-09-03 21:00:00+00:00,2026-09-04 13:00:00+00:00,58178.79,55032.833677222116
2026-09-03 21:00:00+00:00,2026-09-04 14:00:00+00:00,57426.46,55258.79530862845
2026-09-03 21:00:00+00:00,2026-09-04 15:00:00+00:00,56369.12,56135.68804035426
2026-09-03 21:00:00+00:00,2026-09-04 16:00:00+00:00,55606.61,56794.41761309568
2026-09-03 21:00:00+00:00,2026-09-04 17:00:00+00:00,54037.69,55863.760646712915
2026-09-03 21:00:00+00:00,2026-09-04 18:00:00+00:00,53128.15,53770.88533038966
2026-09-03 21:00:00+00:00,2026-09-04 19:00:00+00:00,50106.72,51056.50509085503
2026-09-03 21:00:00+00:00,2026-09-04 20:00:00+00:00,47222.55,48540.469642914184
2026-09-03 21:00:00+00:00,2026-09-04 21:00:00+00:00,45205.72,45684.35119118676
2026-09-04 21:00:00+00:00,2026-09-04 22:00:00+00:00,42202.39,42550.45494794671
2026-09-04 21:00:00+00:00,2026-09-04 23:00:00+00:00,41278.67,40881.539409831305
2026-09-04 21:00:00+00:00,2026-09-05 00:00:00+00:00,40453.85,39627.96614367405
2026-09-04 21:00:00+00:00,2026-09-05 01:00:00+00:00,40414.75,39174.28782369325
2026-09-04 21:00:00+00:00,2026-09-05 02:00:00+00:00,39471.53,39649.63675955096
2026-09-04 21:00:00+00:00,2026-09-05 03:00:00+00:00,40058.79,41218.28840267869
2026-09-04 21:00:00+00:00,2026-09-05 04:00:00+00:00,41110.72,42992.85099877327
2026-09-04 21:00:00+00:00,2026-09-05 05:00:00+00:00,43107.99,45083.67793716765
2026-09-04 21:00:00+00:00,2026-09-05 06:00:00+00:00,47359.6,48125.50308733366
2026-09-04 21:00:00+00:00,2026-09-05 07:00:00+00:00,50553.02,49710.48232732262
2026-09-04 21:00:00+00:00,2026-09-05 08:00:00+00:00,52499.79,49970.25676271541
2026-09-04 21:00:00+00:00,2026-09-05 09:00:00+00:00,51719.76,50168.56032148604
2026-09-04 21:00:00+00:00,2026-09-05 10:00:00+00:00,50307.54,48950.4320031628
2026-09-04 21:00:00+00:00,2026-09-05 11:00:00+00:00,49816.62,47855.53718000213
2026-09-04 21:00:00+00:00,2026-09-05 12:00:00+00:00,47558.74,47113.12283322854
2026-09-04 21:00:00+00:00,2026-09-05 13:00:00+00:00,46971.32,46604.23868983044
2026-09-04 21:00:00+00:00,2026-09-05 14:00:00+00:00,46902.81,46619.845153487455
2026-09-04 21:00:00+00:00,2026-09-05 15:00:00+00:00,47544.92,47447.559472340035
2026-09-04 21:00:00+00:00,2026-09-05 16:00:00+00:00,47911.8,48289.59794029742
2026-09-04 21:00:00+00:00,2026-09-05 17:00:00+00:00,47258.41,48288.65950458868
2026-09-04 21:00:00+00:00,2026-09-05 18:00:00+00:00,46695.64,47433.21001407081
2026-09-04 21:00:00+00:00,2026-09-05 19:00:00+00:00,44996.65,46029.86307283315
2026-09-04 21:00:00+00:00,2026-09-05 20:00:00+00:00,42742.83,44203.16444840732
2026-09-04 21:00:00+00:00,2026-09-05 21:00:00+00:00,40439.65,42133.69704788675
2026-09-05 21:00:00+00:00,2026-09-05 22:00:00+00:00,38134.64,38606.15254395862
2026-09-05 21:00:00+00:00,2026-09-05 23:00:00+00:00,36848.5,37217.06836269492
2026-09-05 21:00:00+00:00,2026-09-06 00:00:00+00:00,36190.44,36531.17615669425
2026-09-05 21:00:00+00:00,2026-09-06 01:00:00+00:00,35709.34,36073.836274874295
2026-09-05 21:00:00+00:00,2026-09-06 02:00:00+00:00,35765.0,36405.53280018054
2026-09-05 21:00:00+00:00,2026-09-06 03:00:00+00:00,36729.27,36745.73772869121
2026-09-05 21:00:00+00:00,2026-09-06 04:00:00+00:00,37151.96,37453.68850051286
2026-09-05 21:00:00+00:00,2026-09-06 05:00:00+00:00,38504.78,38599.554235198295
2026-09-05 21:00:00+00:00,2026-09-06 06:00:00+00:00,41982.57,40423.95474647745
2026-09-05 21:00:00+00:00,2026-09-06 07:00:00+00:00,44330.42,42761.98828669312
2026-09-05 21:00:00+00:00,2026-09-06 08:00:00+00:00,44263.52,44042.64616015341
2026-09-05 21:00:00+00:00,2026-09-06 09:00:00+00:00,44884.02,44870.16143260571
2026-09-05 21:00:00+00:00,2026-09-06 10:00:00+00:00,44533.33,44471.76130083088
2026-09-05 21:00:00+00:00,2026-09-06 11:00:00+00:00,43401.32,43464.47135998561
2026-09-05 21:00:00+00:00,2026-09-06 12:00:00+00:00,41511.97,42706.12782570519
2026-09-05 21:00:00+00:00,2026-09-06 13:00:00+00:00,40695.44,42094.76307806354
2026-09-05 21:00:00+00:00,2026-09-06 14:00:00+00:00,40758.61,42637.33119097528
2026-09-05 21:00:00+00:00,2026-09-06 15:00:00+00:00,43637.9,43892.26701300461
2026-09-05 21:00:00+00:00,2026-09-06 16:00:00+00:00,46483.22,45244.301680959594
2026-09-05 21:00:00+00:00,2026-09-06 17:00:00+00:00,46681.63,45544.208056410585
2026-09-05 21:00:00+00:00,2026-09-06 18:00:00+00:00,47138.0,45069.76486814796
2026-09-05 21:00:00+00:00,2026-09-06 19:00:00+00:00,45655.92,44166.442742047766
2026-09-05 21:00:00+00:00,2026-09-06 20:00:00+00:00,43961.41,42729.80406531541
2026-09-05 21:00:00+00:00,2026-09-06 21:00:00+00:00,43023.04,40489.62503001379
2026-09-06 21:00:00+00:00,2026-09-06 22:00:00+00:00,41784.93,41555.05018243388
2026-09-06 21:00:00+00:00,2026-09-06 23:00:00+00:00,40635.18,40195.776156347696
2026-09-06 21:00:00+00:00,2026-09-07 00:00:00+00:00,40200.45,39606.24711361404
2026-09-06 21:00:00+00:00,2026-09-07 01:00:00+00:00,40143.28,40060.07230878815
2026-09-06 21:00:00+00:00,2026-09-07 02:00:00+00:00,40770.25,40858.41599030411
2026-09-06 21:00:00+00:00,2026-09-07 03:00:00+00:00,44618.07,44454.53732158987
2026-09-06 21:00:00+00:00,2026-09-07 04:00:00+00:00,50942.04,51515.66046389975
2026-09-06 21:00:00+00:00,2026-09-07 05:00:00+00:00,54358.14,56638.159306188696
2026-09-06 21:00:00+00:00,2026-09-07 06:00:00+00:00,57682.16,60142.77103497095
2026-09-06 21:00:00+00:00,2026-09-07 07:00:00+00:00,60800.65,60966.34057660182
2026-09-06 21:00:00+00:00,2026-09-07 08:00:00+00:00,62500.42,61233.97590416196
2026-09-06 21:00:00+00:00,2026-09-07 09:00:00+00:00,61808.91,61493.74836605573
2026-09-06 21:00:00+00:00,2026-09-07 10:00:00+00:00,60173.96,61283.46573503503
2026-09-06 21:00:00+00:00,2026-09-07 11:00:00+00:00,59688.31,60549.91543109468
2026-09-06 21:00:00+00:00,2026-09-07 12:00:00+00:00,57633.12,59127.56250189636
2026-09-06 21:00:00+00:00,2026-09-07 13:00:00+00:00,56973.01,58639.76215186795
2026-09-06 21:00:00+00:00,2026-09-07 14:00:00+00:00,56778.71,58654.835943156446
2026-09-06 21:00:00+00:00,2026-09-07 15:00:00+00:00,57628.3,59354.21730339428
2026-09-06 21:00:00+00:00,2026-09-07 16:00:00+00:00,58641.29,59949.052150804724
2026-09-06 21:00:00+00:00,2026-09-07 17:00:00+00:00,58419.29,58893.449070409966
2026-09-06 21:00:00+00:00,2026-09-07 18:00:00+00:00,56913.86,57265.79546152183
2026-09-06 21:00:00+00:00,2026-09-07 19:00:00+00:00,53900.51,54908.37684586199
2026-09-06 21:00:00+00:00,2026-09-07 20:00:00+00:00,50578.44,51803.60813862411
2026-09-06 21:00:00+00:00,2026-09-07 21:00:00+00:00,47718.2,48489.76784973974
2026-09-07 21:00:00+00:00,2026-09-07 22:00:00+00:00,45441.24,45443.58958771158
2026-09-07 21:00:00+00:00,2026-09-07 23:00:00+00:00,43445.76,43974.95077549608
2026-09-07 21:00:00+00:00,2026-09-08 00:00:00+00:00,43034.55,42913.61347782255
2026-09-07 21:00:00+00:00,2026-09-08 01:00:00+00:00,42482.02,42989.250424951075
2026-09-07 21:00:00+00:00,2026-09-08 02:00:00+00:00,43425.13,43952.51321679387
2026-09-07 21:00:00+00:00,2026-09-08 03:00:00+00:00,46179.99,46426.8552235673
2026-09-07 21:00:00+00:00,2026-09-08 04:00:00+00:00,51978.61,51567.92940786446
2026-09-07 21:00:00+00:00,2026-09-08 05:00:00+00:00,55684.35,55481.865728269026
2026-09-07 21:00:00+00:00,2026-09-08 06:00:00+00:00,59132.08,58491.31625391555
2026-09-07 21:00:00+00:00,2026-09-08 07:00:00+00:00,61116.82,59548.363222594904
2026-09-07 21:00:00+00:00,2026-09-08 08:00:00+00:00,60940.28,60301.96009246956
2026-09-07 21:00:00+00:00,2026-09-08 09:00:00+00:00,61850.77,60353.003951889514
2026-09-07 21:00:00+00:00,2026-09-08 10:00:00+00:00,60950.07,59680.941519654974
2026-09-07 21:00:00+00:00,2026-09-08 11:00:00+00:00,59228.71,58633.81655511722
2026-09-07 21:00:00+00:00,2026-09-08 12:00:00+00:00,57521.1,57429.48360319388
2026-09-07 21:00:00+00:00,2026-09-08 13:00:00+00:00,55682.34,56804.71601916361
2026-09-07 21:00:00+00:00,2026-09-08 14:00:00+00:00,54919.54,56936.67338201586
2026-09-07 21:00:00+00:00,2026-09-08 15:00:00+00:00,56372.51,57652.59719699609
2026-09-07 21:00:00+00:00,2026-09-08 16:00:00+00:00,57989.58,58191.71118567577
2026-09-07 21:00:00+00:00,2026-09-08 17:00:00+00:00,57149.47,57603.3806951308
2026-09-07 21:00:00+00:00,2026-09-08 18:00:00+00:00,56525.62,56018.14809962391
2026-09-07 21:00:00+00:00,2026-09-08 19:00:00+00:00,53453.03,53570.957474306015
2026-09-07 21:00:00+00:00,2026-09-08 20:00:00+00:00,49419.01,50539.06342705347
2026-09-07 21:00:00+00:00,2026-09-08 21:00:00+00:00,46536.65,47388.001206006615
2026-09-08 21:00:00+00:00,2026-09-08 22:00:00+00:00,44146.23,44362.29956487094
2026-09-08 21:00:00+00:00,2026-09-08 23:00:00+00:00,42577.39,43011.10555923894
2026-09-08 21:00:00+00:00,2026-09-09 00:00:00+00:00,41704.79,42266.15295795764
2026-09-08 21:00:00+00:00,2026-09-09 01:00:00+00:00,40944.28,42577.96513708177
2026-09-08 21:00:00+00:00,2026-09-09 02:00:00+00:00,42329.25,43639.58070495266
2026-09-08 21:00:00+00:00,2026-09-09 03:00:00+00:00,46322.61,46029.33816227277
2026-09-08 21:00:00+00:00,2026-09-09 04:00:00+00:00,52438.3,51382.71737680175
2026-09-08 21:00:00+00:00,2026-09-09 05:00:00+00:00,55896.48,56553.304335272966
2026-09-08 21:00:00+00:00,2026-09-09 06:00:00+00:00,59132.05,59992.05443391921
2026-09-08 21:00:00+00:00,2026-09-09 07:00:00+00:00,62407.19,60456.67748466908
2026-09-08 21:00:00+00:00,2026-09-09 08:00:00+00:00,63476.63,60479.30420899924
2026-09-08 21:00:00+00:00,2026-09-09 09:00:00+00:00,63251.98,60430.816322231665
2026-09-08 21:00:00+00:00,2026-09-09 10:00:00+00:00,62062.64,59646.09914298532
2026-09-08 21:00:00+00:00,2026-09-09 11:00:00+00:00,61373.27,58417.40633950548
2026-09-08 21:00:00+00:00,2026-09-09 12:00:00+00:00,60405.54,56875.259993440544
2026-09-08 21:00:00+00:00,2026-09-09 13:00:00+00:00,59463.96,56197.41201306962
2026-09-08 21:00:00+00:00,2026-09-09 14:00:00+00:00,58090.69,55752.75128018576
2026-09-08 21:00:00+00:00,2026-09-09 15:00:00+00:00,58548.86,56770.32038986
2026-09-08 21:00:00+00:00,2026-09-09 16:00:00+00:00,60160.33,57402.46954982074
2026-09-08 21:00:00+00:00,2026-09-09 17:00:00+00:00,59391.73,56850.00357256669
2026-09-08 21:00:00+00:00,2026-09-09 18:00:00+00:00,57694.66,55203.65599293923
2026-09-08 21:00:00+00:00,2026-09-09 19:00:00+00:00,54371.73,52617.45823615692
2026-09-08 21:00:00+00:00,2026-09-09 20:00:00+00:00,51569.83,49535.2648813946
2026-09-08 21:00:00+00:00,2026-09-09 21:00:00+00:00,48852.16,46568.56080904023
2026-09-09 21:00:00+00:00,2026-09-09 22:00:00+00:00,46883.1,46555.29094076471
2026-09-09 21:00:00+00:00,2026-09-09 23:00:00+00:00,44596.79,44892.83304041279
2026-09-09 21:00:00+00:00,2026-09-10 00:00:00+00:00,42896.26,44067.5166168373
2026-09-09 21:00:00+00:00,2026-09-10 01:00:00+00:00,42445.38,44189.22571709143
2026-09-09 21:00:00+00:00,2026-09-10 02:00:00+00:00,44010.1,45484.08395953641
2026-09-09 21:00:00+00:00,2026-09-10 03:00:00+00:00,47723.85,47748.433011147245
2026-09-09 21:00:00+00:00,2026-09-10 04:00:00+00:00,54542.4,52852.926124300626
2026-09-09 21:00:00+00:00,2026-09-10 05:00:00+00:00,57337.61,57111.9099334004
2026-09-09 21:00:00+00:00,2026-09-10 06:00:00+00:00,59629.71,60255.83618261125
2026-09-09 21:00:00+00:00,2026-09-10 07:00:00+00:00,60775.79,61115.94869305889
2026-09-09 21:00:00+00:00,2026-09-10 08:00:00+00:00,60449.05,61552.67847979671
2026-09-09 21:00:00+00:00,2026-09-10 09:00:00+00:00,60665.42,61749.83694886459
2026-09-09 21:00:00+00:00,2026-09-10 10:00:00+00:00,60536.61,61080.204605376246
2026-09-09 21:00:00+00:00,2026-09-10 11:00:00+00:00,59118.21,59985.20497918088
2026-09-09 21:00:00+00:00,2026-09-10 12:00:00+00:00,56413.89,58604.71124524365
2026-09-09 21:00:00+00:00,2026-09-10 13:00:00+00:00,55424.66,58005.301174750355
2026-09-09 21:00:00+00:00,2026-09-10 14:00:00+00:00,55497.13,58186.87649931714
2026-09-09 21:00:00+00:00,2026-09-10 15:00:00+00:00,57580.61,59126.43892639317
2026-09-09 21:00:00+00:00,2026-09-10 16:00:00+00:00,58688.96,60194.26867567401
2026-09-09 21:00:00+00:00,2026-09-10 17:00:00+00:00,57373.3,59693.32762606285
2026-09-09 21:00:00+00:00,2026-09-10 18:00:00+00:00,56296.49,57878.176961893005
2026-09-09 21:00:00+00:00,2026-09-10 19:00:00+00:00,54454.48,55013.056177944396
2026-09-09 21:00:00+00:00,2026-09-10 20:00:00+00:00,51219.7,51886.87451152681
2026-09-09 21:00:00+00:00,2026-09-10 21:00:00+00:00,48589.97,49064.399819473925
2026-09-10 21:00:00+00:00,2026-09-10 22:00:00+00:00,46909.28,46446.231848359974
2026-09-10 21:00:00+00:00,2026-09-10 23:00:00+00:00,45840.06,44912.20942021747
2026-09-10 21:00:00+00:00,2026-09-11 00:00:00+00:00,45001.96,43992.360221413415
2026-09-10 21:00:00+00:00,2026-09-11 01:00:00+00:00,45524.53,43517.39796173177
2026-09-10 21:00:00+00:00,2026-09-11 02:00:00+00:00,45993.1,44110.21417880824
2026-09-10 21:00:00+00:00,2026-09-11 03:00:00+00:00,48745.02,46972.82274176727
2026-09-10 21:00:00+00:00,2026-09-11 04:00:00+00:00,55081.16,53363.258347536204
2026-09-10 21:00:00+00:00,2026-09-11 05:00:00+00:00,58023.6,58050.33418150586
2026-09-10 21:00:00+00:00,2026-09-11 06:00:00+00:00,60878.64,60800.14020043572
2026-09-10 21:00:00+00:00,2026-09-11 07:00:00+00:00,62582.43,61147.57170105066
2026-09-10 21:00:00+00:00,2026-09-11 08:00:00+00:00,62186.45,61058.01213344216
2026-09-10 21:00:00+00:00,2026-09-11 09:00:00+00:00,60198.37,60797.43149391538
2026-09-10 21:00:00+00:00,2026-09-11 10:00:00+00:00,57552.27,59902.8617940289
2026-09-10 21:00:00+00:00,2026-09-11 11:00:00+00:00,56533.49,58122.19350417876
2026-09-10 21:00:00+00:00,2026-09-11 12:00:00+00:00,55180.87,56561.09136560309
2026-09-10 21:00:00+00:00,2026-09-11 13:00:00+00:00,54095.27,55695.41404192744
2026-09-10 21:00:00+00:00,2026-09-11 14:00:00+00:00,55012.25,55582.611336164955
2026-09-10 21:00:00+00:00,2026-09-11 15:00:00+00:00,56211.86,56389.1964226052
2026-09-10 21:00:00+00:00,2026-09-11 16:00:00+00:00,56808.45,56978.174638533914
2026-09-10 21:00:00+00:00,2026-09-11 17:00:00+00:00,56021.65,56160.7165394442
2026-09-10 21:00:00+00:00,2026-09-11 18:00:00+00:00,54073.62,54159.442018564936
2026-09-10 21:00:00+00:00,2026-09-11 19:00:00+00:00,51164.57,51912.09413516133
2026-09-10 21:00:00+00:00,2026-09-11 20:00:00+00:00,48223.34,49500.44254292328
2026-09-10 21:00:00+00:00,2026-09-11 21:00:00+00:00,45576.69,46668.07137989306
2026-09-11 21:00:00+00:00,2026-09-11 22:00:00+00:00,42661.45,43277.85788478465
2026-09-11 21:00:00+00:00,2026-09-11 23:00:00+00:00,41061.46,41637.697749179024
2026-09-11 21:00:00+00:00,2026-09-12 00:00:00+00:00,40075.59,40385.386542772234
2026-09-11 21:00:00+00:00,2026-09-12 01:00:00+00:00,39284.28,40417.89362102243
2026-09-11 21:00:00+00:00,2026-09-12 02:00:00+00:00,39960.03,40827.760299432644
2026-09-11 21:00:00+00:00,2026-09-12 03:00:00+00:00,40672.02,41176.237020827175
2026-09-11 21:00:00+00:00,2026-09-12 04:00:00+00:00,42703.48,43178.1936285857
2026-09-11 21:00:00+00:00,2026-09-12 05:00:00+00:00,44466.82,45248.09852222923
2026-09-11 21:00:00+00:00,2026-09-12 06:00:00+00:00,48196.4,48180.248295505364
2026-09-11 21:00:00+00:00,2026-09-12 07:00:00+00:00,51418.63,50509.666680299655
2026-09-11 21:00:00+00:00,2026-09-12 08:00:00+00:00,52777.24,51693.25979228813
2026-09-11 21:00:00+00:00,2026-09-12 09:00:00+00:00,51860.21,52559.828819808296
2026-09-11 21:00:00+00:00,2026-09-12 10:00:00+00:00,49766.82,51985.00927760198
2026-09-11 21:00:00+00:00,2026-09-12 11:00:00+00:00,47851.24,51003.139881519506
2026-09-11 21:00:00+00:00,2026-09-12 12:00:00+00:00,46537.5,49771.1243276154
2026-09-11 21:00:00+00:00,2026-09-12 13:00:00+00:00,45085.83,49195.08502445028
2026-09-11 21:00:00+00:00,2026-09-12 14:00:00+00:00,46311.98,48900.37773743685
2026-09-11 21:00:00+00:00,2026-09-12 15:00:00+00:00,47850.11,49768.40949195776
2026-09-11 21:00:00+00:00,2026-09-12 16:00:00+00:00,48205.42,50300.908740134706
2026-09-11 21:00:00+00:00,2026-09-12 17:00:00+00:00,48031.72,49888.00161885843
2026-09-11 21:00:00+00:00,2026-09-12 18:00:00+00:00,47265.3,48661.29493351451
2026-09-11 21:00:00+00:00,2026-09-12 19:00:00+00:00,45265.65,47457.95597747369
2026-09-11 21:00:00+00:00,2026-09-12 20:00:00+00:00,43085.4,45208.5433542207
2026-09-11 21:00:00+00:00,2026-09-12 21:00:00+00:00,40972.02,42527.03320001466
2026-09-12 21:00:00+00:00,2026-09-12 22:00:00+00:00,38644.17,38997.94018163419
2026-09-12 21:00:00+00:00,2026-09-12 23:00:00+00:00,36877.27,37786.94063029498
2026-09-12 21:00:00+00:00,2026-09-13 00:00:00+00:00,36420.32,36910.913918241626
2026-09-12 21:00:00+00:00,2026-09-13 01:00:00+00:00,36380.48,36296.31341364543
2026-09-12 21:00:00+00:00,2026-09-13 02:00:00+00:00,35946.22,36638.157959658405
2026-09-12 21:00:00+00:00,2026-09-13 03:00:00+00:00,36595.34,37047.99496444679
2026-09-12 21:00:00+00:00,2026-09-13 04:00:00+00:00,37757.47,38329.17841487413
2026-09-12 21:00:00+00:00,2026-09-13 05:00:00+00:00,39384.69,39709.59784061856
2026-09-12 21:00:00+00:00,2026-09-13 06:00:00+00:00,42376.72,42664.153229099116
2026-09-12 21:00:00+00:00,2026-09-13 07:00:00+00:00,45344.52,45060.43957341648
2026-09-12 21:00:00+00:00,2026-09-13 08:00:00+00:00,47681.51,45731.698764440756
2026-09-12 21:00:00+00:00,2026-09-13 09:00:00+00:00,49805.03,46438.0938536241
2026-09-12 21:00:00+00:00,2026-09-13 10:00:00+00:00,49560.82,45834.58635189496
2026-09-12 21:00:00+00:00,2026-09-13 11:00:00+00:00,47997.48,44606.07554328541
2026-09-12 21:00:00+00:00,2026-09-13 12:00:00+00:00,46926.5,43011.94054528359
2026-09-12 21:00:00+00:00,2026-09-13 13:00:00+00:00,46490.01,42024.484212215044
2026-09-12 21:00:00+00:00,2026-09-13 14:00:00+00:00,47171.27,42519.04256541239
2026-09-12 21:00:00+00:00,2026-09-13 15:00:00+00:00,49266.51,44546.582634896695
2026-09-12 21:00:00+00:00,2026-09-13 16:00:00+00:00,50599.06,46419.86745655047
2026-09-12 21:00:00+00:00,2026-09-13 17:00:00+00:00,49469.65,46987.987298045606
2026-09-12 21:00:00+00:00,2026-09-13 18:00:00+00:00,48607.39,46806.79639304389
2026-09-12 21:00:00+00:00,2026-09-13 19:00:00+00:00,47200.19,45665.29910622462
2026-09-12 21:00:00+00:00,2026-09-13 20:00:00+00:00,46285.07,44285.475347395186
2026-09-12 21:00:00+00:00,2026-09-13 21:00:00+00:00,44206.23,42065.96641627927
2026-09-13 21:00:00+00:00,2026-09-13 22:00:00+00:00,42772.71,42563.48251708636
2026-09-13 21:00:00+00:00,2026-09-13 23:00:00+00:00,41789.1,41277.318021625775
2026-09-13 21:00:00+00:00,2026-09-14 00:00:00+00:00,41473.65,40621.947873656114
2026-09-13 21:00:00+00:00,2026-09-14 01:00:00+00:00,41032.14,41091.652663752706
2026-09-13 21:00:00+00:00,2026-09-14 02:00:00+00:00,42387.81,42547.61959493519
2026-09-13 21:00:00+00:00,2026-09-14 03:00:00+00:00,46280.08,46544.969274928175
2026-09-13 21:00:00+00:00,2026-09-14 04:00:00+00:00,53895.69,53006.98261506093
2026-09-13 21:00:00+00:00,2026-09-14 05:00:00+00:00,57279.14,57805.61292516997
2026-09-13 21:00:00+00:00,2026-09-14 06:00:00+00:00,60429.56,60957.562721490845
2026-09-13 21:00:00+00:00,2026-09-14 07:00:00+00:00,62528.59,61502.12544159228
2026-09-13 21:00:00+00:00,2026-09-14 08:00:00+00:00,63732.72,61817.7706414846
2026-09-13 21:00:00+00:00,2026-09-14 09:00:00+00:00,63490.58,61936.62159521187
2026-09-13 21:00:00+00:00,2026-09-14 10:00:00+00:00,60702.96,61434.26076393759
2026-09-13 21:00:00+00:00,2026-09-14 11:00:00+00:00,59317.16,60454.069591248466
2026-09-13 21:00:00+00:00,2026-09-14 12:00:00+00:00,58398.25,59204.783075530206
2026-09-13 21:00:00+00:00,2026-09-14 13:00:00+00:00,57069.18,58508.66050594611
2026-09-13 21:00:00+00:00,2026-09-14 14:00:00+00:00,57304.24,58428.53072078834
2026-09-13 21:00:00+00:00,2026-09-14 15:00:00+00:00,58428.84,59571.65745536135
2026-09-13 21:00:00+00:00,2026-09-14 16:00:00+00:00,58837.23,60415.608145873695
2026-09-13 21:00:00+00:00,2026-09-14 17:00:00+00:00,58391.66,59856.663448905565
2026-09-13 21:00:00+00:00,2026-09-14 18:00:00+00:00,57479.29,58185.03466020558
2026-09-13 21:00:00+00:00,2026-09-14 19:00:00+00:00,54895.06,55337.99861846163
2026-09-13 21:00:00+00:00,2026-09-14 20:00:00+00:00,51858.21,51981.6990161732
2026-09-13 21:00:00+00:00,2026-09-14 21:00:00+00:00,48607.36,49050.39259095516
2026-09-14 21:00:00+00:00,2026-09-14 22:00:00+00:00,47074.77,46306.88603281894
2026-09-14 21:00:00+00:00,2026-09-14 23:00:00+00:00,45117.14,44822.56949464707
2026-09-14 21:00:00+00:00,2026-09-15 00:00:00+00:00,43994.02,44162.679263899634
2026-09-14 21:00:00+00:00,2026-09-15 01:00:00+00:00,44367.21,44058.91869957261
2026-09-14 21:00:00+00:00,2026-09-15 02:00:00+00:00,45139.2,45014.531755117016
2026-09-14 21:00:00+00:00,2026-09-15 03:00:00+00:00,48693.99,47699.036253063285
2026-09-14 21:00:00+00:00,2026-09-15 04:00:00+00:00,54884.5,53670.16773315119
2026-09-14 21:00:00+00:00,2026-09-15 05:00:00+00:00,57816.36,58182.136505680464
2026-09-14 21:00:00+00:00,2026-09-15 06:00:00+00:00,61939.87,60981.58640082783
2026-09-14 21:00:00+00:00,2026-09-15 07:00:00+00:00,62397.27,61419.80579865718
2026-09-14 21:00:00+00:00,2026-09-15 08:00:00+00:00,61591.94,61621.37382225524
2026-09-14 21:00:00+00:00,2026-09-15 09:00:00+00:00,60898.18,61740.26625415974
2026-09-14 21:00:00+00:00,2026-09-15 10:00:00+00:00,60455.1,60771.06372009331
2026-09-14 21:00:00+00:00,2026-09-15 11:00:00+00:00,59168.39,59651.87147163646
2026-09-14 21:00:00+00:00,2026-09-15 12:00:00+00:00,57461.94,58097.94564365878
2026-09-14 21:00:00+00:00,2026-09-15 13:00:00+00:00,56971.62,57152.71439339191
2026-09-14 21:00:00+00:00,2026-09-15 14:00:00+00:00,56969.18,56993.90329898145
2026-09-14 21:00:00+00:00,2026-09-15 15:00:00+00:00,58942.84,58095.27217615582
2026-09-14 21:00:00+00:00,2026-09-15 16:00:00+00:00,60803.09,58801.52646526706
2026-09-14 21:00:00+00:00,2026-09-15 17:00:00+00:00,59970.33,58207.93841497043
2026-09-14 21:00:00+00:00,2026-09-15 18:00:00+00:00,59428.82,56634.4848596738
2026-09-14 21:00:00+00:00,2026-09-15 19:00:00+00:00,56212.18,54193.8516582264
2026-09-14 21:00:00+00:00,2026-09-15 20:00:00+00:00,53095.8,50895.76849447292
2026-09-14 21:00:00+00:00,2026-09-15 21:00:00+00:00,49837.52,48072.09447648157
2026-09-15 21:00:00+00:00,2026-09-15 22:00:00+00:00,47323.99,47436.919172716734
2026-09-15 21:00:00+00:00,2026-09-15 23:00:00+00:00,45786.86,45595.924788194105
2026-09-15 21:00:00+00:00,2026-09-16 00:00:00+00:00,45102.03,44496.47635341264
2026-09-15 21:00:00+00:00,2026-09-16 01:00:00+00:00,44164.41,44550.15936560552
2026-09-15 21:00:00+00:00,2026-09-16 02:00:00+00:00,45222.11,45648.395388089346
2026-09-15 21:00:00+00:00,2026-09-16 03:00:00+00:00,48091.26,48747.89210279787
2026-09-15 21:00:00+00:00,2026-09-16 04:00:00+00:00,55136.36,54347.38635842668
2026-09-15 21:00:00+00:00,2026-09-16 05:00:00+00:00,58840.78,58058.526131875755
2026-09-15 21:00:00+00:00,2026-09-16 06:00:00+00:00,61998.88,61314.400416451426
2026-09-15 21:00:00+00:00,2026-09-16 07:00:00+00:00,63857.36,61645.27614195336
2026-09-15 21:00:00+00:00,2026-09-16 08:00:00+00:00,64739.71,61721.87628518973
2026-09-15 21:00:00+00:00,2026-09-16 09:00:00+00:00,64062.5,61593.12116570933
2026-09-15 21:00:00+00:00,2026-09-16 10:00:00+00:00,62871.79,60657.26969330764
2026-09-15 21:00:00+00:00,2026-09-16 11:00:00+00:00,62387.89,58960.4437257467
2026-09-15 21:00:00+00:00,2026-09-16 12:00:00+00:00,60546.47,57689.634153819075
2026-09-15 21:00:00+00:00,2026-09-16 13:00:00+00:00,60352.3,57065.00881899038
2026-09-15 21:00:00+00:00,2026-09-16 14:00:00+00:00,60534.21,57016.24497880045
2026-09-15 21:00:00+00:00,2026-09-16 15:00:00+00:00,61350.81,58231.57743403355
2026-09-15 21:00:00+00:00,2026-09-16 16:00:00+00:00,61250.46,59528.378945186414
2026-09-15 21:00:00+00:00,2026-09-16 17:00:00+00:00,60485.14,59077.10769235497
2026-09-15 21:00:00+00:00,2026-09-16 18:00:00+00:00,59008.53,57802.94298467804
2026-09-15 21:00:00+00:00,2026-09-16 19:00:00+00:00,55847.1,55096.82850158918
2026-09-15 21:00:00+00:00,2026-09-16 20:00:00+00:00,52396.99,51835.13410791126
2026-09-15 21:00:00+00:00,2026-09-16 21:00:00+00:00,48934.73,48905.89261827234
2026-09-16 21:00:00+00:00,2026-09-16 22:00:00+00:00,46881.69,46751.837630233786
2026-09-16 21:00:00+00:00,2026-09-16 23:00:00+00:00,45532.5,44953.07677143216
2026-09-16 21:00:00+00:00,2026-09-17 00:00:00+00:00,44728.84,44379.921857496905
2026-09-16 21:00:00+00:00,2026-09-17 01:00:00+00:00,44655.81,44495.37001938372
2026-09-16 21:00:00+00:00,2026-09-17 02:00:00+00:00,46034.8,45638.652928600386
2026-09-16 21:00:00+00:00,2026-09-17 03:00:00+00:00,49734.23,48869.91789591821
2026-09-16 21:00:00+00:00,2026-09-17 04:00:00+00:00,55172.17,55866.7443938916
2026-09-16 21:00:00+00:00,2026-09-17 05:00:00+00:00,58822.36,60578.14600509025
2026-09-16 21:00:00+00:00,2026-09-17 06:00:00+00:00,61892.22,62582.7460083411
2026-09-16 21:00:00+00:00,2026-09-17 07:00:00+00:00,61888.24,62734.919931162614
2026-09-16 21:00:00+00:00,2026-09-17 08:00:00+00:00,62164.13,62787.774139811445
2026-09-16 21:00:00+00:00,2026-09-17 09:00:00+00:00,61501.61,62572.40524306963
2026-09-16 21:00:00+00:00,2026-09-17 10:00:00+00:00,60660.86,61751.714399416356
2026-09-16 21:00:00+00:00,2026-09-17 11:00:00+00:00,59555.85,60764.13558360838
2026-09-16 21:00:00+00:00,2026-09-17 12:00:00+00:00,57354.28,59465.44416760622
2026-09-16 21:00:00+00:00,2026-09-17 13:00:00+00:00,56827.26,58499.32477313261
2026-09-16 21:00:00+00:00,2026-09-17 14:00:00+00:00,57403.47,58356.081922667836
2026-09-16 21:00:00+00:00,2026-09-17 15:00:00+00:00,58333.1,59714.61962560667
2026-09-16 21:00:00+00:00,2026-09-17 16:00:00+00:00,59822.53,60524.997439418104
2026-09-16 21:00:00+00:00,2026-09-17 17:00:00+00:00,60015.47,59911.45394502542
2026-09-16 21:00:00+00:00,2026-09-17 18:00:00+00:00,58269.85,58197.97760415011
2026-09-16 21:00:00+00:00,2026-09-17 19:00:00+00:00,56130.85,55305.64360048102
2026-09-16 21:00:00+00:00,2026-09-17 20:00:00+00:00,52597.0,52062.46019213718
2026-09-16 21:00:00+00:00,2026-09-17 21:00:00+00:00,49508.56,48925.191157568814
2026-09-17 21:00:00+00:00,2026-09-17 22:00:00+00:00,45556.21,46851.348454046994
2026-09-17 21:00:00+00:00,2026-09-17 23:00:00+00:00,43687.18,45003.41805397779
2026-09-17 21:00:00+00:00,2026-09-18 00:00:00+00:00,42748.32,44333.62681606874
2026-09-17 21:00:00+00:00,2026-09-18 01:00:00+00:00,43246.57,44516.775339642205
2026-09-17 21:00:00+00:00,2026-09-18 02:00:00+00:00,43829.15,45747.32346302082
2026-09-17 21:00:00+00:00,2026-09-18 03:00:00+00:00,46849.51,48886.90875509632
2026-09-17 21:00:00+00:00,2026-09-18 04:00:00+00:00,53933.48,55706.71999943258
2026-09-17 21:00:00+00:00,2026-09-18 05:00:00+00:00,57445.93,60044.43720418595
2026-09-17 21:00:00+00:00,2026-09-18 06:00:00+00:00,59510.76,62292.244026208165
2026-09-17 21:00:00+00:00,2026-09-18 07:00:00+00:00,61091.62,62270.77933179619
2026-09-17 21:00:00+00:00,2026-09-18 08:00:00+00:00,61856.08,62165.995557912625
2026-09-17 21:00:00+00:00,2026-09-18 09:00:00+00:00,60791.29,61778.91088584759
2026-09-17 21:00:00+00:00,2026-09-18 10:00:00+00:00,58878.6,60668.81949229395
2026-09-17 21:00:00+00:00,2026-09-18 11:00:00+00:00,58238.12,58633.98208875261
2026-09-17 21:00:00+00:00,2026-09-18 12:00:00+00:00,57210.95,56908.03777271421
2026-09-17 21:00:00+00:00,2026-09-18 13:00:00+00:00,56613.46,56305.32255171842
2026-09-17 21:00:00+00:00,2026-09-18 14:00:00+00:00,55347.52,56569.15227524247
2026-09-17 21:00:00+00:00,2026-09-18 15:00:00+00:00,54996.61,57412.11819000313
2026-09-17 21:00:00+00:00,2026-09-18 16:00:00+00:00,56092.06,58068.81350021685
2026-09-17 21:00:00+00:00,2026-09-18 17:00:00+00:00,55131.59,57206.32321865182
2026-09-17 21:00:00+00:00,2026-09-18 18:00:00+00:00,53868.24,55012.05270386867
2026-09-17 21:00:00+00:00,2026-09-18 19:00:00+00:00,50946.52,52694.72744114756
2026-09-17 21:00:00+00:00,2026-09-18 20:00:00+00:00,47212.13,49826.95985698664
2026-09-17 21:00:00+00:00,2026-09-18 21:00:00+00:00,44151.09,47106.503842356025
2026-09-18 21:00:00+00:00,2026-09-18 22:00:00+00:00,40764.96,41791.41461904536
2026-09-18 21:00:00+00:00,2026-09-18 23:00:00+00:00,40385.94,39940.59661095453
2026-09-18 21:00:00+00:00,2026-09-19 00:00:00+00:00,40253.06,38997.89985565341
2026-09-18 21:00:00+00:00,2026-09-19 01:00:00+00:00,40505.36,38688.67923882585
2026-09-18 21:00:00+00:00,2026-09-19 02:00:00+00:00,40780.57,38604.98020250941
2026-09-18 21:00:00+00:00,2026-09-19 03:00:00+00:00,40882.79,39497.81410932009
2026-09-18 21:00:00+00:00,2026-09-19 04:00:00+00:00,42574.91,41263.10765579185
2026-09-18 21:00:00+00:00,2026-09-19 05:00:00+00:00,44513.8,44062.59022019396
2026-09-18 21:00:00+00:00,2026-09-19 06:00:00+00:00,47948.58,47545.14712500013
2026-09-18 21:00:00+00:00,2026-09-19 07:00:00+00:00,49304.28,50634.29060311709
2026-09-18 21:00:00+00:00,2026-09-19 08:00:00+00:00,50911.3,51698.29211918938
2026-09-18 21:00:00+00:00,2026-09-19 09:00:00+00:00,51706.56,52370.77659289347
2026-09-18 21:00:00+00:00,2026-09-19 10:00:00+00:00,50125.84,51392.39392149018
2026-09-18 21:00:00+00:00,2026-09-19 11:00:00+00:00,48938.72,49722.908629797035
2026-09-18 21:00:00+00:00,2026-09-19 12:00:00+00:00,46603.96,47762.323436883045
2026-09-18 21:00:00+00:00,2026-09-19 13:00:00+00:00,46603.23,47263.72718099931
2026-09-18 21:00:00+00:00,2026-09-19 14:00:00+00:00,46521.03,47362.32400967976
2026-09-18 21:00:00+00:00,2026-09-19 15:00:00+00:00,49220.01,48214.23213240537
2026-09-18 21:00:00+00:00,2026-09-19 16:00:00+00:00,50039.0,48745.28070531541
2026-09-18 21:00:00+00:00,2026-09-19 17:00:00+00:00,48916.21,48551.20044772996
2026-09-18 21:00:00+00:00,2026-09-19 18:00:00+00:00,47947.03,47460.71095020524
2026-09-18 21:00:00+00:00,2026-09-19 19:00:00+00:00,45986.51,45652.74607215293
2026-09-18 21:00:00+00:00,2026-09-19 20:00:00+00:00,43949.72,44043.77777412784
2026-09-18 21:00:00+00:00,2026-09-19 21:00:00+00:00,41559.79,41746.57887701261
2026-09-19 21:00:00+00:00,2026-09-19 22:00:00+00:00,39617.03,39160.130964599
2026-09-19 21:00:00+00:00,2026-09-19 23:00:00+00:00,37160.11,37800.923583497235
2026-09-19 21:00:00+00:00,2026-09-20 00:00:00+00:00,35970.62,37054.55412801049
2026-09-19 21:00:00+00:00,2026-09-20 01:00:00+00:00,35362.72,37212.58290249904
2026-09-19 21:00:00+00:00,2026-09-20 02:00:00+00:00,35066.5,37405.75123774504
2026-09-19 21:00:00+00:00,2026-09-20 03:00:00+00:00,35567.57,37800.674263457644
2026-09-19 21:00:00+00:00,2026-09-20 04:00:00+00:00,37268.15,38910.34405789889
2026-09-19 21:00:00+00:00,2026-09-20 05:00:00+00:00,38494.49,40772.97740816399
2026-09-19 21:00:00+00:00,2026-09-20 06:00:00+00:00,42390.62,43343.5125049151
2026-09-19 21:00:00+00:00,2026-09-20 07:00:00+00:00,45483.58,45617.882128083336
2026-09-19 21:00:00+00:00,2026-09-20 08:00:00+00:00,48102.15,47202.440338612556
2026-09-19 21:00:00+00:00,2026-09-20 09:00:00+00:00,50212.89,48520.43286970301
2026-09-19 21:00:00+00:00,2026-09-20 10:00:00+00:00,49189.44,47807.12062567727
2026-09-19 21:00:00+00:00,2026-09-20 11:00:00+00:00,47781.29,46762.265033706135
2026-09-19 21:00:00+00:00,2026-09-20 12:00:00+00:00,46554.95,45181.51137465949
2026-09-19 21:00:00+00:00,2026-09-20 13:00:00+00:00,45558.48,44865.32582309225
2026-09-19 21:00:00+00:00,2026-09-20 14:00:00+00:00,46448.1,45817.61150249139
2026-09-19 21:00:00+00:00,2026-09-20 15:00:00+00:00,47091.89,48037.89100667837
2026-09-19 21:00:00+00:00,2026-09-20 16:00:00+00:00,49390.97,49989.65964872704
2026-09-19 21:00:00+00:00,2026-09-20 17:00:00+00:00,49479.41,50063.18992352514
2026-09-19 21:00:00+00:00,2026-09-20 18:00:00+00:00,48118.46,49149.929158927625
2026-09-19 21:00:00+00:00,2026-09-20 19:00:00+00:00,45694.82,48005.637193250404
2026-09-19 21:00:00+00:00,2026-09-20 20:00:00+00:00,44781.24,46603.69573093166
2026-09-19 21:00:00+00:00,2026-09-20 21:00:00+00:00,42757.64,44022.488938047034
2026-09-20 21:00:00+00:00,2026-09-20 22:00:00+00:00,40327.13,41481.99822415119
2026-09-20 21:00:00+00:00,2026-09-20 23:00:00+00:00,39431.79,40315.64279616952
2026-09-20 21:00:00+00:00,2026-09-21 00:00:00+00:00,39360.23,39582.818167257465
2026-09-20 21:00:00+00:00,2026-09-21 01:00:00+00:00,39377.03,40245.25619596974
2026-09-20 21:00:00+00:00,2026-09-21 02:00:00+00:00,40299.83,41384.68663622339
2026-09-20 21:00:00+00:00,2026-09-21 03:00:00+00:00,43593.68,45245.086169473565
2026-09-20 21:00:00+00:00,2026-09-21 04:00:00+00:00,50830.06,52310.29997269159
2026-09-20 21:00:00+00:00,2026-09-21 05:00:00+00:00,54769.46,57460.2534413043
2026-09-20 21:00:00+00:00,2026-09-21 06:00:00+00:00,57261.96,60722.61962711579
2026-09-20 21:00:00+00:00,2026-09-21 07:00:00+00:00,58999.06,61119.148065718065
2026-09-20 21:00:00+00:00,2026-09-21 08:00:00+00:00,60844.35,61694.36550261287
2026-09-20 21:00:00+00:00,2026-09-21 09:00:00+00:00,60912.78,61943.54375381159
2026-09-20 21:00:00+00:00,2026-09-21 10:00:00+00:00,59771.81,61467.84691653344
2026-09-20 21:00:00+00:00,2026-09-21 11:00:00+00:00,59149.34,60261.67503812608
2026-09-20 21:00:00+00:00,2026-09-21 12:00:00+00:00,56368.1,58955.26340704516
2026-09-20 21:00:00+00:00,2026-09-21 13:00:00+00:00,55553.87,58196.220366498594
2026-09-20 21:00:00+00:00,2026-09-21 14:00:00+00:00,55638.02,58183.513954225666
2026-09-20 21:00:00+00:00,2026-09-21 15:00:00+00:00,55618.64,59238.21506755952
2026-09-20 21:00:00+00:00,2026-09-21 16:00:00+00:00,57777.08,60140.54126913346
2026-09-20 21:00:00+00:00,2026-09-21 17:00:00+00:00,58286.09,59693.81610293507
2026-09-20 21:00:00+00:00,2026-09-21 18:00:00+00:00,55762.33,58154.22785452251
2026-09-20 21:00:00+00:00,2026-09-21 19:00:00+00:00,52692.43,55384.47731082443
2026-09-20 21:00:00+00:00,2026-09-21 20:00:00+00:00,49251.02,51938.60559619075
2026-09-20 21:00:00+00:00,2026-09-21 21:00:00+00:00,46555.98,48562.54283509534
2026-09-21 21:00:00+00:00,2026-09-21 22:00:00+00:00,45570.53,44329.90551897976
2026-09-21 21:00:00+00:00,2026-09-21 23:00:00+00:00,43971.15,43134.790650845425
2026-09-21 21:00:00+00:00,2026-09-22 00:00:00+00:00,43144.47,42527.64592219053
2026-09-21 21:00:00+00:00,2026-09-22 01:00:00+00:00,42903.68,42877.849604473195
2026-09-21 21:00:00+00:00,2026-09-22 02:00:00+00:00,44116.92,44036.22927607636
2026-09-21 21:00:00+00:00,2026-09-22 03:00:00+00:00,47740.34,47611.58006085954
2026-09-21 21:00:00+00:00,2026-09-22 04:00:00+00:00,55009.35,53719.99516616349
2026-09-21 21:00:00+00:00,2026-09-22 05:00:00+00:00,57821.54,58034.73441553366
2026-09-21 21:00:00+00:00,2026-09-22 06:00:00+00:00,60371.57,60558.278431244704
2026-09-21 21:00:00+00:00,2026-09-22 07:00:00+00:00,60988.2,60813.15285433111
2026-09-21 21:00:00+00:00,2026-09-22 08:00:00+00:00,60145.43,61218.88025024861
2026-09-21 21:00:00+00:00,2026-09-22 09:00:00+00:00,57393.66,61440.93072062674
2026-09-21 21:00:00+00:00,2026-09-22 10:00:00+00:00,56093.85,60559.76053011852
2026-09-21 21:00:00+00:00,2026-09-22 11:00:00+00:00,55251.3,59294.69755747201
2026-09-21 21:00:00+00:00,2026-09-22 12:00:00+00:00,53336.24,58004.18613825504
2026-09-21 21:00:00+00:00,2026-09-22 13:00:00+00:00,52116.83,57261.20605593809
2026-09-21 21:00:00+00:00,2026-09-22 14:00:00+00:00,53753.3,57103.50092193945
2026-09-21 21:00:00+00:00,2026-09-22 15:00:00+00:00,55989.32,57742.62526477057
2026-09-21 21:00:00+00:00,2026-09-22 16:00:00+00:00,57548.96,58701.2901003406
2026-09-21 21:00:00+00:00,2026-09-22 17:00:00+00:00,57620.4,57913.7685660967
2026-09-21 21:00:00+00:00,2026-09-22 18:00:00+00:00,56187.97,56556.407055141935
2026-09-21 21:00:00+00:00,2026-09-22 19:00:00+00:00,53362.15,54193.40213458843
2026-09-21 21:00:00+00:00,2026-09-22 20:00:00+00:00,49831.66,51064.828674738375
2026-09-21 21:00:00+00:00,2026-09-22 21:00:00+00:00,47670.07,47860.64875590134
2026-09-22 21:00:00+00:00,2026-09-22 22:00:00+00:00,44667.16,45599.11518139703
2026-09-22 21:00:00+00:00,2026-09-22 23:00:00+00:00,43667.57,44132.772050199994
2026-09-22 21:00:00+00:00,2026-09-23 00:00:00+00:00,43823.03,43397.97566896793
2026-09-22 21:00:00+00:00,2026-09-23 01:00:00+00:00,44151.28,43461.09993026669
2026-09-22 21:00:00+00:00,2026-09-23 02:00:00+00:00,45175.49,44485.97747441382
2026-09-22 21:00:00+00:00,2026-09-23 03:00:00+00:00,48186.92,47682.58627715661
2026-09-22 21:00:00+00:00,2026-09-23 04:00:00+00:00,54672.14,55201.22926419174
2026-09-22 21:00:00+00:00,2026-09-23 05:00:00+00:00,57977.44,59157.76708927284
2026-09-22 21:00:00+00:00,2026-09-23 06:00:00+00:00,61537.19,61896.04492294984
2026-09-22 21:00:00+00:00,2026-09-23 07:00:00+00:00,61463.15,62238.5383606442
2026-09-22 21:00:00+00:00,2026-09-23 08:00:00+00:00,59992.94,62443.59342749921
2026-09-22 21:00:00+00:00,2026-09-23 09:00:00+00:00,58206.38,62275.944730284486
2026-09-22 21:00:00+00:00,2026-09-23 10:00:00+00:00,57055.33,61633.91499505116
2026-09-22 21:00:00+00:00,2026-09-23 11:00:00+00:00,56051.91,60788.03319819432
2026-09-22 21:00:00+00:00,2026-09-23 12:00:00+00:00,53893.89,59609.83467687508
2026-09-22 21:00:00+00:00,2026-09-23 13:00:00+00:00,53370.84,58788.16584172446
2026-09-22 21:00:00+00:00,2026-09-23 14:00:00+00:00,54452.18,58648.376941508985
2026-09-22 21:00:00+00:00,2026-09-23 15:00:00+00:00,57662.55,59607.031539729345
2026-09-22 21:00:00+00:00,2026-09-23 16:00:00+00:00,59652.45,60381.41438561164
2026-09-22 21:00:00+00:00,2026-09-23 17:00:00+00:00,60910.67,59928.87599211578
2026-09-22 21:00:00+00:00,2026-09-23 18:00:00+00:00,60428.83,58278.82970411723
2026-09-22 21:00:00+00:00,2026-09-23 19:00:00+00:00,55266.86,55507.496494912746
2026-09-22 21:00:00+00:00,2026-09-23 20:00:00+00:00,50886.46,52304.77515693908
2026-09-22 21:00:00+00:00,2026-09-23 21:00:00+00:00,48061.12,49168.23638888715
2026-09-23 21:00:00+00:00,2026-09-23 22:00:00+00:00,45608.92,45760.30473745355
2026-09-23 21:00:00+00:00,2026-09-23 23:00:00+00:00,43615.17,44388.52293617773
2026-09-23 21:00:00+00:00,2026-09-24 00:00:00+00:00,43265.66,43823.97361559283
2026-09-23 21:00:00+00:00,2026-09-24 01:00:00+00:00,43834.69,43742.12577722505
2026-09-23 21:00:00+00:00,2026-09-24 02:00:00+00:00,44539.75,44563.76519641033
2026-09-23 21:00:00+00:00,2026-09-24 03:00:00+00:00,46615.54,48018.46750727767
2026-09-23 21:00:00+00:00,2026-09-24 04:00:00+00:00,53701.0,55314.407074256465
2026-09-23 21:00:00+00:00,2026-09-24 05:00:00+00:00,56610.39,59036.94958069399
2026-09-23 21:00:00+00:00,2026-09-24 06:00:00+00:00,59133.25,61917.85881847793
2026-09-23 21:00:00+00:00,2026-09-24 07:00:00+00:00,61137.39,62427.75111028484
2026-09-23 21:00:00+00:00,2026-09-24 08:00:00+00:00,61790.98,62073.32758608137
2026-09-23 21:00:00+00:00,2026-09-24 09:00:00+00:00,62347.24,61737.278975139554
2026-09-23 21:00:00+00:00,2026-09-24 10:00:00+00:00,61819.07,60548.850850144394
2026-09-23 21:00:00+00:00,2026-09-24 11:00:00+00:00,61787.61,59267.66217463894
2026-09-23 21:00:00+00:00,2026-09-24 12:00:00+00:00,60407.95,57902.937601739235
2026-09-23 21:00:00+00:00,2026-09-24 13:00:00+00:00,59602.33,57105.415924423665
2026-09-23 21:00:00+00:00,2026-09-24 14:00:00+00:00,57480.94,57269.98383311984
2026-09-23 21:00:00+00:00,2026-09-24 15:00:00+00:00,58653.68,58626.1271565032
2026-09-23 21:00:00+00:00,2026-09-24 16:00:00+00:00,59537.11,59439.967771403375
2026-09-23 21:00:00+00:00,2026-09-24 17:00:00+00:00,59940.04,59299.69862832116
2026-09-23 21:00:00+00:00,2026-09-24 18:00:00+00:00,57368.89,58125.506082931875
2026-09-23 21:00:00+00:00,2026-09-24 19:00:00+00:00,54567.54,55536.34045784959
2026-09-23 21:00:00+00:00,2026-09-24 20:00:00+00:00,51608.21,52184.54202279145
2026-09-23 21:00:00+00:00,2026-09-24 21:00:00+00:00,48239.75,49013.33433131509
2026-09-24 21:00:00+00:00,2026-09-24 22:00:00+00:00,45946.16,45675.34109788214
2026-09-24 21:00:00+00:00,2026-09-24 23:00:00+00:00,44723.04,44136.34267413654
2026-09-24 21:00:00+00:00,2026-09-25 00:00:00+00:00,43745.69,43243.85153924736
2026-09-24 21:00:00+00:00,2026-09-25 01:00:00+00:00,43435.65,43235.345229583814
2026-09-24 21:00:00+00:00,2026-09-25 02:00:00+00:00,44817.57,44004.95310184545
2026-09-24 21:00:00+00:00,2026-09-25 03:00:00+00:00,47738.71,46936.96652484204
2026-09-24 21:00:00+00:00,2026-09-25 04:00:00+00:00,54625.1,53344.89191779085
2026-09-24 21:00:00+00:00,2026-09-25 05:00:00+00:00,58290.22,57708.73221624139
2026-09-24 21:00:00+00:00,2026-09-25 06:00:00+00:00,62346.68,60327.06223935463
2026-09-24 21:00:00+00:00,2026-09-25 07:00:00+00:00,62918.51,60653.6166923264
2026-09-24 21:00:00+00:00,2026-09-25 08:00:00+00:00,60858.21,60310.18007606839
2026-09-24 21:00:00+00:00,2026-09-25 09:00:00+00:00,59633.56,60353.4648610068
2026-09-24 21:00:00+00:00,2026-09-25 10:00:00+00:00,56558.14,59313.97878028583
2026-09-24 21:00:00+00:00,2026-09-25 11:00:00+00:00,55597.41,58208.312243911554
2026-09-24 21:00:00+00:00,2026-09-25 12:00:00+00:00,53694.61,56831.48142452641
2026-09-24 21:00:00+00:00,2026-09-25 13:00:00+00:00,52093.88,56367.82741058531
2026-09-24 21:00:00+00:00,2026-09-25 14:00:00+00:00,52866.65,56462.28868689966
2026-09-24 21:00:00+00:00,2026-09-25 15:00:00+00:00,55109.7,57109.95899746193
2026-09-24 21:00:00+00:00,2026-09-25 16:00:00+00:00,56147.46,57301.798317700035
2026-09-24 21:00:00+00:00,2026-09-25 17:00:00+00:00,56380.0,56538.715613467946
2026-09-24 21:00:00+00:00,2026-09-25 18:00:00+00:00,55487.16,54442.11317611835
2026-09-24 21:00:00+00:00,2026-09-25 19:00:00+00:00,52369.0,51822.87699906161
2026-09-24 21:00:00+00:00,2026-09-25 20:00:00+00:00,48891.11,48993.758920419066
2026-09-24 21:00:00+00:00,2026-09-25 21:00:00+00:00,45957.3,46630.93248732424
2026-09-25 21:00:00+00:00,2026-09-25 22:00:00+00:00,42922.86,43138.61277938903
2026-09-25 21:00:00+00:00,2026-09-25 23:00:00+00:00,41215.54,41446.332047119795
2026-09-25 21:00:00+00:00,2026-09-26 00:00:00+00:00,39829.26,40353.5573258835
2026-09-25 21:00:00+00:00,2026-09-26 01:00:00+00:00,39543.72,40314.954893201575
2026-09-25 21:00:00+00:00,2026-09-26 02:00:00+00:00,39909.15,40708.18440587997
2026-09-25 21:00:00+00:00,2026-09-26 03:00:00+00:00,40675.15,41502.324392361355
2026-09-25 21:00:00+00:00,2026-09-26 04:00:00+00:00,42399.82,43270.37294128873
2026-09-25 21:00:00+00:00,2026-09-26 05:00:00+00:00,44132.01,45534.37438218894
2026-09-25 21:00:00+00:00,2026-09-26 06:00:00+00:00,47726.57,48480.82065659205
2026-09-25 21:00:00+00:00,2026-09-26 07:00:00+00:00,49479.28,50393.27763309389
2026-09-25 21:00:00+00:00,2026-09-26 08:00:00+00:00,50897.1,51308.30132053074
2026-09-25 21:00:00+00:00,2026-09-26 09:00:00+00:00,49684.84,52190.22775935705
2026-09-25 21:00:00+00:00,2026-09-26 10:00:00+00:00,49341.1,51427.617243595596
2026-09-25 21:00:00+00:00,2026-09-26 11:00:00+00:00,48569.71,49919.08862510624
2026-09-25 21:00:00+00:00,2026-09-26 12:00:00+00:00,46056.47,48253.994860867824
2026-09-25 21:00:00+00:00,2026-09-26 13:00:00+00:00,45431.63,47460.727058514545
2026-09-25 21:00:00+00:00,2026-09-26 14:00:00+00:00,47186.34,47620.43022918521
2026-09-25 21:00:00+00:00,2026-09-26 15:00:00+00:00,49604.08,49093.138566301976
2026-09-25 21:00:00+00:00,2026-09-26 16:00:00+00:00,50660.72,50056.024010640875
2026-09-25 21:00:00+00:00,2026-09-26 17:00:00+00:00,50187.05,49431.35004080571
2026-09-25 21:00:00+00:00,2026-09-26 18:00:00+00:00,48156.69,48427.474076125225
2026-09-25 21:00:00+00:00,2026-09-26 19:00:00+00:00,46281.47,46693.40571274269
2026-09-25 21:00:00+00:00,2026-09-26 20:00:00+00:00,44610.59,44897.039241864855
2026-09-25 21:00:00+00:00,2026-09-26 21:00:00+00:00,42306.89,42582.46014511382
2026-09-26 21:00:00+00:00,2026-09-26 22:00:00+00:00,39190.42,40371.91179383627
2026-09-26 21:00:00+00:00,2026-09-26 23:00:00+00:00,37659.87,38606.51041044476
2026-09-26 21:00:00+00:00,2026-09-27 00:00:00+00:00,36405.27,37370.85395936735
2026-09-26 21:00:00+00:00,2026-09-27 01:00:00+00:00,35977.73,36812.04661013856
2026-09-26 21:00:00+00:00,2026-09-27 02:00:00+00:00,35991.12,36332.86879153192
2026-09-26 21:00:00+00:00,2026-09-27 03:00:00+00:00,36903.34,36756.13167560765
2026-09-26 21:00:00+00:00,2026-09-27 04:00:00+00:00,38473.28,37708.726858549504
2026-09-26 21:00:00+00:00,2026-09-27 05:00:00+00:00,39977.01,38854.29575360489
2026-09-26 21:00:00+00:00,2026-09-27 06:00:00+00:00,41793.03,42014.37818877961
2026-09-26 21:00:00+00:00,2026-09-27 07:00:00+00:00,44385.26,44626.26090111021
2026-09-26 21:00:00+00:00,2026-09-27 08:00:00+00:00,46917.3,46389.7076894884
2026-09-26 21:00:00+00:00,2026-09-27 09:00:00+00:00,47789.56,47668.44274967799
2026-09-26 21:00:00+00:00,2026-09-27 10:00:00+00:00,46483.48,47340.12996839313
2026-09-26 21:00:00+00:00,2026-09-27 11:00:00+00:00,44769.8,46153.67106201133
2026-09-26 21:00:00+00:00,2026-09-27 12:00:00+00:00,42648.09,44750.10558280698
2026-09-26 21:00:00+00:00,2026-09-27 13:00:00+00:00,41706.09,44370.43034444822
2026-09-26 21:00:00+00:00,2026-09-27 14:00:00+00:00,42160.05,45440.198830766785
2026-09-26 21:00:00+00:00,2026-09-27 15:00:00+00:00,44335.94,47581.356246071
2026-09-26 21:00:00+00:00,2026-09-27 16:00:00+00:00,47575.4,49417.228818996606
2026-09-26 21:00:00+00:00,2026-09-27 17:00:00+00:00,49319.42,50017.01587220749
2026-09-26 21:00:00+00:00,2026-09-27 18:00:00+00:00,48122.15,49188.896899955325
2026-09-26 21:00:00+00:00,2026-09-27 19:00:00+00:00,46816.51,48097.79014625152
2026-09-26 21:00:00+00:00,2026-09-27 20:00:00+00:00,45554.52,46801.30847619155
2026-09-26 21:00:00+00:00,2026-09-27 21:00:00+00:00,43772.85,44462.00905786071
2026-09-27 21:00:00+00:00,2026-09-27 22:00:00+00:00,41302.14,41668.73202811894
2026-09-27 21:00:00+00:00,2026-09-27 23:00:00+00:00,40098.0,40228.07011340573
2026-09-27 21:00:00+00:00,2026-09-28 00:00:00+00:00,39985.06,39425.252177438684
2026-09-27 21:00:00+00:00,2026-09-28 01:00:00+00:00,40088.64,39409.80871531702
2026-09-27 21:00:00+00:00,2026-09-28 02:00:00+00:00,41399.37,40247.31019541073
2026-09-27 21:00:00+00:00,2026-09-28 03:00:00+00:00,45801.01,43007.98620251104
2026-09-27 21:00:00+00:00,2026-09-28 04:00:00+00:00,53220.4,48856.76436560843
2026-09-27 21:00:00+00:00,2026-09-28 05:00:00+00:00,56704.54,54404.931177753984
2026-09-27 21:00:00+00:00,2026-09-28 06:00:00+00:00,59255.44,57603.28300812022
2026-09-27 21:00:00+00:00,2026-09-28 07:00:00+00:00,60921.3,59279.54160607604
2026-09-27 21:00:00+00:00,2026-09-28 08:00:00+00:00,61559.05,59971.209355207066
2026-09-27 21:00:00+00:00,2026-09-28 09:00:00+00:00,59776.12,59880.558967525714
2026-09-27 21:00:00+00:00,2026-09-28 10:00:00+00:00,58364.2,59005.898236975736
2026-09-27 21:00:00+00:00,2026-09-28 11:00:00+00:00,58636.03,58137.29321239955
2026-09-27 21:00:00+00:00,2026-09-28 12:00:00+00:00,57297.21,56795.0506486067
2026-09-27 21:00:00+00:00,2026-09-28 13:00:00+00:00,56377.7,56131.21987496138
2026-09-27 21:00:00+00:00,2026-09-28 14:00:00+00:00,57199.22,55504.72928329004
2026-09-27 21:00:00+00:00,2026-09-28 15:00:00+00:00,58289.07,56098.617285016226
2026-09-27 21:00:00+00:00,2026-09-28 16:00:00+00:00,59301.72,56484.25860486972
2026-09-27 21:00:00+00:00,2026-09-28 17:00:00+00:00,59227.25,56561.31322574616
2026-09-27 21:00:00+00:00,2026-09-28 18:00:00+00:00,56732.24,54804.58076685064
2026-09-27 21:00:00+00:00,2026-09-28 19:00:00+00:00,53061.43,52570.653787400224
2026-09-27 21:00:00+00:00,2026-09-28 20:00:00+00:00,49831.52,49466.58770626362
2026-09-27 21:00:00+00:00,2026-09-28 21:00:00+00:00,46802.28,46732.4086397853
2026-09-28 21:00:00+00:00,2026-09-28 22:00:00+00:00,44615.24,44380.25074595771
2026-09-28 21:00:00+00:00,2026-09-28 23:00:00+00:00,43409.01,43049.14762319597
2026-09-28 21:00:00+00:00,2026-09-29 00:00:00+00:00,42712.11,42221.42117231884
2026-09-28 21:00:00+00:00,2026-09-29 01:00:00+00:00,43208.71,42339.7671729959
2026-09-28 21:00:00+00:00,2026-09-29 02:00:00+00:00,44859.52,43612.06061155977
2026-09-28 21:00:00+00:00,2026-09-29 03:00:00+00:00,48979.28,46695.69198606992
2026-09-28 21:00:00+00:00,2026-09-29 04:00:00+00:00,54965.12,53119.92361129149
2026-09-28 21:00:00+00:00,2026-09-29 05:00:00+00:00,58717.25,57654.891746840505
2026-09-28 21:00:00+00:00,2026-09-29 06:00:00+00:00,61103.62,60330.701454601054
2026-09-28 21:00:00+00:00,2026-09-29 07:00:00+00:00,61065.42,60715.477661542864
2026-09-28 21:00:00+00:00,2026-09-29 08:00:00+00:00,60358.1,60463.662948664634
2026-09-28 21:00:00+00:00,2026-09-29 09:00:00+00:00,59917.5,60069.64492722756
2026-09-28 21:00:00+00:00,2026-09-29 10:00:00+00:00,59624.79,59049.42363933716
2026-09-28 21:00:00+00:00,2026-09-29 11:00:00+00:00,60254.92,57880.16837159105
2026-09-28 21:00:00+00:00,2026-09-29 12:00:00+00:00,58028.5,56657.7493000003
2026-09-28 21:00:00+00:00,2026-09-29 13:00:00+00:00,57756.65,55911.834679369655
2026-09-28 21:00:00+00:00,2026-09-29 14:00:00+00:00,57681.91,55746.49608893943
2026-09-28 21:00:00+00:00,2026-09-29 15:00:00+00:00,58018.47,56823.48973354993
2026-09-28 21:00:00+00:00,2026-09-29 16:00:00+00:00,58274.37,58039.41635851903
2026-09-28 21:00:00+00:00,2026-09-29 17:00:00+00:00,58750.77,57971.99816823774
2026-09-28 21:00:00+00:00,2026-09-29 18:00:00+00:00,55830.3,56676.51039481014
2026-09-28 21:00:00+00:00,2026-09-29 19:00:00+00:00,52893.32,53831.78695547965
2026-09-28 21:00:00+00:00,2026-09-29 20:00:00+00:00,49139.01,50440.71401179637
2026-09-28 21:00:00+00:00,2026-09-29 21:00:00+00:00,45981.69,47438.18517903619
